date,year,month,day,dayofweek,is_weekend,season,city,region,latitude,longitude,elevation,tmin,tmax,tavg,prcp,wspd,humidity,pressure,dew_point,cloud_cover,visibility,temp_range,is_hot_day,is_cold_day,rainfall_intensity,wind_category
2024-09-10 00:00:00+05:00,2024,9,10,1,False,Autumn,Islamabad,Punjab,33.6844,73.0479,527.0,26.179,30.979,28.897753,0.0,8.211941,68.2575,945.0113,22.389418,18.791666,,4.799999,False,False,No Rain,Calm
2024-09-10 00:00:00+05:00,2024,9,10,1,False,Autumn,Islamabad,Punjab,33.6844,73.0479,527.0,24.779001,31.379002,27.991503,0.3,7.761715,68.551605,945.4111,21.499832,11.25,,6.6000004,False,False,Light,Calm
2024-09-10 00:00:00+05:00,2024,9,10,1,False,Autumn,Islamabad,Punjab,33.6844,73.0479,527.0,24.879002,31.979,28.283167,0.0,10.308083,63.317,943.0109,20.545668,0.20833333,,7.0999985,False,False,No Rain,Breezy
2024-09-10 00:00:00+05:00,2024,9,10,1,False,Autumn,Islamabad,Punjab,33.6844,73.0479,527.0,23.579,31.579,27.916502,0.1,8.916098,71.733406,942.66846,22.199837,7.4583335,,8.0,False,False,Light,Calm
2024-09-10 00:00:00+05:00,2024,9,10,1,False,Autumn,Islamabad,Punjab,33.6844,73.0479,527.0,21.979,27.979,24.743584,19.000002,10.648641,82.06168,944.9676,21.404001,39.291668,,6.0,False,False,Moderate,Breezy
2024-09-10 00:00:00+05:00,2024,9,10,1,False,Autumn,Islamabad,Punjab,33.6844,73.0479,527.0,19.579,30.529001,26.293581,1.0,8.038716,69.60531,946.0826,19.987337,8.083333,,10.950001,False,False,Light,Calm
2024-09-10 00:00:00+05:00,2024,9,10,1,False,Autumn,Islamabad,Punjab,33.6844,73.0479,527.0,24.879002,31.079,28.349836,0.0,6.32696,56.622513,947.4263,18.718582,4.6666665,,6.199999,False,False,No Rain,Calm
2024-09-10 00:00:00+05:00,2024,9,10,1,False,Autumn,Islamabad,Punjab,33.6844,73.0479,527.0,25.729,30.379002,27.78317,0.0,7.3480988,62.169525,948.81323,19.816502,19.166666,,4.6500015,False,False,No Rain,Calm
2024-09-10 00:00:00+05:00,2024,9,10,1,False,Autumn,Islamabad,Punjab,33.6844,73.0479,527.0,23.629002,31.679,27.95817,0.0,5.816567,57.861267,948.7028,18.722752,0.45833334,,8.049999,False,False,No Rain,Calm
2024-09-10 00:00:00+05:00,2024,9,10,1,False,Autumn,Islamabad,Punjab,33.6844,73.0479,527.0,23.779001,32.679,27.824837,0.0,8.045147,64.67105,948.98663,20.414421,1.3333334,,8.9,False,False,No Rain,Calm
2024-09-10 00:00:00+05:00,2024,9,10,1,False,Autumn,Islamabad,Punjab,33.6844,73.0479,527.0,23.529001,33.129,28.431086,0.0,5.561832,59.729107,947.7083,19.558172,0.875,,9.6,False,False,No Rain,Calm
2024-09-10 00:00:00+05:00,2024,9,10,1,False,Autumn,Islamabad,Punjab,33.6844,73.0479,527.0,25.229,32.729,28.841501,0.0,8.09146,64.60973,948.8267,21.349836,0.0,,7.5,False,False,No Rain,Calm
2024-09-10 00:00:00+05:00,2024,9,10,1,False,Autumn,Islamabad,Punjab,33.6844,73.0479,527.0,26.329,33.379,29.572748,0.0,7.0648713,65.1836,948.69135,22.151917,0.0,,7.050001,False,False,No Rain,Calm
2024-09-10 00:00:00+05:00,2024,9,10,1,False,Autumn,Islamabad,Punjab,33.6844,73.0479,527.0,26.729,34.079002,30.370674,0.0,6.031784,59.176777,948.82697,21.283167,0.041666668,,7.3500023,False,False,No Rain,Calm
2024-09-10 00:00:00+05:00,2024,9,10,1,False,Autumn,Islamabad,Punjab,33.6844,73.0479,527.0,26.429,34.379,30.48317,0.0,7.1290755,60.150803,947.07855,21.693583,0.083333336,,7.950001,False,False,No Rain,Calm
2024-09-10 00:00:00+05:00,2024,9,10,1,False,Autumn,Islamabad,Punjab,33.6844,73.0479,527.0,27.829,34.179,30.735252,0.0,9.210599,59.04362,946.9532,21.674833,6.1666665,,6.3500004,False,False,No Rain,Calm
2024-09-10 00:00:00+05:00,2024,9,10,1,False,Autumn,Islamabad,Punjab,33.6844,73.0479,527.0,24.529001,32.029,28.370668,4.9999995,12.66048,69.28185,947.1631,22.126915,37.083332,,7.499998,False,False,Light,Breezy
2024-09-10 00:00:00+05:00,2024,9,10,1,False,Autumn,Islamabad,Punjab,33.6844,73.0479,527.0,22.279001,27.429,24.33525,46.5,9.405793,84.44577,947.4255,21.499832,53.333332,,5.1499996,False,False,Heavy,Calm
2024-09-10 00:00:00+05:00,2024,9,10,1,False,Autumn,Islamabad,Punjab,33.6844,73.0479,527.0,20.429,28.429,24.604002,5.0,9.336676,77.56704,948.7802,20.216501,26.25,,8.0,False,False,Moderate,Calm
2024-09-10 00:00:00+05:00,2024,9,10,1,False,Autumn,Islamabad,Punjab,33.6844,73.0479,527.0,22.979,28.429,25.735252,0.1,7.052609,74.8194,951.8427,20.84775,10.833333,,5.450001,False,False,Light,Calm
2024-09-10 00:00:00+05:00,2024,9,10,1,False,Autumn,Islamabad,Punjab,33.6844,73.0479,527.0,22.679,30.229,26.058168,0.0,10.179276,71.93604,950.5639,20.481085,0.5416667,,7.549999,False,False,No Rain,Breezy
2024-09-10 00:00:00+05:00,2024,9,10,1,False,Autumn,Islamabad,Punjab,33.6844,73.0479,527.0,22.829,31.079,26.85192,0.0,7.442531,60.812122,947.3482,18.337334,0.125,,8.25,False,False,No Rain,Calm
2024-09-10 00:00:00+05:00,2024,9,10,1,False,Autumn,Islamabad,Punjab,33.6844,73.0479,527.0,24.129002,31.279001,28.20817,0.0,5.3284626,51.08606,947.6145,16.679,0.083333336,,7.1499996,False,False,No Rain,Calm
2024-09-10 00:00:00+05:00,2024,9,10,1,False,Autumn,Islamabad,Punjab,33.6844,73.0479,527.0,23.479,31.379002,27.735254,0.0,5.7941093,55.207485,946.5525,17.772749,0.29166666,,7.9000015,False,False,No Rain,Calm
2024-09-10 00:00:00+05:00,2024,9,10,1,False,Autumn,Islamabad,Punjab,33.6844,73.0479,527.0,24.129002,31.529001,27.149834,0.0,6.9383526,59.933426,947.4714,18.479,12.708333,,7.3999996,False,False,No Rain,Calm
2024-09-10 00:00:00+05:00,2024,9,10,1,False,Autumn,Islamabad,Punjab,33.6844,73.0479,527.0,22.729,30.629002,25.683168,0.0,8.570115,69.08535,949.88916,19.41442,42.875,,7.9000015,False,False,No Rain,Calm
2024-09-10 00:00:00+05:00,2024,9,10,1,False,Autumn,Islamabad,Punjab,33.6844,73.0479,527.0,18.829,29.129002,24.104002,0.0,7.2454934,69.63612,953.7996,17.874838,1.875,,10.300001,False,False,No Rain,Calm
2024-09-10 00:00:00+05:00,2024,9,10,1,False,Autumn,Islamabad,Punjab,33.6844,73.0479,527.0,19.879002,29.529001,24.556082,0.0,9.45827,61.2646,955.0076,16.424835,38.291668,,9.65,False,False,No Rain,Calm
2024-09-10 00:00:00+05:00,2024,9,10,1,False,Autumn,Islamabad,Punjab,33.6844,73.0479,527.0,18.679,27.329,22.168585,7.2,10.378535,71.30015,955.42267,16.520666,43.041668,,8.65,False,False,Moderate,Breezy
2024-09-10 00:00:00+05:00,2024,9,10,1,False,Autumn,Islamabad,Punjab,33.6844,73.0479,527.0,17.879002,27.279001,22.320665,0.0,9.053012,68.6993,953.2581,15.970669,2.875,,9.4,False,False,No Rain,Calm
2024-09-10 00:00:00+05:00,2024,9,10,1,False,Autumn,Islamabad,Punjab,33.6844,73.0479,527.0,18.629002,27.479,22.937334,0.0,8.804199,57.9451,952.0332,14.008164,0.8333333,,8.849998,False,False,No Rain,Calm
2024-09-10 00:00:00+05:00,2024,9,10,1,False,Autumn,Islamabad,Punjab,33.6844,73.0479,527.0,19.679,28.279001,24.024836,0.0,9.39214,51.458893,951.6219,13.029,0.20833333,,8.6,False,False,No Rain,Calm
2024-09-10 00:00:00+05:00,2024,9,10,1,False,Autumn,Islamabad,Punjab,33.6844,73.0479,527.0,22.879002,28.929,25.49775,0.0,5.5494742,46.57629,951.8754,12.945666,0.0,,6.049999,False,False,No Rain,Calm
2024-09-10 00:00:00+05:00,2024,9,10,1,False,Autumn,Islamabad,Punjab,33.6844,73.0479,527.0,21.979,29.279001,25.585249,0.0,5.8715434,52.96475,952.8335,15.126918,0.6666667,,7.300001,False,False,No Rain,Calm
2024-09-10 00:00:00+05:00,2024,9,10,1,False,Autumn,Islamabad,Punjab,33.6844,73.0479,527.0,21.179,28.979,24.97692,0.0,7.0854077,54.38087,953.82324,14.858167,7.8333335,,7.799999,False,False,No Rain,Calm
2024-09-10 00:00:00+05:00,2024,9,10,1,False,Autumn,Islamabad,Punjab,33.6844,73.0479,527.0,20.179,29.529001,24.53525,0.0,7.84514,54.685093,952.28485,14.370667,0.041666668,,9.35,False,False,No Rain,Calm
2024-09-10 00:00:00+05:00,2024,9,10,1,False,Autumn,Islamabad,Punjab,33.6844,73.0479,527.0,20.329,29.929,25.343588,0.0,7.4630184,47.84226,950.8425,13.258166,0.29166666,,9.6,False,False,No Rain,Calm
2024-09-10 00:00:00+05:00,2024,9,10,1,False,Autumn,Islamabad,Punjab,33.6844,73.0479,527.0,21.829,29.079,24.98942,0.0,7.718185,52.78885,952.1621,14.437332,1.6666666,,7.25,False,False,No Rain,Calm
2024-09-10 00:00:00+05:00,2024,9,10,1,False,Autumn,Islamabad,Punjab,33.6844,73.0479,527.0,22.029001,28.779001,25.056086,0.0,7.5632496,53.485676,952.52484,14.764417,8.583333,,6.75,False,False,No Rain,Calm
2024-09-10 00:00:00+05:00,2024,9,10,1,False,Autumn,Islamabad,Punjab,33.6844,73.0479,527.0,19.529001,29.329,25.085249,0.0,7.0636826,48.53238,952.6325,13.068584,0.041666668,,9.799999,False,False,No Rain,Calm
2024-09-10 00:00:00+05:00,2024,9,10,1,False,Autumn,Islamabad,Punjab,33.6844,73.0479,527.0,20.879002,29.829,25.441504,0.0,8.873024,51.816883,953.8007,14.583167,2.6666667,,8.949999,False,False,No Rain,Calm
2024-09-10 00:00:00+05:00,2024,9,10,1,False,Autumn,Islamabad,Punjab,33.6844,73.0479,527.0,22.779001,28.529001,25.587336,0.0,5.3227158,56.076847,954.593,16.08525,0.41666666,,5.75,False,False,No Rain,Calm
2024-09-10 00:00:00+05:00,2024,9,10,1,False,Autumn,Islamabad,Punjab,33.6844,73.0479,527.0,20.479,28.629002,24.764418,0.0,7.404018,58.608883,955.6145,15.7873335,21.416666,,8.150002,False,False,No Rain,Calm
2024-09-10 00:00:00+05:00,2024,9,10,1,False,Autumn,Islamabad,Punjab,33.6844,73.0479,527.0,19.129002,26.479,22.326918,0.1,8.400224,70.51374,955.75635,16.549837,25.583334,,7.3499985,False,False,Light,Calm
2024-09-10 00:00:00+05:00,2024,9,10,1,False,Autumn,Islamabad,Punjab,33.6844,73.0479,527.0,18.029001,26.429,22.220665,0.0,9.537073,60.921097,954.695,14.162334,21.0,,8.4,False,False,No Rain,Calm
2024-09-10 00:00:00+05:00,2024,9,10,1,False,Autumn,Islamabad,Punjab,33.6844,73.0479,527.0,17.129002,27.129002,21.920668,0.0,9.701892,58.26254,952.8853,13.164417,0.41666666,,10.0,False,False,No Rain,Calm
2024-09-10 00:00:00+05:00,2024,9,10,1,False,Autumn,Islamabad,Punjab,33.6844,73.0479,527.0,18.729,28.429,23.197752,0.0,9.998124,54.363873,951.9924,13.143582,0.0,,9.700001,False,False,No Rain,Calm
2024-09-10 00:00:00+05:00,2024,9,10,1,False,Autumn,Islamabad,Punjab,33.6844,73.0479,527.0,19.229,29.129002,24.518585,0.0,7.127809,52.517147,951.37604,13.856083,28.041666,,9.900002,False,False,No Rain,Calm
2024-09-10 00:00:00+05:00,2024,9,10,1,False,Autumn,Islamabad,Punjab,33.6844,73.0479,527.0,21.029001,28.029001,24.089418,0.1,8.195292,61.464603,950.4372,16.006083,20.291666,,7.0,False,False,Light,Calm
2024-09-10 00:00:00+05:00,2024,9,10,1,False,Autumn,Islamabad,Punjab,33.6844,73.0479,527.0,18.029001,23.579,20.208168,27.400003,7.561605,80.34951,952.167,16.624834,52.625,,5.549999,False,False,Heavy,Calm
2024-09-10 00:00:00+05:00,2024,9,10,1,False,Autumn,Islamabad,Punjab,33.6844,73.0479,527.0,17.329,25.429,20.70192,0.0,10.048926,70.98117,953.226,15.156082,3.2916667,,8.1,False,False,No Rain,Breezy
2024-09-10 00:00:00+05:00,2024,9,10,1,False,Autumn,Islamabad,Punjab,33.6844,73.0479,527.0,17.679,25.679,21.093582,0.0,10.629363,62.08319,953.9107,13.437333,0.0,,8.0,False,False,No Rain,Breezy
2024-09-10 00:00:00+05:00,2024,9,10,1,False,Autumn,Islamabad,Punjab,33.6844,73.0479,527.0,16.879002,26.529001,21.522753,0.0,7.8039284,55.134304,952.98944,11.683167,24.333334,,9.65,False,False,No Rain,Calm
2024-09-10 00:00:00+05:00,2024,9,10,1,False,Autumn,Islamabad,Punjab,33.6844,73.0479,527.0,17.179,26.279001,22.418587,0.0,6.1119657,51.88623,954.39355,11.51025,10.041667,,9.1,False,False,No Rain,Calm
2024-09-10 00:00:00+05:00,2024,9,10,1,False,Autumn,Islamabad,Punjab,33.6844,73.0479,527.0,19.479,25.429,22.541502,0.0,6.072731,56.56006,956.06573,13.254001,14.291667,,5.950001,False,False,No Rain,Calm
2024-09-10 00:00:00+05:00,2024,9,10,1,False,Autumn,Islamabad,Punjab,33.6844,73.0479,527.0,15.5789995,24.679,20.643585,0.0,8.958369,62.88419,953.69147,13.170669,0.8333333,,9.100001,False,False,No Rain,Calm
2024-09-10 00:00:00+05:00,2024,9,10,1,False,Autumn,Islamabad,Punjab,33.6844,73.0479,527.0,17.979,26.079,21.999832,0.0,7.443458,63.601673,956.1359,14.706082,29.041666,,8.1,False,False,No Rain,Calm
2024-09-10 00:00:00+05:00,2024,9,10,1,False,Autumn,Islamabad,Punjab,33.6844,73.0479,527.0,17.429,25.629002,22.13942,0.0,7.1885743,61.899403,956.2678,14.295665,16.541666,,8.200001,False,False,No Rain,Calm
2024-09-10 00:00:00+05:00,2024,9,10,1,False,Autumn,Islamabad,Punjab,33.6844,73.0479,527.0,18.179,26.079,22.508165,0.0,5.87953,66.86603,955.4898,15.926918,14.375,,7.8999996,False,False,No Rain,Calm
2024-09-10 00:00:00+05:00,2024,9,10,1,False,Autumn,Islamabad,Punjab,33.6844,73.0479,527.0,20.129002,25.479,22.45192,0.0,5.6049104,75.6961,955.4998,17.876917,37.416668,,5.3499985,False,False,No Rain,Calm
2024-09-10 00:00:00+05:00,2024,9,10,1,False,Autumn,Islamabad,Punjab,33.6844,73.0479,527.0,19.679,25.229,22.064415,0.0,4.3936954,74.64246,955.6984,17.262335,5.25,,5.549999,False,False,No Rain,Calm
2024-09-10 00:00:00+05:00,2024,9,10,1,False,Autumn,Islamabad,Punjab,33.6844,73.0479,527.0,19.479,24.129002,21.816498,0.5,4.627826,73.43977,955.9527,16.820665,29.333334,,4.6500015,False,False,Light,Calm
2024-09-10 00:00:00+05:00,2024,9,10,1,False,Autumn,Islamabad,Punjab,33.6844,73.0479,527.0,15.0789995,22.479,18.260248,18.300001,6.3438144,80.427666,955.3926,14.7248335,42.333332,,7.4000006,False,False,Moderate,Calm
2024-09-10 00:00:00+05:00,2024,9,10,1,False,Autumn,Islamabad,Punjab,33.6844,73.0479,527.0,13.679,23.579,18.249836,0.9,9.124972,71.257454,955.478,12.818582,12.041667,,9.900001,False,False,Light,Calm
2024-09-10 00:00:00+05:00,2024,9,10,1,False,Autumn,Islamabad,Punjab,33.6844,73.0479,527.0,14.929,23.829,18.549837,0.0,4.9629383,58.105694,953.2261,9.9123335,28.0,,8.900001,False,False,No Rain,Calm
2024-09-10 00:00:00+05:00,2024,9,10,1,False,Autumn,Islamabad,Punjab,33.6844,73.0479,527.0,15.179,21.879002,18.220667,0.6,3.434122,71.66432,955.6711,12.949833,27.333334,,6.7000017,False,False,Light,Calm
2024-09-10 00:00:00+05:00,2024,9,10,1,False,Autumn,Islamabad,Punjab,33.6844,73.0479,527.0,13.979,21.229,16.960247,3.0,8.985591,75.35001,955.41974,12.383167,77.166664,,7.25,False,False,Light,Calm
2024-09-10 00:00:00+05:00,2024,9,10,1,False,Autumn,Islamabad,Punjab,33.6844,73.0479,527.0,11.429,21.179,15.768582,0.0,3.972884,71.362595,954.2398,10.218583,2.25,,9.750001,False,False,No Rain,Calm
2024-09-10 00:00:00+05:00,2024,9,10,1,False,Autumn,Islamabad,Punjab,33.6844,73.0479,527.0,11.729,21.279001,16.051916,0.0,7.2820926,57.50894,954.7679,7.4852505,0.0,,9.550001,False,False,No Rain,Calm
2024-09-10 00:00:00+05:00,2024,9,10,1,False,Autumn,Islamabad,Punjab,33.6844,73.0479,527.0,12.429,21.229,16.124832,0.0,6.5249677,53.78825,955.3122,6.570667,22.875,,8.8,False,False,No Rain,Calm
2024-09-10 00:00:00+05:00,2024,9,10,1,False,Autumn,Islamabad,Punjab,33.6844,73.0479,527.0,11.929,21.329,16.37275,0.0,4.0757804,46.806595,956.158,4.84775,0.5,,9.400001,False,False,No Rain,Calm
2024-09-10 00:00:00+05:00,2024,9,10,1,False,Autumn,Islamabad,Punjab,33.6844,73.0479,527.0,11.0789995,21.129002,15.741498,0.0,5.3773875,48.52702,954.77496,4.78525,0.29166666,,10.050002,False,False,No Rain,Calm
2024-09-10 00:00:00+05:00,2024,9,10,1,False,Autumn,Islamabad,Punjab,33.6844,73.0479,527.0,14.3289995,21.179,16.820665,0.0,4.304357,51.115414,954.80884,6.481083,0.25,,6.8500013,False,False,No Rain,Calm
2024-09-10 00:00:00+05:00,2024,9,10,1,False,Autumn,Islamabad,Punjab,33.6844,73.0479,527.0,13.279,22.079,17.045668,0.0,4.133249,56.78529,954.2803,8.220666,2.1666667,,8.8,False,False,No Rain,Calm
2024-09-10 00:00:00+05:00,2024,9,10,1,False,Autumn,Islamabad,Punjab,33.6844,73.0479,527.0,12.979,20.029001,16.162334,4.2,4.326471,68.621216,955.2012,10.220668,43.416668,,7.050001,False,False,Light,Calm
2024-09-10 00:00:00+05:00,2024,9,10,1,False,Autumn,Islamabad,Punjab,33.6844,73.0479,527.0,12.129,20.329,15.460251,3.1,6.995138,69.25039,956.5203,9.539416,6.625,,8.200001,False,False,Light,Calm
2024-09-10 00:00:00+05:00,2024,9,10,1,False,Autumn,Islamabad,Punjab,33.6844,73.0479,527.0,11.0789995,20.729,15.489413,0.0,6.8096066,61.050354,955.17456,7.7685833,1.4583334,,9.650001,False,False,No Rain,Calm
2024-09-10 00:00:00+05:00,2024,9,10,1,False,Autumn,Islamabad,Punjab,33.6844,73.0479,527.0,11.679,21.129002,15.841498,0.0,5.563088,48.250015,954.686,4.768584,6.7083335,,9.450002,False,False,No Rain,Calm
2024-09-10 00:00:00+05:00,2024,9,10,1,False,Autumn,Islamabad,Punjab,33.6844,73.0479,527.0,10.129,20.829,15.120667,0.0,4.43588,45.70456,954.0012,3.3415,0.0,,10.700001,False,False,No Rain,Calm
2024-09-10 00:00:00+05:00,2024,9,10,1,False,Autumn,Islamabad,Punjab,33.6844,73.0479,527.0,10.629,21.229,15.451917,0.0,3.5823128,44.56831,955.8316,3.2727501,32.416668,,10.6,False,False,No Rain,Calm
2024-09-10 00:00:00+05:00,2024,9,10,1,False,Autumn,Islamabad,Punjab,33.6844,73.0479,527.0,11.679,20.529001,15.237332,0.0,5.3825583,51.886642,957.5012,5.212333,74.375,,8.850001,False,False,No Rain,Calm
2024-09-10 00:00:00+05:00,2024,9,10,1,False,Autumn,Islamabad,Punjab,33.6844,73.0479,527.0,10.479,19.379002,14.376918,0.0,5.986192,61.852856,955.4592,6.9269166,22.958334,,8.900002,False,False,No Rain,Calm
2024-09-10 00:00:00+05:00,2024,9,10,1,False,Autumn,Islamabad,Punjab,33.6844,73.0479,527.0,10.479,20.229,14.691501,0.0,4.387571,60.705257,953.38104,6.999834,6.2916665,,9.75,False,False,No Rain,Calm
2024-09-10 00:00:00+05:00,2024,9,10,1,False,Autumn,Islamabad,Punjab,33.6844,73.0479,527.0,10.279,19.929,14.228999,0.0,6.2020745,62.059204,954.1009,6.8373337,12.041667,,9.650001,False,False,No Rain,Calm
2024-09-10 00:00:00+05:00,2024,9,10,1,False,Autumn,Islamabad,Punjab,33.6844,73.0479,527.0,9.029,19.779001,13.891501,0.0,8.952169,60.54352,956.9434,6.0623336,13.5,,10.750001,False,True,No Rain,Calm
2024-09-10 00:00:00+05:00,2024,9,10,1,False,Autumn,Islamabad,Punjab,33.6844,73.0479,527.0,9.679,18.629002,13.593582,0.0,9.437428,49.94232,955.2551,3.0914996,0.0,,8.950002,False,True,No Rain,Calm
2024-09-10 00:00:00+05:00,2024,9,10,1,False,Autumn,Islamabad,Punjab,33.6844,73.0479,527.0,9.729,19.229,13.743584,0.0,4.1128078,47.920685,953.31696,2.7456665,0.0,,9.5,False,True,No Rain,Calm
2024-09-10 00:00:00+05:00,2024,9,10,1,False,Autumn,Islamabad,Punjab,33.6844,73.0479,527.0,7.779,17.729,12.968582,0.0,6.0482125,43.312115,952.5345,0.62691665,10.833333,,9.950001,False,True,No Rain,Calm
2024-09-10 00:00:00+05:00,2024,9,10,1,False,Autumn,Islamabad,Punjab,33.6844,73.0479,527.0,8.479,18.729,13.047748,0.0,5.205192,35.44012,950.8904,-2.1980836,35.833332,,10.25,False,True,No Rain,Calm
2024-09-10 00:00:00+05:00,2024,9,10,1,False,Autumn,Islamabad,Punjab,33.6844,73.0479,527.0,7.679,13.129,10.979,0.1,7.1731057,58.718212,952.53876,3.0248334,74.041664,,5.45,False,True,Light,Calm
2024-09-10 00:00:00+05:00,2024,9,10,1,False,Autumn,Islamabad,Punjab,33.6844,73.0479,527.0,5.929,15.629,10.331083,0.0,7.236864,37.99445,955.25366,-3.8105834,0.0,,9.7,False,True,No Rain,Calm
2024-09-10 00:00:00+05:00,2024,9,10,1,False,Autumn,Islamabad,Punjab,33.6844,73.0479,527.0,4.929,15.279,10.245667,0.0,6.9154754,36.975056,956.5776,-4.173084,42.791668,,10.35,False,True,No Rain,Calm
2024-09-10 00:00:00+05:00,2024,9,10,1,False,Autumn,Islamabad,Punjab,33.6844,73.0479,527.0,6.529,15.3289995,10.260251,0.0,4.18604,43.50295,955.7635,-1.7980832,29.833334,,8.799999,False,True,No Rain,Calm
2024-09-10 00:00:00+05:00,2024,9,10,1,False,Autumn,Islamabad,Punjab,33.6844,73.0479,527.0,5.829,15.779,9.926917,0.0,3.6187613,50.979626,955.44464,0.018583342,2.6666667,,9.950001,False,True,No Rain,Calm
2024-09-10 00:00:00+05:00,2024,9,10,1,False,Autumn,Islamabad,Punjab,33.6844,73.0479,527.0,5.079,15.729,10.4665,0.0,10.43478,45.296223,958.1882,-1.0480832,4.8333335,,10.65,False,True,No Rain,Breezy
2024-09-10 00:00:00+05:00,2024,9,10,1,False,Autumn,Islamabad,Punjab,33.6844,73.0479,527.0,5.929,16.379,11.087334,0.0,7.287214,42.605186,956.24054,-1.4001669,49.791668,,10.45,False,True,No Rain,Calm
2024-09-10 00:00:00+05:00,2024,9,10,1,False,Autumn,Islamabad,Punjab,33.6844,73.0479,527.0,8.229,18.379002,12.362332,0.0,2.6351364,38.43916,957.1189,-1.6293334,88.958336,,10.150002,False,True,No Rain,Calm
2024-09-10 00:00:00+05:00,2024,9,10,1,False,Autumn,Islamabad,Punjab,33.6844,73.0479,527.0,6.729,16.779001,11.520667,0.0,4.0318255,44.164295,955.9893,-0.54808336,29.5,,10.050001,False,True,No Rain,Calm
2024-09-10 00:00:00+05:00,2024,9,10,1,False,Autumn,Islamabad,Punjab,33.6844,73.0479,527.0,7.479,16.829,11.785249,0.0,3.401941,42.918335,955.3575,-0.6543335,2.5833333,,9.35,False,True,No Rain,Calm
2024-09-10 00:00:00+05:00,2024,9,10,1,False,Autumn,Islamabad,Punjab,33.6844,73.0479,527.0,8.279,15.679,11.001918,0.0,3.7644603,45.44249,954.47345,-0.6647499,79.666664,,7.3999996,False,True,No Rain,Calm
2024-09-10 00:00:00+05:00,2024,9,10,1,False,Autumn,Islamabad,Punjab,33.6844,73.0479,527.0,6.329,17.579,11.2415,0.0,6.937309,43.165142,953.8924,-1.0585,0.0,,11.25,False,True,No Rain,Calm
2024-09-10 00:00:00+05:00,2024,9,10,1,False,Autumn,Islamabad,Punjab,33.6844,73.0479,527.0,7.229,16.279001,10.649835,0.0,4.3555155,53.79524,955.63824,1.5185834,0.0,,9.050001,False,True,No Rain,Calm
2024-09-10 00:00:00+05:00,2024,9,10,1,False,Autumn,Islamabad,Punjab,33.6844,73.0479,527.0,5.479,15.729,10.491501,0.0,4.1065955,47.774426,954.46484,-0.34599987,52.125,,10.25,False,True,No Rain,Calm
2024-09-10 00:00:00+05:00,2024,9,10,1,False,Autumn,Islamabad,Punjab,33.6844,73.0479,527.0,7.8789997,16.329,11.69775,0.0,2.9970913,52.187206,953.8095,2.1165001,100.0,,8.450001,False,True,No Rain,Calm
2024-09-10 00:00:00+05:00,2024,9,10,1,False,Autumn,Islamabad,Punjab,33.6844,73.0479,527.0,8.5789995,16.479,11.691501,0.0,6.657711,59.377216,955.5376,3.737334,57.166668,,7.9000006,False,True,No Rain,Calm
2024-09-10 00:00:00+05:00,2024,9,10,1,False,Autumn,Islamabad,Punjab,33.6844,73.0479,527.0,5.779,15.5789995,10.395666,0.0,7.7275634,63.97037,957.10596,3.6602497,0.0,,9.799999,False,True,No Rain,Calm
2024-09-10 00:00:00+05:00,2024,9,10,1,False,Autumn,Islamabad,Punjab,33.6844,73.0479,527.0,7.579,16.329,10.5998335,0.0,5.9327455,53.64355,958.4482,1.426917,3.4583333,,8.75,False,True,No Rain,Calm
2024-09-10 00:00:00+05:00,2024,9,10,1,False,Autumn,Islamabad,Punjab,33.6844,73.0479,527.0,7.679,17.429,11.593583,0.0,3.6383965,45.19182,959.18036,-0.081416585,0.45833334,,9.750001,False,True,No Rain,Calm
2024-09-10 00:00:00+05:00,2024,9,10,1,False,Autumn,Islamabad,Punjab,33.6844,73.0479,527.0,8.8289995,16.079,11.633166,2.0,3.94719,55.32252,958.07745,2.68525,21.041666,,7.250001,False,True,Light,Calm
2024-09-10 00:00:00+05:00,2024,9,10,1,False,Autumn,Islamabad,Punjab,33.6844,73.0479,527.0,7.179,16.179,11.268584,0.0,3.5487235,67.381714,958.0423,5.279,5.0416665,,9.000001,False,True,No Rain,Calm
2024-09-10 00:00:00+05:00,2024,9,10,1,False,Autumn,Islamabad,Punjab,33.6844,73.0479,527.0,5.329,15.3289995,9.972751,0.0,7.7586646,71.431915,960.1839,4.820667,17.75,,10.0,False,True,No Rain,Calm
2024-09-10 00:00:00+05:00,2024,9,10,1,False,Autumn,Islamabad,Punjab,33.6844,73.0479,527.0,5.979,16.279001,10.622751,0.0,6.1628413,62.60489,957.5703,3.5831664,21.833334,,10.300001,False,True,No Rain,Calm
2024-09-10 00:00:00+05:00,2024,9,10,1,False,Autumn,Islamabad,Punjab,33.6844,73.0479,527.0,6.479,16.529001,11.312335,0.0,4.3536406,61.48145,958.4378,4.0039997,41.0,,10.050001,False,True,No Rain,Calm
2024-09-10 00:00:00+05:00,2024,9,10,1,False,Autumn,Islamabad,Punjab,33.6844,73.0479,527.0,6.679,15.429,10.926917,2.3000002,6.3374677,61.937,957.2591,3.7873335,65.75,,8.75,False,True,Light,Calm
2024-09-10 00:00:00+05:00,2024,9,10,1,False,Autumn,Islamabad,Punjab,33.6844,73.0479,527.0,7.229,16.729,11.545667,0.3,6.2161717,64.478096,956.52985,4.8977494,70.708336,,9.5,False,True,Light,Calm
2024-09-10 00:00:00+05:00,2024,9,10,1,False,Autumn,Islamabad,Punjab,33.6844,73.0479,527.0,7.479,18.879002,12.549834,0.0,2.7457907,66.24028,956.69147,6.183167,54.333332,,11.400002,False,True,No Rain,Calm
2024-09-10 00:00:00+05:00,2024,9,10,1,False,Autumn,Islamabad,Punjab,33.6844,73.0479,527.0,9.3289995,19.879002,13.678998,18.5,10.204079,54.297222,953.9836,4.0810833,17.416666,,10.550002,False,True,Moderate,Breezy
2024-09-10 00:00:00+05:00,2024,9,10,1,False,Autumn,Islamabad,Punjab,33.6844,73.0479,527.0,7.1289997,16.229,11.106083,16.900002,4.3052926,71.83269,954.63104,6.0873337,24.75,,9.1,False,True,Moderate,Calm
2024-09-10 00:00:00+05:00,2024,9,10,1,False,Autumn,Islamabad,Punjab,33.6844,73.0479,527.0,7.679,14.779,10.768584,2.6999998,6.34887,72.990974,957.44165,5.8769174,23.5,,7.1000004,False,True,Light,Calm
2024-09-10 00:00:00+05:00,2024,9,10,1,False,Autumn,Islamabad,Punjab,33.6844,73.0479,527.0,6.979,15.879,10.543584,0.0,9.144303,54.667847,956.5618,1.6415001,0.29166666,,8.9,False,True,No Rain,Calm
2024-09-10 00:00:00+05:00,2024,9,10,1,False,Autumn,Islamabad,Punjab,33.6844,73.0479,527.0,6.3789997,17.079,11.076917,0.0,8.543373,45.32182,953.4798,-0.5605833,1.6666666,,10.700001,False,True,No Rain,Calm
2024-09-10 00:00:00+05:00,2024,9,10,1,False,Autumn,Islamabad,Punjab,33.6844,73.0479,527.0,8.429,17.479,12.049835,0.0,4.055765,44.257523,955.9986,0.058166604,0.0,,9.05,False,True,No Rain,Calm
2024-09-10 00:00:00+05:00,2024,9,10,1,False,Autumn,Islamabad,Punjab,33.6844,73.0479,527.0,5.079,16.379,10.493584,0.0,7.697668,42.800785,957.25726,-1.9189163,9.208333,,11.299999,False,True,No Rain,Calm
2024-09-10 00:00:00+05:00,2024,9,10,1,False,Autumn,Islamabad,Punjab,33.6844,73.0479,527.0,8.129,16.929,11.562333,0.0,6.7603498,58.85587,956.9138,3.6519167,97.541664,,8.800001,False,True,No Rain,Calm
2024-09-10 00:00:00+05:00,2024,9,10,1,False,Autumn,Islamabad,Punjab,33.6844,73.0479,527.0,8.329,16.379,11.410251,0.0,7.102726,61.90215,959.4454,3.9685824,36.125,,8.049999,False,True,No Rain,Calm
2024-09-10 00:00:00+05:00,2024,9,10,1,False,Autumn,Islamabad,Punjab,33.6844,73.0479,527.0,5.1289997,15.529,9.985251,0.0,7.80458,61.497646,958.3115,2.7560833,13.083333,,10.400001,False,True,No Rain,Calm
2024-09-10 00:00:00+05:00,2024,9,10,1,False,Autumn,Islamabad,Punjab,33.6844,73.0479,527.0,6.179,15.8289995,10.57275,0.0,4.6237855,58.445007,956.7867,2.5498333,88.208336,,9.65,False,True,No Rain,Calm
2024-09-10 00:00:00+05:00,2024,9,10,1,False,Autumn,Islamabad,Punjab,33.6844,73.0479,527.0,7.529,16.879002,11.2915,0.0,3.3301258,53.294125,957.89307,2.0040002,0.6666667,,9.350002,False,True,No Rain,Calm
2024-09-10 00:00:00+05:00,2024,9,10,1,False,Autumn,Islamabad,Punjab,33.6844,73.0479,527.0,8.279,15.8289995,11.320666,0.70000005,10.392447,55.554585,959.08673,2.576917,51.916668,,7.549999,False,True,Light,Breezy
2024-09-10 00:00:00+05:00,2024,9,10,1,False,Autumn,Islamabad,Punjab,33.6844,73.0479,527.0,7.079,15.3289995,10.603999,0.0,10.188489,56.451725,960.29913,2.1581664,66.583336,,8.25,False,True,No Rain,Breezy
2024-09-10 00:00:00+05:00,2024,9,10,1,False,Autumn,Islamabad,Punjab,33.6844,73.0479,527.0,8.879,18.279001,12.328999,0.0,4.1906147,49.261585,956.357,1.6206666,89.708336,,9.400002,False,True,No Rain,Calm
2024-09-10 00:00:00+05:00,2024,9,10,1,False,Autumn,Islamabad,Punjab,33.6844,73.0479,527.0,8.529,14.879,11.487332,2.0,3.6631422,54.391613,956.6672,2.3165,83.25,,6.3499994,False,True,Light,Calm
2024-09-10 00:00:00+05:00,2024,9,10,1,False,Autumn,Islamabad,Punjab,33.6844,73.0479,527.0,6.229,15.629,9.2873335,2.0,7.484451,66.089935,955.8418,3.054,24.125,,9.4,False,True,Light,Calm
2024-09-10 00:00:00+05:00,2024,9,10,1,False,Autumn,Islamabad,Punjab,33.6844,73.0479,527.0,5.979,16.729,10.643585,0.0,7.1343455,66.696625,954.30194,4.48525,1.9166666,,10.75,False,True,No Rain,Calm
2024-09-10 00:00:00+05:00,2024,9,10,1,False,Autumn,Islamabad,Punjab,33.6844,73.0479,527.0,6.979,16.629002,11.6206665,0.0,7.5539856,57.632572,953.33295,3.3435838,37.291668,,9.650002,False,True,No Rain,Calm
2024-09-10 00:00:00+05:00,2024,9,10,1,False,Autumn,Islamabad,Punjab,33.6844,73.0479,527.0,7.529,17.479,11.791499,0.0,9.794749,52.10964,955.60284,1.9394168,3.8333333,,9.950001,False,True,No Rain,Calm
2024-09-10 00:00:00+05:00,2024,9,10,1,False,Autumn,Islamabad,Punjab,33.6844,73.0479,527.0,8.129,17.929,12.1102495,0.0,10.664945,44.100555,955.4895,-0.07099994,0.0,,9.800001,False,True,No Rain,Breezy
2024-09-10 00:00:00+05:00,2024,9,10,1,False,Autumn,Islamabad,Punjab,33.6844,73.0479,527.0,5.829,17.829,11.2769165,0.0,9.310311,29.457468,953.5037,-6.356416,0.0,,12.0,False,True,No Rain,Calm
2024-09-10 00:00:00+05:00,2024,9,10,1,False,Autumn,Islamabad,Punjab,33.6844,73.0479,527.0,6.279,18.479,12.301917,0.0,6.686714,36.479237,953.014,-2.360583,0.0,,12.200001,False,True,No Rain,Calm
2024-09-10 00:00:00+05:00,2024,9,10,1,False,Autumn,Islamabad,Punjab,33.6844,73.0479,527.0,8.779,20.079,13.778998,0.0,5.0785403,29.522308,952.1196,-4.004333,0.0,,11.3,False,True,No Rain,Calm
2024-09-10 00:00:00+05:00,2024,9,10,1,False,Autumn,Islamabad,Punjab,33.6844,73.0479,527.0,8.129,21.229,14.606082,0.0,5.717981,30.83789,950.83936,-2.629333,48.25,,13.1,False,True,No Rain,Calm
2024-09-10 00:00:00+05:00,2024,9,10,1,False,Autumn,Islamabad,Punjab,33.6844,73.0479,527.0,9.279,19.179,14.729001,1.0,12.173724,46.48584,953.7156,2.9060833,70.166664,,9.900001,False,True,Light,Breezy
2024-09-10 00:00:00+05:00,2024,9,10,1,False,Autumn,Islamabad,Punjab,33.6844,73.0479,527.0,6.729,18.329,12.0915,0.2,8.963411,55.65695,952.4969,3.08525,15.125,,11.6,False,True,Light,Calm
2024-09-10 00:00:00+05:00,2024,9,10,1,False,Autumn,Islamabad,Punjab,33.6844,73.0479,527.0,8.529,19.179,12.676915,0.0,5.396858,46.83008,950.7526,1.3477501,23.833334,,10.650001,False,True,No Rain,Calm
2024-09-10 00:00:00+05:00,2024,9,10,1,False,Autumn,Islamabad,Punjab,33.6844,73.0479,527.0,8.179,18.029001,11.641499,5.2999997,5.2090306,60.385525,953.76483,3.7560833,32.791668,,9.850001,False,True,Moderate,Calm
2024-09-10 00:00:00+05:00,2024,9,10,1,False,Autumn,Islamabad,Punjab,33.6844,73.0479,527.0,7.829,18.979,12.74775,0.0,7.8728805,54.282166,955.77606,3.37275,0.45833334,,11.15,False,True,No Rain,Calm
2024-09-10 00:00:00+05:00,2024,9,10,1,False,Autumn,Islamabad,Punjab,33.6844,73.0479,527.0,8.429,21.479,14.331084,0.0,9.177685,37.324364,952.5093,-0.7855833,0.0,,13.05,False,True,No Rain,Calm
2024-09-10 00:00:00+05:00,2024,9,10,1,False,Autumn,Islamabad,Punjab,33.6844,73.0479,527.0,9.779,17.479,13.193584,0.0,10.987798,51.946915,954.85675,3.3248327,0.75,,7.7,False,True,No Rain,Breezy
2024-09-10 00:00:00+05:00,2024,9,10,1,False,Autumn,Islamabad,Punjab,33.6844,73.0479,527.0,7.979,17.279001,12.168583,0.0,6.992212,45.748123,954.7579,0.29150012,3.875,,9.300001,False,True,No Rain,Calm
2024-09-10 00:00:00+05:00,2024,9,10,1,False,Autumn,Islamabad,Punjab,33.6844,73.0479,527.0,8.129,17.929,12.472752,0.0,8.324336,37.665295,957.7644,-2.0751667,2.375,,9.800001,False,True,No Rain,Calm
2024-09-10 00:00:00+05:00,2024,9,10,1,False,Autumn,Islamabad,Punjab,33.6844,73.0479,527.0,8.379,19.079,13.064416,0.0,10.183787,35.95575,956.6801,-2.0355835,47.75,,10.700001,False,True,No Rain,Breezy
2024-09-10 00:00:00+05:00,2024,9,10,1,False,Autumn,Islamabad,Punjab,33.6844,73.0479,527.0,9.479,19.929,14.918584,0.0,7.3982315,30.534506,954.74927,-2.5543334,72.125,,10.450001,False,True,No Rain,Calm
2024-09-10 00:00:00+05:00,2024,9,10,1,False,Autumn,Islamabad,Punjab,33.6844,73.0479,527.0,11.3289995,22.279001,16.81025,0.0,5.449131,29.120056,954.28546,-1.4689168,42.0,,10.950002,False,False,No Rain,Calm
2024-09-10 00:00:00+05:00,2024,9,10,1,False,Autumn,Islamabad,Punjab,33.6844,73.0479,527.0,13.029,19.279001,16.245668,0.0,7.4829335,34.59335,953.8909,0.38108346,74.666664,,6.250001,False,False,No Rain,Calm
2024-09-10 00:00:00+05:00,2024,9,10,1,False,Autumn,Islamabad,Punjab,33.6844,73.0479,527.0,8.679,18.979,13.441499,0.4,6.543777,59.984543,954.7168,5.3290005,26.958334,,10.3,False,True,Light,Calm
2024-09-10 00:00:00+05:00,2024,9,10,1,False,Autumn,Islamabad,Punjab,33.6844,73.0479,527.0,8.329,19.979,13.806083,0.0,7.409468,41.913216,955.1763,0.31441683,0.8333333,,11.65,False,True,No Rain,Calm
2024-09-10 00:00:00+05:00,2024,9,10,1,False,Autumn,Islamabad,Punjab,33.6844,73.0479,527.0,9.8289995,19.579,14.216499,0.0,6.6264057,27.828024,955.0884,-4.6876664,24.708334,,9.750001,False,True,No Rain,Calm
2024-09-10 00:00:00+05:00,2024,9,10,1,False,Autumn,Islamabad,Punjab,33.6844,73.0479,527.0,9.629,21.029001,15.066501,0.0,7.3799367,24.583893,952.9577,-5.3314166,63.0,,11.400002,False,True,No Rain,Calm
2024-09-10 00:00:00+05:00,2024,9,10,1,False,Autumn,Islamabad,Punjab,33.6844,73.0479,527.0,10.429,22.079,15.8081665,0.0,7.941193,29.798677,950.63385,-2.1085002,29.416666,,11.650001,False,False,No Rain,Calm
2024-09-10 00:00:00+05:00,2024,9,10,1,False,Autumn,Islamabad,Punjab,33.6844,73.0479,527.0,12.179,21.129002,16.33525,0.5,9.632548,37.774097,952.2758,1.6539999,40.333332,,8.950002,False,False,Light,Calm
2024-09-10 00:00:00+05:00,2024,9,10,1,False,Autumn,Islamabad,Punjab,33.6844,73.0479,527.0,9.879,21.979,15.658169,0.8,5.813541,47.213806,956.1989,3.7789996,10.375,,12.1,False,True,Light,Calm
2024-09-10 00:00:00+05:00,2024,9,10,1,False,Autumn,Islamabad,Punjab,33.6844,73.0479,527.0,9.979,23.179,16.649837,0.0,9.42533,27.826845,955.5603,-2.7980835,44.166668,,13.200001,False,True,No Rain,Calm
2024-09-10 00:00:00+05:00,2024,9,10,1,False,Autumn,Islamabad,Punjab,33.6844,73.0479,527.0,11.979,22.779001,16.651918,1.6,8.870057,37.580784,952.6839,1.1935834,79.375,,10.800001,False,False,Light,Calm
2024-09-10 00:00:00+05:00,2024,9,10,1,False,Autumn,Islamabad,Punjab,33.6844,73.0479,527.0,8.279,14.529,11.585248,18.800001,10.401283,83.71407,953.2329,8.772751,66.041664,,6.25,False,True,Moderate,Breezy
2024-09-10 00:00:00+05:00,2024,9,10,1,False,Autumn,Islamabad,Punjab,33.6844,73.0479,527.0,6.929,18.679,12.610252,0.0,7.6669044,68.68473,958.20416,6.5810833,63.125,,11.750001,False,True,No Rain,Calm
2024-09-10 00:00:00+05:00,2024,9,10,1,False,Autumn,Islamabad,Punjab,33.6844,73.0479,527.0,9.729,20.779001,14.8706665,0.0,8.337473,54.61749,956.1843,5.129,5.7916665,,11.050001,False,True,No Rain,Calm
2024-09-10 00:00:00+05:00,2024,9,10,1,False,Autumn,Islamabad,Punjab,33.6844,73.0479,527.0,12.429,22.329,16.608164,0.0,5.206525,38.53126,957.04877,2.0185833,18.625,,9.900001,False,False,No Rain,Calm
2024-09-10 00:00:00+05:00,2024,9,10,1,False,Autumn,Islamabad,Punjab,33.6844,73.0479,527.0,13.879,23.529001,18.02275,0.0,5.89648,32.900326,958.3415,1.2144166,44.083332,,9.650002,False,False,No Rain,Calm
2024-09-10 00:00:00+05:00,2024,9,10,1,False,Autumn,Islamabad,Punjab,33.6844,73.0479,527.0,12.779,17.179,14.862332,8.1,6.5080776,71.64776,958.70825,9.2560835,100.0,,4.4000006,False,False,Moderate,Calm
2024-09-10 00:00:00+05:00,2024,9,10,1,False,Autumn,Islamabad,Punjab,33.6844,73.0479,527.0,12.479,19.129002,15.108166,8.9,14.164596,80.12931,957.21436,11.581084,96.25,,6.6500015,False,False,Moderate,Breezy
2024-09-10 00:00:00+05:00,2024,9,10,1,False,Autumn,Islamabad,Punjab,33.6844,73.0479,527.0,11.3289995,16.879002,13.308166,14.300001,11.254112,85.43679,953.8384,10.854,99.083336,,5.550002,False,False,Moderate,Breezy
2024-09-10 00:00:00+05:00,2024,9,10,1,False,Autumn,Islamabad,Punjab,33.6844,73.0479,527.0,9.279,17.779001,13.051917,7.9999995,10.318552,81.454666,950.61273,9.824834,65.25,,8.500001,False,True,Moderate,Breezy
2024-09-10 00:00:00+05:00,2024,9,10,1,False,Autumn,Islamabad,Punjab,33.6844,73.0479,527.0,8.729,19.529001,13.737331,0.3,6.180741,63.147297,955.02313,6.412334,11.833333,,10.800001,False,True,Light,Calm
2024-09-10 00:00:00+05:00,2024,9,10,1,False,Autumn,Islamabad,Punjab,33.6844,73.0479,527.0,8.729,20.579,14.689416,0.4,7.237522,52.853607,952.8941,4.774833,20.875,,11.85,False,True,Light,Calm
2024-09-10 00:00:00+05:00,2024,9,10,1,False,Autumn,Islamabad,Punjab,33.6844,73.0479,527.0,8.779,13.3289995,11.379001,39.999996,15.55137,86.884125,951.07,9.241501,90.958336,,4.549999,False,True,Heavy,Breezy
2024-09-10 00:00:00+05:00,2024,9,10,1,False,Autumn,Islamabad,Punjab,33.6844,73.0479,527.0,7.029,16.529001,11.3810835,0.4,7.751264,64.4779,954.7979,3.8685827,11.583333,,9.500002,False,True,Light,Calm
2024-09-10 00:00:00+05:00,2024,9,10,1,False,Autumn,Islamabad,Punjab,33.6844,73.0479,527.0,6.779,19.629002,13.383166,0.0,11.910821,49.287735,955.2286,2.4665,13.666667,,12.850002,False,True,No Rain,Breezy
2024-09-10 00:00:00+05:00,2024,9,10,1,False,Autumn,Islamabad,Punjab,33.6844,73.0479,527.0,10.629,21.579,16.08525,0.0,5.157554,41.482807,951.4929,2.5560832,3.5833333,,10.950001,False,False,No Rain,Calm
2024-09-10 00:00:00+05:00,2024,9,10,1,False,Autumn,Islamabad,Punjab,33.6844,73.0479,527.0,14.8289995,23.079,18.208168,0.0,4.812378,36.881557,951.2073,3.0935833,34.25,,8.250001,False,False,No Rain,Calm
2024-09-10 00:00:00+05:00,2024,9,10,1,False,Autumn,Islamabad,Punjab,33.6844,73.0479,527.0,11.529,23.279001,17.333168,0.0,8.940275,40.854584,949.39813,3.6289995,14.625,,11.750001,False,False,No Rain,Calm
2024-09-10 00:00:00+05:00,2024,9,10,1,False,Autumn,Islamabad,Punjab,33.6844,73.0479,527.0,15.179,25.629002,20.110252,0.0,7.45956,37.771194,952.5184,5.006083,66.5,,10.450002,False,False,No Rain,Calm
2024-09-10 00:00:00+05:00,2024,9,10,1,False,Autumn,Islamabad,Punjab,33.6844,73.0479,527.0,14.879,20.229,17.543583,10.200001,9.916007,63.15111,957.9495,10.104,94.416664,,5.3500004,False,False,Moderate,Calm
2024-09-10 00:00:00+05:00,2024,9,10,1,False,Autumn,Islamabad,Punjab,33.6844,73.0479,527.0,10.8289995,23.229,17.639416,0.0,5.971993,65.13157,956.4348,10.706082,56.0,,12.400001,False,False,No Rain,Calm
2024-09-10 00:00:00+05:00,2024,9,10,1,False,Autumn,Islamabad,Punjab,33.6844,73.0479,527.0,14.0789995,22.829,18.06442,4.7,5.252424,72.19004,952.00775,12.687332,55.583332,,8.750001,False,False,Light,Calm
2024-09-10 00:00:00+05:00,2024,9,10,1,False,Autumn,Islamabad,Punjab,33.6844,73.0479,527.0,12.3289995,21.279001,17.262335,5.4,7.614626,66.1673,949.4661,10.6102495,36.208332,,8.950002,False,False,Moderate,Calm
2024-09-10 00:00:00+05:00,2024,9,10,1,False,Autumn,Islamabad,Punjab,33.6844,73.0479,527.0,12.529,18.579,15.451916,3.8,9.388902,68.23993,951.3091,9.499833,75.541664,,6.05,False,False,Light,Calm
2024-09-10 00:00:00+05:00,2024,9,10,1,False,Autumn,Islamabad,Punjab,33.6844,73.0479,527.0,11.8289995,19.879002,15.32275,1.7,6.394984,71.727,953.2339,9.883168,63.0,,8.050002,False,False,Light,Calm
2024-09-10 00:00:00+05:00,2024,9,10,1,False,Autumn,Islamabad,Punjab,33.6844,73.0479,527.0,11.779,22.279001,16.781086,0.2,7.854372,62.80392,953.9334,9.158168,38.833332,,10.500001,False,False,Light,Calm
2024-09-10 00:00:00+05:00,2024,9,10,1,False,Autumn,Islamabad,Punjab,33.6844,73.0479,527.0,13.5789995,24.429,18.929,0.0,5.4035206,47.64268,953.68677,7.3144174,13.166667,,10.850001,False,False,No Rain,Calm
2024-09-10 00:00:00+05:00,2024,9,10,1,False,Autumn,Islamabad,Punjab,33.6844,73.0479,527.0,14.429,25.379002,19.714417,0.0,5.8551936,44.20811,953.4614,6.9310837,11.25,,10.950002,False,False,No Rain,Calm
2024-09-10 00:00:00+05:00,2024,9,10,1,False,Autumn,Islamabad,Punjab,33.6844,73.0479,527.0,15.529,25.829,19.649834,0.5,5.972101,46.653122,954.37665,7.5665,65.625,,10.3,False,False,Light,Calm
2024-09-10 00:00:00+05:00,2024,9,10,1,False,Autumn,Islamabad,Punjab,33.6844,73.0479,527.0,14.479,25.329,20.118586,0.0,7.786987,39.10951,956.9968,5.5290008,0.125,,10.85,False,False,No Rain,Calm
2024-09-10 00:00:00+05:00,2024,9,10,1,False,Autumn,Islamabad,Punjab,33.6844,73.0479,527.0,16.079,26.679,20.904001,0.0,9.753167,34.229687,955.3623,4.131084,0.041666668,,10.6,False,False,No Rain,Calm
2024-09-10 00:00:00+05:00,2024,9,10,1,False,Autumn,Islamabad,Punjab,33.6844,73.0479,527.0,15.379,29.579,21.489416,0.0,8.198532,20.106659,953.5689,-3.2126672,25.75,,14.200001,False,False,No Rain,Calm
2024-09-10 00:00:00+05:00,2024,9,10,1,False,Autumn,Islamabad,Punjab,33.6844,73.0479,527.0,19.129002,30.029001,23.510252,0.0,4.837823,26.694265,954.9993,2.8644168,33.083332,,10.9,False,False,No Rain,Calm
2024-09-10 00:00:00+05:00,2024,9,10,1,False,Autumn,Islamabad,Punjab,33.6844,73.0479,527.0,20.479,28.679,23.812334,0.0,5.7250333,34.664734,954.76373,7.1289997,62.375,,8.200001,False,False,No Rain,Calm
2024-09-10 00:00:00+05:00,2024,9,10,1,False,Autumn,Islamabad,Punjab,33.6844,73.0479,527.0,18.179,29.329,23.460253,0.1,8.782368,40.88213,951.4783,8.926918,56.875,,11.15,False,False,Light,Calm
2024-09-10 00:00:00+05:00,2024,9,10,1,False,Autumn,Islamabad,Punjab,33.6844,73.0479,527.0,14.679,27.129002,20.660252,0.90000004,11.052926,52.285793,947.9617,9.962335,49.333332,,12.450002,False,False,Light,Breezy
2024-09-10 00:00:00+05:00,2024,9,10,1,False,Autumn,Islamabad,Punjab,33.6844,73.0479,527.0,13.5789995,24.579,18.920668,1.3000001,10.570243,64.45564,947.05096,11.722751,22.5,,11.000001,False,False,Light,Breezy
2024-09-10 00:00:00+05:00,2024,9,10,1,False,Autumn,Islamabad,Punjab,33.6844,73.0479,527.0,11.129,21.629002,16.716503,0.8000001,10.234611,43.054707,950.9546,3.3456666,5.75,,10.500002,False,False,Light,Breezy
2024-09-10 00:00:00+05:00,2024,9,10,1,False,Autumn,Islamabad,Punjab,33.6844,73.0479,527.0,12.0789995,24.429,17.701914,0.0,12.6386795,33.29729,952.6411,0.83941674,15.708333,,12.350001,False,False,No Rain,Breezy
2024-09-10 00:00:00+05:00,2024,9,10,1,False,Autumn,Islamabad,Punjab,33.6844,73.0479,527.0,13.929,26.929,20.385252,0.0,9.652962,28.620451,951.97504,0.30191678,0.083333336,,13.000001,False,False,No Rain,Calm
2024-09-10 00:00:00+05:00,2024,9,10,1,False,Autumn,Islamabad,Punjab,33.6844,73.0479,527.0,15.3289995,28.579,21.768583,0.0,9.962166,22.771177,952.9362,-0.8522501,0.0,,13.250001,False,False,No Rain,Calm
2024-09-10 00:00:00+05:00,2024,9,10,1,False,Autumn,Islamabad,Punjab,33.6844,73.0479,527.0,16.779001,29.229,22.61442,0.0,10.161813,20.909391,951.3804,-1.4605832,0.0,,12.449999,False,False,No Rain,Breezy
2024-09-10 00:00:00+05:00,2024,9,10,1,False,Autumn,Islamabad,Punjab,33.6844,73.0479,527.0,16.879002,30.829,24.110252,0.0,7.270424,19.78045,952.05133,-1.4751667,14.833333,,13.949999,False,False,No Rain,Calm
2024-09-10 00:00:00+05:00,2024,9,10,1,False,Autumn,Islamabad,Punjab,33.6844,73.0479,527.0,15.0789995,23.929,20.1415,0.0,14.189172,36.749958,954.9941,3.7352498,66.958336,,8.850001,False,False,No Rain,Breezy
2024-09-10 00:00:00+05:00,2024,9,10,1,False,Autumn,Islamabad,Punjab,33.6844,73.0479,527.0,14.3289995,28.779001,21.351915,0.0,12.020129,39.042915,954.92816,5.951917,8.041667,,14.450002,False,False,No Rain,Breezy
2024-09-10 00:00:00+05:00,2024,9,10,1,False,Autumn,Islamabad,Punjab,33.6844,73.0479,527.0,18.079,31.329,24.797754,0.0,9.522117,27.64828,950.8493,4.3102508,37.208332,,13.25,False,False,No Rain,Calm
2024-09-10 00:00:00+05:00,2024,9,10,1,False,Autumn,Islamabad,Punjab,33.6844,73.0479,527.0,18.979,33.779,27.274836,0.0,8.249611,24.683569,948.91644,4.9560833,74.5,,14.799999,False,False,No Rain,Calm
2024-09-10 00:00:00+05:00,2024,9,10,1,False,Autumn,Islamabad,Punjab,33.6844,73.0479,527.0,24.029001,36.029,29.243584,0.0,6.3300023,28.25055,950.67487,8.5685835,61.833332,,11.999998,True,False,No Rain,Calm
2024-09-10 00:00:00+05:00,2024,9,10,1,False,Autumn,Islamabad,Punjab,33.6844,73.0479,527.0,22.579,32.829002,27.63942,3.6,11.238609,36.755802,953.7029,11.231084,84.583336,,10.250002,False,False,Light,Breezy
2024-09-10 00:00:00+05:00,2024,9,10,1,False,Autumn,Islamabad,Punjab,33.6844,73.0479,527.0,21.079,35.229,26.612335,0.5,9.611501,36.951817,952.00775,9.9915,81.458336,,14.15,True,False,Light,Calm
2024-09-10 00:00:00+05:00,2024,9,10,1,False,Autumn,Islamabad,Punjab,33.6844,73.0479,527.0,21.029001,31.979,25.004004,2.5,6.54787,42.01996,946.8453,10.826919,58.875,,10.949999,False,False,Light,Calm
2024-09-10 00:00:00+05:00,2024,9,10,1,False,Autumn,Islamabad,Punjab,33.6844,73.0479,527.0,18.629002,28.579,23.560251,1.0,8.545505,42.62698,946.44073,9.649834,52.708332,,9.949999,False,False,Light,Calm
2024-09-10 00:00:00+05:00,2024,9,10,1,False,Autumn,Islamabad,Punjab,33.6844,73.0479,527.0,17.279001,31.579,24.937334,0.0,6.0373063,36.19494,948.4956,8.081082,1.0,,14.299999,False,False,No Rain,Calm
2024-09-10 00:00:00+05:00,2024,9,10,1,False,Autumn,Islamabad,Punjab,33.6844,73.0479,527.0,20.729,33.579002,27.076921,0.0,8.603465,35.35698,950.64594,9.947751,0.25,,12.850002,False,False,No Rain,Calm
2024-09-10 00:00:00+05:00,2024,9,10,1,False,Autumn,Islamabad,Punjab,33.6844,73.0479,527.0,21.579,35.979,28.945671,0.0,6.6159043,32.168465,949.76447,10.04775,0.5,,14.4,True,False,No Rain,Calm
2024-09-10 00:00:00+05:00,2024,9,10,1,False,Autumn,Islamabad,Punjab,33.6844,73.0479,527.0,24.779001,36.179,30.322752,0.0,9.919868,32.19467,950.39136,11.256085,2.1666667,,11.4,True,False,No Rain,Calm
2024-09-10 00:00:00+05:00,2024,9,10,1,False,Autumn,Islamabad,Punjab,33.6844,73.0479,527.0,22.029001,34.229,28.274832,1.4000001,14.207744,38.778156,949.96063,12.458165,39.166668,,12.199999,False,False,Light,Breezy
2024-09-10 00:00:00+05:00,2024,9,10,1,False,Autumn,Islamabad,Punjab,33.6844,73.0479,527.0,20.379002,33.329002,26.77484,0.0,8.360492,43.493893,948.5664,12.726917,23.708334,,12.950001,False,False,No Rain,Calm
2024-09-10 00:00:00+05:00,2024,9,10,1,False,Autumn,Islamabad,Punjab,33.6844,73.0479,527.0,20.229,33.829002,27.19567,3.6999998,13.737767,43.555542,945.52814,13.151917,54.666668,,13.600002,False,False,Light,Breezy
2024-09-10 00:00:00+05:00,2024,9,10,1,False,Autumn,Islamabad,Punjab,33.6844,73.0479,527.0,19.129002,29.079,23.35817,2.5000002,12.458488,57.606625,944.7885,14.037331,38.708332,,9.949999,False,False,Light,Breezy
2024-09-10 00:00:00+05:00,2024,9,10,1,False,Autumn,Islamabad,Punjab,33.6844,73.0479,527.0,16.129,26.679,22.287333,1.2,10.006511,53.91743,945.9882,12.299834,21.083334,,10.550001,False,False,Light,Breezy
2024-09-10 00:00:00+05:00,2024,9,10,1,False,Autumn,Islamabad,Punjab,33.6844,73.0479,527.0,16.079,32.379,24.637337,0.0,7.9037495,38.27135,950.177,8.08525,10.958333,,16.300001,False,False,No Rain,Calm
2024-09-10 00:00:00+05:00,2024,9,10,1,False,Autumn,Islamabad,Punjab,33.6844,73.0479,527.0,19.479,33.229,26.572754,0.0,7.8475795,25.03276,951.8217,4.037333,8.875,,13.75,False,False,No Rain,Calm
2024-09-10 00:00:00+05:00,2024,9,10,1,False,Autumn,Islamabad,Punjab,33.6844,73.0479,527.0,18.579,33.529,26.724836,0.0,9.760453,21.102701,949.1241,2.0519166,29.291666,,14.949999,False,False,No Rain,Calm
2024-09-10 00:00:00+05:00,2024,9,10,1,False,Autumn,Islamabad,Punjab,33.6844,73.0479,527.0,19.729,34.229,26.670671,0.0,8.988457,21.383188,946.64014,1.9414998,46.083332,,14.5,False,False,No Rain,Calm
2024-09-10 00:00:00+05:00,2024,9,10,1,False,Autumn,Islamabad,Punjab,33.6844,73.0479,527.0,20.079,35.529,27.666498,0.0,7.1369934,18.362211,948.5988,0.40608343,4.375,,15.449999,True,False,No Rain,Calm
2024-09-10 00:00:00+05:00,2024,9,10,1,False,Autumn,Islamabad,Punjab,33.6844,73.0479,527.0,20.129002,34.629,28.25817,0.0,11.718301,18.2409,948.69604,1.1373333,31.625,,14.5,False,False,No Rain,Breezy
2024-09-10 00:00:00+05:00,2024,9,10,1,False,Autumn,Islamabad,Punjab,33.6844,73.0479,527.0,20.329,36.379,29.183167,0.0,8.7748165,19.120028,949.1582,2.1977503,0.375,,16.050001,True,False,No Rain,Calm
2024-09-10 00:00:00+05:00,2024,9,10,1,False,Autumn,Islamabad,Punjab,33.6844,73.0479,527.0,23.079,38.279,31.168585,0.0,8.707362,16.287188,947.3638,1.8998338,0.5,,15.199999,True,False,No Rain,Calm
2024-09-10 00:00:00+05:00,2024,9,10,1,False,Autumn,Islamabad,Punjab,33.6844,73.0479,527.0,24.879002,38.629,31.931084,0.0,9.390399,17.616373,946.8364,4.1081667,4.4583335,,13.75,True,False,No Rain,Calm
2024-09-10 00:00:00+05:00,2024,9,10,1,False,Autumn,Islamabad,Punjab,33.6844,73.0479,527.0,26.829,37.679,31.481085,0.0,12.176946,27.039564,948.6232,9.6623335,42.875,,10.85,True,False,No Rain,Breezy
2024-09-10 00:00:00+05:00,2024,9,10,1,False,Autumn,Islamabad,Punjab,33.6844,73.0479,527.0,25.179,34.129,29.197756,1.0,11.976052,38.309464,949.9371,13.049834,54.208332,,8.950001,False,False,Light,Breezy
2024-09-10 00:00:00+05:00,2024,9,10,1,False,Autumn,Islamabad,Punjab,33.6844,73.0479,527.0,21.629002,32.029,25.25192,7.3,11.317414,58.737442,951.03,16.318583,65.25,,10.399998,False,False,Moderate,Breezy
2024-09-10 00:00:00+05:00,2024,9,10,1,False,Autumn,Islamabad,Punjab,33.6844,73.0479,527.0,20.829,29.229,25.243586,2.8000002,4.4954686,54.262268,948.70874,14.924832,90.916664,,8.4,False,False,Light,Calm
2024-09-10 00:00:00+05:00,2024,9,10,1,False,Autumn,Islamabad,Punjab,33.6844,73.0479,527.0,22.029001,30.079,25.63942,1.8,5.8654494,50.60339,947.6074,14.241498,91.666664,,8.049999,False,False,Light,Calm
2024-09-10 00:00:00+05:00,2024,9,10,1,False,Autumn,Islamabad,Punjab,33.6844,73.0479,527.0,20.629002,30.879002,24.93109,1.2,7.7952476,56.958157,948.60175,15.551919,88.666664,,10.25,False,False,Light,Calm
2024-09-10 00:00:00+05:00,2024,9,10,1,False,Autumn,Islamabad,Punjab,33.6844,73.0479,527.0,21.829,31.329,26.879005,0.2,6.6931286,49.876537,948.4697,15.139416,41.708332,,9.5,False,False,Light,Calm
2024-09-10 00:00:00+05:00,2024,9,10,1,False,Autumn,Islamabad,Punjab,33.6844,73.0479,527.0,23.479,32.029,28.168587,0.3,6.6805663,45.73865,947.6827,15.087333,25.458334,,8.549999,False,False,Light,Calm
2024-09-10 00:00:00+05:00,2024,9,10,1,False,Autumn,Islamabad,Punjab,33.6844,73.0479,527.0,22.529001,30.479,26.408165,2.5,11.356594,57.917374,948.68744,17.224836,56.791668,,7.949999,False,False,Light,Breezy
2024-09-10 00:00:00+05:00,2024,9,10,1,False,Autumn,Islamabad,Punjab,33.6844,73.0479,527.0,21.579,29.229,25.212334,0.3,7.7232018,62.168747,950.74023,17.162336,44.083332,,7.6499996,False,False,Light,Calm
2024-09-10 00:00:00+05:00,2024,9,10,1,False,Autumn,Islamabad,Punjab,33.6844,73.0479,527.0,21.929,34.629,27.470667,0.6,7.3575215,45.447247,949.11884,14.003999,19.958334,,12.700001,False,False,Light,Calm
2024-09-10 00:00:00+05:00,2024,9,10,1,False,Autumn,Islamabad,Punjab,33.6844,73.0479,527.0,23.529001,34.229,28.726921,0.0,5.376432,37.313004,947.8145,12.4123335,37.75,,10.699999,False,False,No Rain,Calm
2024-09-10 00:00:00+05:00,2024,9,10,1,False,Autumn,Islamabad,Punjab,33.6844,73.0479,527.0,23.079,33.279,27.674835,0.4,5.456959,39.978077,946.85333,12.520664,44.583332,,10.199999,False,False,Light,Calm
2024-09-10 00:00:00+05:00,2024,9,10,1,False,Autumn,Islamabad,Punjab,33.6844,73.0479,527.0,23.079,35.629,29.337334,0.0,6.673289,30.441095,946.78595,9.154,5.1666665,,12.550001,True,False,No Rain,Calm
2024-09-10 00:00:00+05:00,2024,9,10,1,False,Autumn,Islamabad,Punjab,33.6844,73.0479,527.0,24.579,37.629,31.07692,0.0,6.9608693,25.10372,946.99365,7.987334,15.625,,13.050001,True,False,No Rain,Calm
2024-09-10 00:00:00+05:00,2024,9,10,1,False,Autumn,Islamabad,Punjab,33.6844,73.0479,527.0,24.679,39.129,32.2915,0.0,8.177713,21.289093,946.0651,6.7769165,0.29166666,,14.450001,True,False,No Rain,Calm
2024-09-10 00:00:00+05:00,2024,9,10,1,False,Autumn,Islamabad,Punjab,33.6844,73.0479,527.0,27.479,40.629,33.91234,0.0,4.8970923,19.54872,945.164,6.8977504,4.4166665,,13.150002,True,False,No Rain,Calm
2024-09-10 00:00:00+05:00,2024,9,10,1,False,Autumn,Islamabad,Punjab,33.6844,73.0479,527.0,27.679,40.929,34.179005,0.0,7.5477047,19.046894,944.5398,6.7456665,0.20833333,,13.25,True,False,No Rain,Calm
2024-09-10 00:00:00+05:00,2024,9,10,1,False,Autumn,Islamabad,Punjab,33.6844,73.0479,527.0,28.629002,41.929,35.018585,0.0,8.483072,20.520433,944.17426,8.654,33.583332,,13.299999,True,False,No Rain,Calm
2024-09-10 00:00:00+05:00,2024,9,10,1,False,Autumn,Islamabad,Punjab,33.6844,73.0479,527.0,28.629002,38.929,33.66233,0.0,10.988969,24.26174,944.85724,10.031084,14.083333,,10.299999,True,False,No Rain,Breezy
2024-09-10 00:00:00+05:00,2024,9,10,1,False,Autumn,Islamabad,Punjab,33.6844,73.0479,527.0,27.879002,40.529,34.58317,0.0,8.727296,19.760246,943.90497,7.7706666,5.625,,12.649998,True,False,No Rain,Calm
2024-09-10 00:00:00+05:00,2024,9,10,1,False,Autumn,Islamabad,Punjab,33.6844,73.0479,527.0,27.079,42.379,35.26234,0.0,6.7984753,20.89124,943.2453,8.737333,5.125,,15.300001,True,False,No Rain,Calm
2024-09-10 00:00:00+05:00,2024,9,10,1,False,Autumn,Islamabad,Punjab,33.6844,73.0479,527.0,29.529001,40.529,34.387337,0.0,13.085515,25.73842,943.4085,11.664417,0.125,,10.999998,True,False,No Rain,Breezy
2024-09-10 00:00:00+05:00,2024,9,10,1,False,Autumn,Islamabad,Punjab,33.6844,73.0479,527.0,28.729,38.429,32.633167,0.0,13.802963,37.227634,943.41974,15.760247,15.833333,,9.700001,True,False,No Rain,Breezy
2024-09-10 00:00:00+05:00,2024,9,10,1,False,Autumn,Islamabad,Punjab,33.6844,73.0479,527.0,25.579,33.429,29.55192,2.9999998,12.885217,45.948185,944.4548,16.522753,25.708334,,7.8500004,False,False,Light,Breezy
2024-09-10 00:00:00+05:00,2024,9,10,1,False,Autumn,Islamabad,Punjab,33.6844,73.0479,527.0,22.829,35.829002,29.50192,0.0,5.8977876,44.20506,947.3899,15.312333,2.9583333,,13.000002,True,False,No Rain,Calm
2024-09-10 00:00:00+05:00,2024,9,10,1,False,Autumn,Islamabad,Punjab,33.6844,73.0479,527.0,25.479,36.929,31.26442,0.0,8.100015,40.37274,945.9118,15.622749,9.5,,11.450001,True,False,No Rain,Calm
2024-09-10 00:00:00+05:00,2024,9,10,1,False,Autumn,Islamabad,Punjab,33.6844,73.0479,527.0,25.629002,35.129,30.295668,0.5,10.855475,45.551178,943.80707,16.893585,47.625,,9.5,True,False,Light,Breezy
2024-09-10 00:00:00+05:00,2024,9,10,1,False,Autumn,Islamabad,Punjab,33.6844,73.0479,527.0,22.879002,36.229,29.854002,0.0,9.851982,42.150623,941.9429,14.364418,32.25,,13.349998,True,False,No Rain,Calm
2024-09-10 00:00:00+05:00,2024,9,10,1,False,Autumn,Islamabad,Punjab,33.6844,73.0479,527.0,27.479,37.579002,30.472748,4.3,8.446429,32.00193,939.93506,11.4915,31.541666,,10.100002,True,False,Light,Calm
2024-09-10 00:00:00+05:00,2024,9,10,1,False,Autumn,Islamabad,Punjab,33.6844,73.0479,527.0,21.779001,34.479,29.499838,0.5,12.637618,35.24898,939.5516,11.764417,38.458332,,12.699999,False,False,Light,Breezy
2024-09-10 00:00:00+05:00,2024,9,10,1,False,Autumn,Islamabad,Punjab,33.6844,73.0479,527.0,21.029001,30.729,25.806086,2.4,11.598832,49.39713,942.4534,13.851916,53.75,,9.699999,False,False,Light,Breezy
2024-09-10 00:00:00+05:00,2024,9,10,1,False,Autumn,Islamabad,Punjab,33.6844,73.0479,527.0,20.479,32.779,26.822752,0.0,5.369148,39.24748,942.8726,11.091502,3.875,,12.299999,False,False,No Rain,Calm
2024-09-10 00:00:00+05:00,2024,9,10,1,False,Autumn,Islamabad,Punjab,33.6844,73.0479,527.0,22.429,34.779,29.029,0.0,8.887523,30.468956,941.3903,9.26025,13.375,,12.349998,False,False,No Rain,Calm
2024-09-10 00:00:00+05:00,2024,9,10,1,False,Autumn,Islamabad,Punjab,33.6844,73.0479,527.0,22.229,31.829,27.666502,0.0,12.140601,33.93691,943.49536,10.097751,12.0,,9.6,False,False,No Rain,Breezy
2024-09-10 00:00:00+05:00,2024,9,10,1,False,Autumn,Islamabad,Punjab,33.6844,73.0479,527.0,22.929,31.529001,26.929003,1.5999999,7.565195,41.47205,946.56573,12.462334,25.291666,,8.6,False,False,Light,Calm
2024-09-10 00:00:00+05:00,2024,9,10,1,False,Autumn,Islamabad,Punjab,33.6844,73.0479,527.0,23.429,34.829002,29.239416,0.0,8.700173,38.05149,949.3509,13.054,14.75,,11.400002,False,False,No Rain,Calm
2024-09-10 00:00:00+05:00,2024,9,10,1,False,Autumn,Islamabad,Punjab,33.6844,73.0479,527.0,25.279001,37.429,31.447748,0.0,6.830086,37.148144,948.1431,14.662332,7.6666665,,12.15,True,False,No Rain,Calm
2024-09-10 00:00:00+05:00,2024,9,10,1,False,Autumn,Islamabad,Punjab,33.6844,73.0479,527.0,28.629002,40.479,34.456085,0.0,8.024487,31.484682,946.7884,14.4165,9.291667,,11.849998,True,False,No Rain,Calm
2024-09-10 00:00:00+05:00,2024,9,10,1,False,Autumn,Islamabad,Punjab,33.6844,73.0479,527.0,27.029001,40.129,33.69775,0.0,9.560516,27.714956,946.1049,11.806083,0.041666668,,13.1,True,False,No Rain,Calm
2024-09-10 00:00:00+05:00,2024,9,10,1,False,Autumn,Islamabad,Punjab,33.6844,73.0479,527.0,30.179,41.779,35.760258,0.0,7.644911,21.925201,943.7825,10.3081665,1.5,,11.599998,True,False,No Rain,Calm
2024-09-10 00:00:00+05:00,2024,9,10,1,False,Autumn,Islamabad,Punjab,33.6844,73.0479,527.0,28.579,44.079002,36.9165,0.0,7.6658635,20.900629,941.8819,9.583168,6.3333335,,15.500002,True,False,No Rain,Calm
2024-09-10 00:00:00+05:00,2024,9,10,1,False,Autumn,Islamabad,Punjab,33.6844,73.0479,527.0,31.979,44.529,37.710255,0.0,11.241143,16.978075,942.90845,7.98525,6.0833335,,12.549999,True,False,No Rain,Breezy
2024-09-10 00:00:00+05:00,2024,9,10,1,False,Autumn,Islamabad,Punjab,33.6844,73.0479,527.0,31.029001,43.379,37.00192,0.0,9.285209,17.305727,942.98486,7.6185837,9.0,,12.35,True,False,No Rain,Calm
2024-09-10 00:00:00+05:00,2024,9,10,1,False,Autumn,Islamabad,Punjab,33.6844,73.0479,527.0,31.029001,41.679,36.14567,0.0,10.438555,20.495825,944.4822,9.604,22.875,,10.65,True,False,No Rain,Breezy
2024-09-10 00:00:00+05:00,2024,9,10,1,False,Autumn,Islamabad,Punjab,33.6844,73.0479,527.0,28.179,39.379,33.79983,0.0,11.006438,29.20632,943.72076,12.829002,28.75,,11.200001,True,False,No Rain,Breezy
2024-09-10 00:00:00+05:00,2024,9,10,1,False,Autumn,Islamabad,Punjab,33.6844,73.0479,527.0,29.029001,41.879,34.6915,0.0,11.734367,25.775023,941.15936,11.295666,44.833332,,12.85,True,False,No Rain,Breezy
2024-09-10 00:00:00+05:00,2024,9,10,1,False,Autumn,Islamabad,Punjab,33.6844,73.0479,527.0,29.779001,36.729,33.131084,0.0,9.166221,33.995464,942.47437,14.9165,69.916664,,6.949999,True,False,No Rain,Calm
2024-09-10 00:00:00+05:00,2024,9,10,1,False,Autumn,Islamabad,Punjab,33.6844,73.0479,527.0,28.629002,37.879,32.708164,0.5,11.991565,39.776844,942.9301,16.731085,5.375,,9.25,True,False,Light,Breezy
2024-09-10 00:00:00+05:00,2024,9,10,1,False,Autumn,Islamabad,Punjab,33.6844,73.0479,527.0,27.679,38.779,33.529,0.0,10.414142,40.355663,941.1552,17.193583,0.5416667,,11.099998,True,False,No Rain,Breezy
2024-09-10 00:00:00+05:00,2024,9,10,1,False,Autumn,Islamabad,Punjab,33.6844,73.0479,527.0,29.629002,40.479,35.34775,0.0,12.532188,39.536972,939.24176,18.893583,1.6666666,,10.849998,True,False,No Rain,Breezy
2024-09-10 00:00:00+05:00,2024,9,10,1,False,Autumn,Islamabad,Punjab,33.6844,73.0479,527.0,30.429,41.029,35.620667,0.0,14.114236,44.71121,941.05975,20.937334,7.4583335,,10.599998,True,False,No Rain,Breezy
2024-09-10 00:00:00+05:00,2024,9,10,1,False,Autumn,Islamabad,Punjab,33.6844,73.0479,527.0,28.129002,39.479,33.468582,9.1,15.433536,58.419582,942.4038,23.568583,39.958332,,11.349998,True,False,Moderate,Breezy
2024-09-10 00:00:00+05:00,2024,9,10,1,False,Autumn,Islamabad,Punjab,33.6844,73.0479,527.0,25.129002,34.479,29.476921,29.600002,7.2635903,72.97605,942.14044,23.774832,50.541668,,9.349998,False,False,Heavy,Calm
2024-09-10 00:00:00+05:00,2024,9,10,1,False,Autumn,Islamabad,Punjab,33.6844,73.0479,527.0,24.729,36.129,31.368586,5.8999996,7.2455425,64.616844,939.78735,23.4665,14.708333,,11.400002,True,False,Moderate,Calm
2024-09-10 00:00:00+05:00,2024,9,10,1,False,Autumn,Islamabad,Punjab,33.6844,73.0479,527.0,27.529001,37.429,32.468586,0.1,13.550186,63.46437,938.67474,24.333166,13.833333,,9.9,True,False,Light,Breezy
2024-09-10 00:00:00+05:00,2024,9,10,1,False,Autumn,Islamabad,Punjab,33.6844,73.0479,527.0,25.629002,32.829002,28.839418,27.100002,14.876674,79.21809,941.74774,24.720673,72.583336,,7.200001,False,False,Heavy,Breezy
2024-09-10 00:00:00+05:00,2024,9,10,1,False,Autumn,Islamabad,Punjab,33.6844,73.0479,527.0,25.229,30.429,27.39775,22.600002,11.480015,83.94528,944.70184,24.347754,99.666664,,5.200001,False,False,Heavy,Breezy
2024-09-10 00:00:00+05:00,2024,9,10,1,False,Autumn,Islamabad,Punjab,33.6844,73.0479,527.0,25.829,34.029,29.529001,2.3999999,9.162714,71.96708,944.1297,23.674835,46.833332,,8.199999,False,False,Light,Calm
2024-09-10 00:00:00+05:00,2024,9,10,1,False,Autumn,Islamabad,Punjab,33.6844,73.0479,527.0,24.629002,34.079002,29.966501,4.999999,4.938509,71.345436,941.8841,23.904001,53.333332,,9.450001,False,False,Light,Calm
2024-09-10 00:00:00+05:00,2024,9,10,1,False,Autumn,Islamabad,Punjab,33.6844,73.0479,527.0,24.629002,35.329002,29.666498,11.000002,8.453605,72.53182,938.38385,23.862335,55.375,,10.700001,True,False,Moderate,Calm
2024-09-10 00:00:00+05:00,2024,9,10,1,False,Autumn,Islamabad,Punjab,33.6844,73.0479,527.0,23.779001,34.679,29.01442,25.800003,8.898182,74.540085,939.27203,23.537336,42.791668,,10.9,False,False,Heavy,Calm
2024-09-10 00:00:00+05:00,2024,9,10,1,False,Autumn,Islamabad,Punjab,33.6844,73.0479,527.0,23.329,33.129,28.037333,29.1,10.3174305,79.182434,941.4118,23.868586,57.958332,,9.800001,False,False,Heavy,Breezy
2024-09-10 00:00:00+05:00,2024,9,10,1,False,Autumn,Islamabad,Punjab,33.6844,73.0479,527.0,24.029001,31.829,27.7415,18.2,8.988252,78.97422,942.46576,23.50817,62.791668,,7.799999,False,False,Moderate,Calm
2024-09-10 00:00:00+05:00,2024,9,10,1,False,Autumn,Islamabad,Punjab,33.6844,73.0479,527.0,26.829,33.879,30.312332,0.5,10.121972,66.8344,942.7234,23.349833,16.875,,7.050001,False,False,Light,Breezy
2024-09-10 00:00:00+05:00,2024,9,10,1,False,Autumn,Islamabad,Punjab,33.6844,73.0479,527.0,27.479,35.279,30.935251,0.5,10.062331,68.652336,942.25824,24.331083,18.583334,,7.799999,True,False,Light,Breezy
2024-09-10 00:00:00+05:00,2024,9,10,1,False,Autumn,Islamabad,Punjab,33.6844,73.0479,527.0,25.179,35.629,30.770674,6.9,12.509835,72.61898,940.7485,25.008171,75.041664,,10.450001,True,False,Moderate,Breezy
2024-09-10 00:00:00+05:00,2024,9,10,1,False,Autumn,Islamabad,Punjab,33.6844,73.0479,527.0,24.779001,33.079002,28.899836,11.3,12.393963,77.65871,940.48773,24.387335,95.625,,8.300001,False,False,Moderate,Breezy
2024-09-10 00:00:00+05:00,2024,9,10,1,False,Autumn,Islamabad,Punjab,33.6844,73.0479,527.0,26.329,33.129,28.835253,6.7000003,10.945882,77.01271,941.6023,24.264421,58.458332,,6.800001,False,False,Moderate,Breezy
2024-09-10 00:00:00+05:00,2024,9,10,1,False,Autumn,Islamabad,Punjab,33.6844,73.0479,527.0,25.579,31.829,28.549833,2.5000002,9.339908,78.99936,941.5732,24.437338,60.25,,6.25,False,False,Light,Calm
2024-09-10 00:00:00+05:00,2024,9,10,1,False,Autumn,Islamabad,Punjab,33.6844,73.0479,527.0,23.829,32.229,27.529005,18.000004,10.365315,81.19106,942.242,23.818586,58.041668,,8.4,False,False,Moderate,Breezy
2024-09-10 00:00:00+05:00,2024,9,10,1,False,Autumn,Islamabad,Punjab,33.6844,73.0479,527.0,23.029001,29.179,26.13942,11.4,10.872494,83.33571,944.39935,23.006083,80.333336,,6.1499996,False,False,Moderate,Breezy
2024-09-10 00:00:00+05:00,2024,9,10,1,False,Autumn,Islamabad,Punjab,33.6844,73.0479,527.0,22.779001,32.379,27.331083,1.7,6.507318,74.89219,944.79095,22.14358,31.125,,9.6,False,False,Light,Calm
2024-09-10 00:00:00+05:00,2024,9,10,1,False,Autumn,Islamabad,Punjab,33.6844,73.0479,527.0,22.579,33.429,28.66025,1.6,7.2011147,67.02967,945.00336,21.54567,14.916667,,10.85,False,False,Light,Calm
2024-09-10 00:00:00+05:00,2024,9,10,1,False,Autumn,Islamabad,Punjab,33.6844,73.0479,527.0,26.229,33.829002,29.093584,2.2,8.467648,68.34407,944.8807,22.576918,16.208334,,7.6000023,False,False,Light,Calm
2024-09-10 00:00:00+05:00,2024,9,10,1,False,Autumn,Islamabad,Punjab,33.6844,73.0479,527.0,22.729,32.029,27.86025,1.0,5.617765,72.28986,944.40436,22.206085,64.0,,9.299999,False,False,Light,Calm
2024-09-10 00:00:00+05:00,2024,9,10,1,False,Autumn,Islamabad,Punjab,33.6844,73.0479,527.0,24.279001,28.879002,26.34775,2.1999998,9.284908,84.35946,943.5485,23.4415,99.083336,,4.6000004,False,False,Light,Calm
2024-09-10 00:00:00+05:00,2024,9,10,1,False,Autumn,Islamabad,Punjab,33.6844,73.0479,527.0,23.979,27.929,25.3165,45.5,8.032104,88.97586,942.96655,23.343584,100.0,,3.9500008,False,False,Heavy,Calm
2024-09-10 00:00:00+05:00,2024,9,10,1,False,Autumn,Islamabad,Punjab,33.6844,73.0479,527.0,23.629002,29.129002,25.47275,59.09999,9.637624,88.348366,945.0671,23.362335,94.208336,,5.5,False,False,Heavy,Calm
2024-09-10 00:00:00+05:00,2024,9,10,1,False,Autumn,Islamabad,Punjab,33.6844,73.0479,527.0,23.629002,32.779,28.0915,1.0,6.230412,75.19565,945.74884,22.943586,36.75,,9.149998,False,False,Light,Calm
2024-09-10 00:00:00+05:00,2024,9,10,1,False,Autumn,Islamabad,Punjab,33.6844,73.0479,527.0,26.179,34.329002,30.276922,0.0,4.080726,69.79681,942.20874,23.972754,28.5,,8.150002,False,False,No Rain,Calm
2024-09-10 00:00:00+05:00,2024,9,10,1,False,Autumn,Islamabad,Punjab,33.6844,73.0479,527.0,27.179,34.429,30.493582,1.0,9.795716,71.82651,941.0705,24.654005,23.833334,,7.25,False,False,Light,Calm
2024-09-10 00:00:00+05:00,2024,9,10,1,False,Autumn,Islamabad,Punjab,33.6844,73.0479,527.0,24.979,32.529,27.770666,12.800001,12.248931,84.421005,942.67285,24.79567,72.416664,,7.549999,False,False,Moderate,Breezy
2024-09-10 00:00:00+05:00,2024,9,10,1,False,Autumn,Islamabad,Punjab,33.6844,73.0479,527.0,24.229,30.979,26.510248,16.400002,14.016368,85.311745,942.1086,23.701918,64.0,,6.75,False,False,Moderate,Breezy
2024-09-10 00:00:00+05:00,2024,9,10,1,False,Autumn,Islamabad,Punjab,33.6844,73.0479,527.0,22.979,31.179,26.010254,33.799995,9.656823,86.041466,939.4348,23.268585,69.666664,,8.200001,False,False,Heavy,Calm
2024-09-10 00:00:00+05:00,2024,9,10,1,False,Autumn,Islamabad,Punjab,33.6844,73.0479,527.0,24.329,32.279,27.77275,0.1,5.1012964,76.759285,939.10596,23.037338,36.875,,7.949999,False,False,Light,Calm
2024-09-10 00:00:00+05:00,2024,9,10,1,False,Autumn,Islamabad,Punjab,33.6844,73.0479,527.0,24.079,33.779,29.245668,0.0,4.1918573,73.42623,938.979,23.706083,5.2916665,,9.699999,False,False,No Rain,Calm
2024-09-10 00:00:00+05:00,2024,9,10,1,False,Autumn,Islamabad,Punjab,33.6844,73.0479,527.0,26.679,34.479,30.633165,0.0,5.910463,65.91391,940.49896,23.35817,4.2916665,,7.799999,False,False,No Rain,Calm
2024-09-10 00:00:00+05:00,2024,9,10,1,False,Autumn,Islamabad,Punjab,33.6844,73.0479,527.0,27.729,34.729,31.047752,0.2,6.1484,69.945564,940.11884,24.785254,6.9166665,,7.0,False,False,Light,Calm
2024-09-10 00:00:00+05:00,2024,9,10,1,False,Autumn,Islamabad,Punjab,33.6844,73.0479,527.0,26.929,34.329002,30.431091,0.3,9.0042715,73.84469,939.4567,25.087334,20.0,,7.4000015,False,False,Light,Calm
2024-09-10 00:00:00+05:00,2024,9,10,1,False,Autumn,Islamabad,Punjab,33.6844,73.0479,527.0,24.279001,32.279,28.304,14.6,14.410992,81.609825,939.3743,24.7665,40.958332,,7.999998,False,False,Moderate,Breezy
2024-09-10 00:00:00+05:00,2024,9,10,1,False,Autumn,Islamabad,Punjab,33.6844,73.0479,527.0,23.479,31.079,26.68109,34.79999,13.4214945,82.93152,941.83795,23.395668,72.75,,7.6000004,False,False,Heavy,Breezy
2024-09-10 00:00:00+05:00,2024,9,10,1,False,Autumn,Islamabad,Punjab,33.6844,73.0479,527.0,23.029001,31.479,28.029,2.0000002,8.402511,79.65856,942.70355,24.020666,33.041668,,8.449999,False,False,Light,Calm
2024-09-10 00:00:00+05:00,2024,9,10,1,False,Autumn,Islamabad,Punjab,33.6844,73.0479,527.0,24.029001,31.279001,27.43942,15.099999,9.688437,82.13792,942.98456,23.997755,39.0,,7.25,False,False,Moderate,Calm
2024-09-10 00:00:00+05:00,2024,9,10,1,False,Autumn,Islamabad,Punjab,33.6844,73.0479,527.0,23.029001,31.279001,27.112337,5.6,7.813169,83.17289,943.23663,23.883171,34.375,,8.25,False,False,Moderate,Calm
2024-09-10 00:00:00+05:00,2024,9,10,1,False,Autumn,Islamabad,Punjab,33.6844,73.0479,527.0,23.679,32.579002,28.651918,2.1999998,6.686602,76.28166,943.8232,23.864418,17.791666,,8.900002,False,False,Light,Calm
2024-09-10 00:00:00+05:00,2024,9,10,1,False,Autumn,Islamabad,Punjab,33.6844,73.0479,527.0,25.479,33.329002,29.441498,0.5,11.659047,73.65518,944.19806,24.147753,14.416667,,7.8500023,False,False,Light,Breezy
2024-09-10 00:00:00+05:00,2024,9,10,1,False,Autumn,Islamabad,Punjab,33.6844,73.0479,527.0,24.079,32.279,29.031088,11.0,13.122039,74.0955,944.0251,23.87692,38.916668,,8.199999,False,False,Moderate,Breezy
2024-09-10 00:00:00+05:00,2024,9,10,1,False,Autumn,Islamabad,Punjab,33.6844,73.0479,527.0,23.379002,31.379002,27.103998,7.2,8.513188,79.70112,945.5634,23.176918,45.916668,,8.0,False,False,Moderate,Calm
2024-09-10 00:00:00+05:00,2024,9,10,1,False,Autumn,Islamabad,Punjab,33.6844,73.0479,527.0,23.979,32.229,28.204004,0.70000005,6.188544,74.803734,944.8837,23.131083,15.625,,8.25,False,False,Light,Calm
2024-09-10 00:00:00+05:00,2024,9,10,1,False,Autumn,Islamabad,Punjab,33.6844,73.0479,527.0,25.679,33.379,29.174837,0.7,7.355053,70.89227,945.41724,23.197752,18.25,,7.700001,False,False,Light,Calm
2024-09-10 00:00:00+05:00,2024,9,10,1,False,Autumn,Islamabad,Punjab,33.6844,73.0479,527.0,23.829,32.629,28.243586,1.5000001,5.968104,77.96993,947.9261,23.831085,22.291666,,8.800001,False,False,Light,Calm
2024-09-10 00:00:00+05:00,2024,9,10,1,False,Autumn,Islamabad,Punjab,33.6844,73.0479,527.0,25.779001,31.929,28.766502,0.5,7.0371013,77.95824,946.2893,24.481087,26.166666,,6.1499996,False,False,Light,Calm
2024-09-10 00:00:00+05:00,2024,9,10,1,False,Autumn,Islamabad,Punjab,33.6844,73.0479,527.0,26.679,33.629,30.291502,0.3,7.909687,74.01086,944.12134,25.03525,61.791668,,6.950001,False,False,Light,Calm
2024-09-10 00:00:00+05:00,2024,9,10,1,False,Autumn,Islamabad,Punjab,33.6844,73.0479,527.0,26.679,32.479,28.874838,3.8,17.501036,79.82908,943.5893,24.974838,91.833336,,5.799999,False,False,Light,Breezy
2024-09-10 00:00:00+05:00,2024,9,10,1,False,Autumn,Islamabad,Punjab,33.6844,73.0479,527.0,26.079,32.479,28.954004,0.2,11.379857,78.163315,943.441,24.637335,77.666664,,6.3999996,False,False,Light,Breezy
2024-09-10 00:00:00+05:00,2024,9,10,1,False,Autumn,Islamabad,Punjab,33.6844,73.0479,527.0,25.679,31.529001,28.049837,7.7,16.468084,80.24939,945.7493,24.285254,99.833336,,5.8500004,False,False,Moderate,Breezy
2024-09-10 00:00:00+05:00,2024,9,10,1,False,Autumn,Islamabad,Punjab,33.6844,73.0479,527.0,23.779001,30.979,27.356087,16.800003,7.9153037,81.0597,945.7321,23.733168,55.458332,,7.199999,False,False,Moderate,Calm
2024-09-10 00:00:00+05:00,2024,9,10,1,False,Autumn,Islamabad,Punjab,33.6844,73.0479,527.0,23.679,31.729,28.11025,21.8,6.5153065,80.67688,944.1862,24.279001,37.0,,8.049999,False,False,Heavy,Calm
2024-09-10 00:00:00+05:00,2024,9,10,1,False,Autumn,Islamabad,Punjab,33.6844,73.0479,527.0,24.079,31.079,26.910254,22.500002,9.187276,85.78967,945.7037,24.199837,71.875,,7.0,False,False,Heavy,Calm
2024-09-10 00:00:00+05:00,2024,9,10,1,False,Autumn,Islamabad,Punjab,33.6844,73.0479,527.0,23.379002,27.779001,25.339418,42.0,8.162203,91.161064,947.78925,23.754005,77.083336,,4.3999996,False,False,Heavy,Calm
2024-09-10 00:00:00+05:00,2024,9,10,1,False,Autumn,Islamabad,Punjab,33.6844,73.0479,527.0,22.479,29.529001,25.791498,6.4999995,6.205448,83.78313,946.94684,22.737337,58.875,,7.050001,False,False,Moderate,Calm
2024-09-10 00:00:00+05:00,2024,9,10,1,False,Autumn,Islamabad,Punjab,33.6844,73.0479,527.0,23.429,31.779001,27.483171,0.0,4.869804,74.53496,946.0455,22.364418,2.2083333,,8.35,False,False,No Rain,Calm
2024-09-10 00:00:00+05:00,2024,9,10,1,False,Autumn,Islamabad,Punjab,33.6844,73.0479,527.0,24.429,31.729,28.226921,0.0,7.660769,74.86197,946.1015,23.204,8.291667,,7.299999,False,False,No Rain,Calm
2024-09-10 00:00:00+05:00,2024,9,10,1,False,Autumn,Islamabad,Punjab,33.6844,73.0479,527.0,26.329,32.479,29.270668,0.0,6.8801436,68.26316,942.7841,22.701918,3.0833333,,6.1499996,False,False,No Rain,Calm
2024-09-10 00:00:00+05:00,2024,9,10,1,False,Autumn,Islamabad,Punjab,33.6844,73.0479,527.0,24.479,31.029001,27.726921,10.9,11.563746,77.92797,942.5842,23.481087,30.791666,,6.550001,False,False,Moderate,Breezy
2024-09-10 00:00:00+05:00,2024,9,10,1,False,Autumn,Islamabad,Punjab,33.6844,73.0479,527.0,22.679,29.029001,24.964417,25.000004,9.531604,86.20986,945.22174,22.399832,65.0,,6.3500004,False,False,Heavy,Calm
2024-09-10 00:00:00+05:00,2024,9,10,1,False,Autumn,Islamabad,Punjab,33.6844,73.0479,527.0,22.329,30.079,25.954,1.5,9.01859,80.11558,945.34357,22.166502,7.1666665,,7.75,False,False,Light,Calm
2024-09-10 00:00:00+05:00,2024,9,10,1,False,Autumn,Islamabad,Punjab,33.6844,73.0479,527.0,23.129002,31.029001,26.339418,0.1,9.649322,77.29746,945.3762,21.870668,6.4166665,,7.8999996,False,False,Light,Calm
2024-09-10 00:00:00+05:00,2024,9,10,1,False,Autumn,Islamabad,Punjab,33.6844,73.0479,527.0,23.379002,29.429,26.222754,0.1,5.548605,76.02685,946.6245,21.547752,53.333332,,6.049999,False,False,Light,Calm
2024-09-10 00:00:00+05:00,2024,9,10,1,False,Autumn,Islamabad,Punjab,33.6844,73.0479,527.0,23.629002,32.029,27.999834,0.0,5.186539,75.99023,945.1479,23.206087,4.9166665,,8.399998,False,False,No Rain,Calm
2024-09-10 00:00:00+05:00,2024,9,10,1,False,Autumn,Islamabad,Punjab,33.6844,73.0479,527.0,25.029001,31.579,28.31442,0.8,11.862721,77.50326,945.7578,23.937334,25.0,,6.549999,False,False,Light,Breezy
2024-09-10 00:00:00+05:00,2024,9,10,1,False,Autumn,Islamabad,Punjab,33.6844,73.0479,527.0,23.179,30.129002,26.429003,5.7,8.096455,81.57308,948.6059,22.933167,88.166664,,6.950001,False,False,Moderate,Calm
2024-09-10 00:00:00+05:00,2024,9,10,1,False,Autumn,Islamabad,Punjab,33.6844,73.0479,527.0,23.829,28.729,25.743584,2.6000001,9.177794,83.7116,946.08325,22.72275,22.958334,,4.8999996,False,False,Light,Calm
2024-09-10 00:00:00+05:00,2024,9,10,1,False,Autumn,Islamabad,Punjab,33.6844,73.0479,527.0,22.379002,29.479,25.329002,1.2,6.785471,80.126625,943.6685,21.522749,33.041668,,7.0999985,False,False,Light,Calm
2024-09-10 00:00:00+05:00,2024,9,10,1,False,Autumn,Islamabad,Punjab,33.6844,73.0479,527.0,22.129002,29.329,25.206085,1.8000001,8.632691,79.74969,945.0539,21.335253,15.833333,,7.199999,False,False,Light,Calm
2024-09-10 00:00:00+05:00,2024,9,10,1,False,Autumn,Islamabad,Punjab,33.6844,73.0479,527.0,22.379002,28.329,25.026915,0.8,10.16852,74.7145,947.61884,20.089418,32.291668,,5.949999,False,False,Light,Breezy
2024-09-10 00:00:00+05:00,2024,9,10,1,False,Autumn,Islamabad,Punjab,33.6844,73.0479,527.0,22.579,30.979,26.18942,0.3,5.99707,73.860374,948.88007,20.949835,10.958333,,8.4,False,False,Light,Calm
2024-09-10 00:00:00+05:00,2024,9,10,1,False,Autumn,Islamabad,Punjab,33.6844,73.0479,527.0,23.229,32.179,27.545664,0.0,3.7929144,71.82516,948.43463,21.699835,10.833333,,8.950001,False,False,No Rain,Calm
2024-09-10 00:00:00+05:00,2024,9,10,1,False,Autumn,Islamabad,Punjab,33.6844,73.0479,527.0,24.879002,32.129,28.343584,0.0,6.662504,70.92242,948.613,22.41442,6.375,,7.25,False,False,No Rain,Calm
2024-09-10 00:00:00+05:00,2024,9,10,1,False,Autumn,Islamabad,Punjab,33.6844,73.0479,527.0,22.029001,30.079,26.12692,8.9,7.8026595,78.06386,948.532,21.870668,46.5,,8.049999,False,False,Moderate,Calm
2024-09-10 00:00:00+05:00,2024,9,10,1,False,Autumn,Islamabad,Punjab,33.6844,73.0479,527.0,23.429,29.479,26.42275,0.2,5.3703227,75.167534,948.65985,21.581085,87.666664,,6.049999,False,False,Light,Calm
2024-09-10 00:00:00+05:00,2024,9,10,1,False,Autumn,Islamabad,Punjab,33.6844,73.0479,527.0,24.279001,31.679,27.74775,0.0,4.3979855,70.957726,949.7903,21.895668,36.666668,,7.3999996,False,False,No Rain,Calm
2024-09-10 00:00:00+05:00,2024,9,10,1,False,Autumn,Islamabad,Punjab,33.6844,73.0479,527.0,24.929,31.929,28.16025,0.0,4.009118,68.77229,948.09595,21.697754,0.625,,7.0,False,False,No Rain,Calm
2024-09-10 00:00:00+05:00,2024,9,10,1,False,Autumn,Islamabad,Punjab,33.6844,73.0479,527.0,24.729,32.679,28.479004,0.0,6.547873,68.46371,946.69403,21.922754,2.7083333,,7.950001,False,False,No Rain,Calm
2024-09-10 00:00:00+05:00,2024,9,10,1,False,Autumn,Islamabad,Punjab,33.6844,73.0479,527.0,24.929,32.129,28.376917,1.1000001,7.730341,74.615204,948.23065,23.27067,9.916667,,7.200001,False,False,Light,Calm
2024-09-10 00:00:00+05:00,2024,9,10,1,False,Autumn,Islamabad,Punjab,33.6844,73.0479,527.0,25.479,31.829,28.65817,0.1,8.159558,73.3901,948.98236,23.281084,19.416666,,6.3500004,False,False,Light,Calm
2024-09-10 00:00:00+05:00,2024,9,10,1,False,Autumn,Islamabad,Punjab,33.6844,73.0479,527.0,24.629002,32.979,29.074831,0.2,9.563051,70.40807,948.46967,23.008165,18.916666,,8.349998,False,False,Light,Calm
2024-09-10 00:00:00+05:00,2024,9,10,1,False,Autumn,Islamabad,Punjab,33.6844,73.0479,527.0,25.579,33.029,29.289421,1.2000002,10.063277,69.05102,946.36865,22.845665,25.25,,7.449999,False,False,Light,Breezy
2024-09-10 00:00:00+05:00,2024,9,10,1,False,Autumn,Islamabad,Punjab,33.6844,73.0479,527.0,21.979,31.329,26.858168,27.999998,7.673124,74.8067,946.8691,21.781088,20.375,,9.35,False,False,Heavy,Calm
2024-09-10 00:00:00+05:00,2024,9,10,1,False,Autumn,Islamabad,Punjab,33.6844,73.0479,527.0,22.479,32.629,28.220667,9.6,5.6276054,67.29574,947.53937,21.343584,14.208333,,10.150002,False,False,Moderate,Calm
2024-09-10 00:00:00+05:00,2024,9,10,1,False,Autumn,Islamabad,Punjab,33.6844,73.0479,527.0,21.779001,30.779001,26.399836,16.800003,8.054234,73.83193,947.7927,21.147753,25.125,,9.0,False,False,Moderate,Calm
2024-09-10 00:00:00+05:00,2024,9,10,1,False,Autumn,Islamabad,Punjab,33.6844,73.0479,527.0,20.679,31.429,26.48317,2.5,7.2422404,73.0725,948.7595,20.904,13.833333,,10.75,False,False,Light,Calm
2024-09-10 00:00:00+05:00,2024,9,10,1,False,Autumn,Islamabad,Punjab,33.6844,73.0479,527.0,23.929,31.929,27.447752,0.0,6.6306624,65.679794,948.3547,20.201918,1.875,,8.0,False,False,No Rain,Calm
2024-09-10 00:00:00+05:00,2024,9,10,1,False,Autumn,Islamabad,Punjab,33.6844,73.0479,527.0,23.979,32.329,27.65817,0.0,5.3879046,60.861786,946.96484,19.314415,0.20833333,,8.349998,False,False,No Rain,Calm
2024-09-10 00:00:00+05:00,2024,9,10,1,False,Autumn,Islamabad,Punjab,33.6844,73.0479,527.0,23.629002,32.829002,27.979004,0.0,6.867535,62.961773,947.43256,20.099836,1.5416666,,9.200001,False,False,No Rain,Calm
2024-09-10 00:00:00+05:00,2024,9,10,1,False,Autumn,Islamabad,Punjab,33.6844,73.0479,527.0,24.629002,33.579002,28.572754,0.0,7.180348,60.388744,947.1613,19.906084,3.5416667,,8.950001,False,False,No Rain,Calm
2024-09-10 00:00:00+05:00,2024,9,10,1,False,Autumn,Islamabad,Punjab,33.6844,73.0479,527.0,24.679,33.429,28.518583,0.0,6.98729,58.21317,945.7029,19.274836,3.4583333,,8.75,False,False,No Rain,Calm
2024-09-10 00:00:00+05:00,2024,9,10,1,False,Autumn,Islamabad,Punjab,33.6844,73.0479,527.0,21.179,31.579,26.85817,5.0,9.640202,65.95014,947.31836,19.701914,18.291666,,10.4,False,False,Moderate,Calm
2024-09-10 00:00:00+05:00,2024,9,10,1,False,Autumn,Islamabad,Punjab,33.6844,73.0479,527.0,22.229,31.229,25.991507,0.0,7.639158,61.531033,948.657,17.749836,0.041666668,,9.0,False,False,No Rain,Calm
2024-09-10 00:00:00+05:00,2024,9,10,1,False,Autumn,Islamabad,Punjab,33.6844,73.0479,527.0,22.629002,32.629,27.193583,0.0,5.989143,54.61772,950.7468,16.974834,0.0,,10.0,False,False,No Rain,Calm
2024-09-10 00:00:00+05:00,2024,9,10,1,False,Autumn,Islamabad,Punjab,33.6844,73.0479,527.0,23.829,34.079002,27.781088,0.0,5.4560943,52.1337,949.78033,16.789415,0.0,,10.250002,False,False,No Rain,Calm
2024-09-10 00:00:00+05:00,2024,9,10,1,False,Autumn,Islamabad,Punjab,33.6844,73.0479,527.0,23.579,33.129,27.543585,0.0,7.8520374,54.81639,948.16693,17.337336,4.0833335,,9.550001,False,False,No Rain,Calm
2024-09-10 00:00:00+05:00,2024,9,10,1,False,Autumn,Islamabad,Punjab,33.6844,73.0479,527.0,23.729,32.229,27.576918,0.0,4.199534,52.6841,945.9642,16.899834,0.0,,8.5,False,False,No Rain,Calm
2024-09-10 00:00:00+05:00,2024,9,10,1,False,Autumn,Islamabad,Punjab,33.6844,73.0479,527.0,20.929,30.629002,26.329,8.3,6.799303,62.15262,946.1158,18.154003,17.875,,9.700001,False,False,Moderate,Calm
2024-09-10 00:00:00+05:00,2024,9,10,1,False,Autumn,Islamabad,Punjab,33.6844,73.0479,527.0,21.329,30.879002,25.92275,0.5,5.566982,65.83575,949.43024,18.77275,27.541666,,9.550001,False,False,Light,Calm
2024-09-10 00:00:00+05:00,2024,9,10,1,False,Autumn,Islamabad,Punjab,33.6844,73.0479,527.0,20.729,27.229,24.149834,5.3,9.216106,69.33616,953.5054,17.974833,27.875,,6.5,False,False,Moderate,Calm
2024-09-10 00:00:00+05:00,2024,9,10,1,False,Autumn,Islamabad,Punjab,33.6844,73.0479,527.0,19.729,28.429,23.68525,1.9000001,5.6239095,67.7476,950.9578,17.212336,15.375,,8.700001,False,False,Light,Calm
2024-09-10 00:00:00+05:00,2024,9,10,1,False,Autumn,Islamabad,Punjab,33.6844,73.0479,527.0,18.129002,26.129002,22.435255,0.1,9.45039,64.570885,949.3818,15.268584,49.583332,,8.0,False,False,Light,Calm
2024-09-10 00:00:00+05:00,2024,9,10,1,False,Autumn,Islamabad,Punjab,33.6844,73.0479,527.0,15.029,19.029001,17.333166,31.5,7.6351476,86.294914,951.0759,14.970666,86.375,,4.000001,False,False,Heavy,Calm
2024-09-10 00:00:00+05:00,2024,9,10,1,False,Autumn,Islamabad,Punjab,33.6844,73.0479,527.0,13.8289995,22.379002,17.36025,12.600001,5.965216,81.193245,952.3929,13.822747,36.708332,,8.550002,False,False,Moderate,Calm
2024-09-10 00:00:00+05:00,2024,9,10,1,False,Autumn,Islamabad,Punjab,33.6844,73.0479,527.0,15.429,25.079,20.01442,0.0,6.7088637,62.689808,953.5861,12.4852495,1.125,,9.650001,False,False,No Rain,Calm
2024-09-10 00:00:00+05:00,2024,9,10,1,False,Autumn,Islamabad,Punjab,33.6844,73.0479,527.0,18.329,26.579,21.783167,0.0,4.7860866,54.364353,954.708,12.045666,1.125,,8.25,False,False,No Rain,Calm
2024-09-10 00:00:00+05:00,2024,9,10,1,False,Autumn,Islamabad,Punjab,33.6844,73.0479,527.0,17.179,26.929,21.410254,0.0,6.742294,56.29753,952.7861,12.176917,1.5833334,,9.75,False,False,No Rain,Calm
2024-09-10 00:00:00+05:00,2024,9,10,1,False,Autumn,Islamabad,Punjab,33.6844,73.0479,527.0,18.179,26.879002,22.243582,0.0,7.311006,50.802822,953.6058,11.437332,0.16666667,,8.700001,False,False,No Rain,Calm
2024-09-10 00:00:00+05:00,2024,9,10,1,False,Autumn,Islamabad,Punjab,33.6844,73.0479,527.0,17.679,27.529001,22.12275,0.0,5.636145,48.82092,952.49384,10.668583,0.0,,9.85,False,False,No Rain,Calm
2024-09-10 00:00:00+05:00,2024,9,10,1,False,Autumn,Islamabad,Punjab,33.6844,73.0479,527.0,17.479,27.979,22.556086,0.0,5.8470273,50.11272,953.0949,11.408166,0.0,,10.5,False,False,No Rain,Calm
2024-09-10 00:00:00+05:00,2024,9,10,1,False,Autumn,Islamabad,Punjab,33.6844,73.0479,527.0,19.379002,27.679,23.318583,0.0,7.0818944,58.671967,952.2369,14.626918,0.0,,8.299999,False,False,No Rain,Calm
2024-09-10 00:00:00+05:00,2024,9,10,1,False,Autumn,Islamabad,Punjab,33.6844,73.0479,527.0,19.979,27.929,23.362333,0.0,5.284595,59.923218,953.1282,14.937332,0.041666668,,7.950001,False,False,No Rain,Calm
2024-09-10 00:00:00+05:00,2024,9,10,1,False,Autumn,Islamabad,Punjab,33.6844,73.0479,527.0,18.579,27.929,22.756083,0.0,5.5485344,61.162342,952.86395,14.714416,0.41666666,,9.35,False,False,No Rain,Calm
2024-09-10 00:00:00+05:00,2024,9,10,1,False,Autumn,Islamabad,Punjab,33.6844,73.0479,527.0,20.379002,28.479,23.774836,0.0,3.8761847,58.2771,954.3487,14.887333,0.0,,8.099998,False,False,No Rain,Calm
2024-09-10 00:00:00+05:00,2024,9,10,1,False,Autumn,Islamabad,Punjab,33.6844,73.0479,527.0,19.529001,28.529001,23.518585,0.0,3.7289765,57.952374,953.73755,14.583164,12.208333,,9.0,False,False,No Rain,Calm
2024-09-10 00:00:00+05:00,2024,9,10,1,False,Autumn,Islamabad,Punjab,33.6844,73.0479,527.0,20.229,28.379002,23.724833,0.0,4.325302,55.847733,953.45703,14.214419,33.083332,,8.150002,False,False,No Rain,Calm
2024-09-10 00:00:00+05:00,2024,9,10,1,False,Autumn,Islamabad,Punjab,33.6844,73.0479,527.0,19.279001,28.129002,23.039415,0.0,4.10896,50.986816,953.48065,12.2415,3.4166667,,8.85,False,False,No Rain,Calm
2024-09-10 00:00:00+05:00,2024,9,10,1,False,Autumn,Islamabad,Punjab,33.6844,73.0479,527.0,19.029001,27.179,22.404001,0.0,5.4634547,51.06529,955.25616,11.670667,4.0,,8.15,False,False,No Rain,Calm
2024-09-10 00:00:00+05:00,2024,9,10,1,False,Autumn,Islamabad,Punjab,33.6844,73.0479,527.0,18.529001,27.529001,22.235252,0.0,6.1021686,46.2464,955.1514,9.987334,0.9166667,,9.0,False,False,No Rain,Calm
2024-09-10 00:00:00+05:00,2024,9,10,1,False,Autumn,Islamabad,Punjab,33.6844,73.0479,527.0,19.429,27.579,22.604002,0.0,4.3247695,40.936207,954.1696,8.487333,0.25,,8.15,False,False,No Rain,Calm
2024-09-10 00:00:00+05:00,2024,9,10,1,False,Autumn,Islamabad,Punjab,33.6844,73.0479,527.0,18.879002,27.679,22.587334,0.0,3.1313114,41.640484,954.1035,8.789416,0.0,,8.799999,False,False,No Rain,Calm
2024-09-10 00:00:00+05:00,2024,9,10,1,False,Autumn,Islamabad,Punjab,33.6844,73.0479,527.0,18.479,27.429,22.120667,0.0,4.6485376,47.617214,953.4471,10.324833,0.041666668,,8.950001,False,False,No Rain,Calm
2024-09-10 00:00:00+05:00,2024,9,10,1,False,Autumn,Karachi,Sindh,24.8607,67.0011,7.0,25.7565,30.0065,27.55233,0.5,16.54111,82.61155,1001.07446,24.246084,42.041668,,4.25,False,False,Light,Breezy
2024-09-10 00:00:00+05:00,2024,9,10,1,False,Autumn,Karachi,Sindh,24.8607,67.0011,7.0,25.1565,30.1565,27.55025,0.2,14.502683,82.48823,1001.9321,24.183584,20.75,,5.0,False,False,Light,Breezy
2024-09-10 00:00:00+05:00,2024,9,10,1,False,Autumn,Karachi,Sindh,24.8607,67.0011,7.0,25.6565,30.5565,27.910666,0.0,18.390676,79.24646,1002.5617,23.85025,34.208332,,4.8999996,False,False,No Rain,Breezy
2024-09-10 00:00:00+05:00,2024,9,10,1,False,Autumn,Karachi,Sindh,24.8607,67.0011,7.0,26.1565,30.8065,27.95858,0.1,25.230545,74.22234,1002.10394,22.82525,45.0,,4.6499996,False,False,Light,Windy
2024-09-10 00:00:00+05:00,2024,9,10,1,False,Autumn,Karachi,Sindh,24.8607,67.0011,7.0,26.2565,31.1565,28.202332,0.0,25.91704,71.69651,1001.7964,22.4565,34.583332,,4.8999996,False,False,No Rain,Windy
2024-09-10 00:00:00+05:00,2024,9,10,1,False,Autumn,Karachi,Sindh,24.8607,67.0011,7.0,26.2565,30.6565,28.037752,0.0,21.163496,71.61887,1003.6363,22.308586,48.0,,4.3999996,False,False,No Rain,Windy
2024-09-10 00:00:00+05:00,2024,9,10,1,False,Autumn,Karachi,Sindh,24.8607,67.0011,7.0,26.0565,29.9065,27.866915,0.5,19.681164,75.14989,1005.50507,22.991915,49.625,,3.8500004,False,False,Light,Breezy
2024-09-10 00:00:00+05:00,2024,9,10,1,False,Autumn,Karachi,Sindh,24.8607,67.0011,7.0,25.9065,31.5065,28.294,0.0,18.691433,76.65377,1006.2723,23.621084,23.833334,,5.6000004,False,False,No Rain,Breezy
2024-09-10 00:00:00+05:00,2024,9,10,1,False,Autumn,Karachi,Sindh,24.8607,67.0011,7.0,25.5065,32.0565,28.348167,0.0,16.224182,77.96332,1005.0193,23.929419,29.375,,6.549999,False,False,No Rain,Breezy
2024-09-10 00:00:00+05:00,2024,9,10,1,False,Autumn,Karachi,Sindh,24.8607,67.0011,7.0,25.0065,31.5065,28.200247,0.0,13.413174,79.666985,1005.4685,24.169,7.9166665,,6.5,False,False,No Rain,Breezy
2024-09-10 00:00:00+05:00,2024,9,10,1,False,Autumn,Karachi,Sindh,24.8607,67.0011,7.0,25.6065,31.8565,28.212751,0.0,16.749823,80.52631,1005.47675,24.356499,10.875,,6.25,False,False,No Rain,Breezy
2024-09-10 00:00:00+05:00,2024,9,10,1,False,Autumn,Karachi,Sindh,24.8607,67.0011,7.0,25.9065,31.2565,28.32525,0.0,18.158152,75.29987,1006.0557,23.373167,32.416668,,5.3500004,False,False,No Rain,Breezy
2024-09-10 00:00:00+05:00,2024,9,10,1,False,Autumn,Karachi,Sindh,24.8607,67.0011,7.0,26.206501,31.5565,28.462748,0.0,19.043688,72.749245,1006.1977,22.948166,8.125,,5.3499985,False,False,No Rain,Breezy
2024-09-10 00:00:00+05:00,2024,9,10,1,False,Autumn,Karachi,Sindh,24.8607,67.0011,7.0,26.6565,32.0065,28.868998,0.0,19.75825,72.86938,1005.7325,23.369003,35.291668,,5.3500004,False,False,No Rain,Breezy
2024-09-10 00:00:00+05:00,2024,9,10,1,False,Autumn,Karachi,Sindh,24.8607,67.0011,7.0,26.7565,32.0065,29.002335,0.0,20.434456,73.32654,1004.27985,23.627335,70.458336,,5.25,False,False,No Rain,Windy
2024-09-10 00:00:00+05:00,2024,9,10,1,False,Autumn,Karachi,Sindh,24.8607,67.0011,7.0,26.5065,32.3565,28.8815,0.0,17.803324,74.80009,1003.35114,23.810667,54.416668,,5.8499985,False,False,No Rain,Breezy
2024-09-10 00:00:00+05:00,2024,9,10,1,False,Autumn,Karachi,Sindh,24.8607,67.0011,7.0,26.6065,32.8065,29.081497,0.0,17.438065,74.441505,1002.4732,23.88775,53.041668,,6.199999,False,False,No Rain,Breezy
2024-09-10 00:00:00+05:00,2024,9,10,1,False,Autumn,Karachi,Sindh,24.8607,67.0011,7.0,26.7565,32.3565,29.108582,0.0,22.22084,75.680466,1002.3818,24.214834,54.625,,5.5999985,False,False,No Rain,Windy
2024-09-10 00:00:00+05:00,2024,9,10,1,False,Autumn,Karachi,Sindh,24.8607,67.0011,7.0,26.8565,32.8065,29.204416,0.0,20.12329,74.27303,1004.2095,23.937752,54.833332,,5.949999,False,False,No Rain,Windy
2024-09-10 00:00:00+05:00,2024,9,10,1,False,Autumn,Karachi,Sindh,24.8607,67.0011,7.0,26.6065,32.6065,28.73567,0.0,16.693068,74.42948,1007.7432,23.546083,30.708334,,5.999998,False,False,No Rain,Breezy
2024-09-10 00:00:00+05:00,2024,9,10,1,False,Autumn,Karachi,Sindh,24.8607,67.0011,7.0,26.2565,32.1565,28.752333,0.0,18.248796,75.35076,1009.2171,23.779419,14.583333,,5.9000015,False,False,No Rain,Breezy
2024-09-10 00:00:00+05:00,2024,9,10,1,False,Autumn,Karachi,Sindh,24.8607,67.0011,7.0,26.3565,32.8065,28.910666,0.0,19.282354,77.15183,1007.2981,24.252335,10.333333,,6.449999,False,False,No Rain,Breezy
2024-09-10 00:00:00+05:00,2024,9,10,1,False,Autumn,Karachi,Sindh,24.8607,67.0011,7.0,26.5065,32.3565,28.87942,0.0,20.568535,78.88514,1007.0066,24.63775,10.75,,5.8499985,False,False,No Rain,Windy
2024-09-10 00:00:00+05:00,2024,9,10,1,False,Autumn,Karachi,Sindh,24.8607,67.0011,7.0,26.706501,32.0065,28.777334,0.0,23.768179,78.72758,1005.97797,24.529419,13.958333,,5.299999,False,False,No Rain,Windy
2024-09-10 00:00:00+05:00,2024,9,10,1,False,Autumn,Karachi,Sindh,24.8607,67.0011,7.0,26.8065,32.0065,28.67525,0.0,24.209166,79.77004,1004.97437,24.666922,28.625,,5.200001,False,False,No Rain,Windy
2024-09-10 00:00:00+05:00,2024,9,10,1,False,Autumn,Karachi,Sindh,24.8607,67.0011,7.0,26.3065,32.3065,28.67525,0.0,20.74183,78.382454,1006.29425,24.264833,34.833332,,6.0,False,False,No Rain,Windy
2024-09-10 00:00:00+05:00,2024,9,10,1,False,Autumn,Karachi,Sindh,24.8607,67.0011,7.0,26.0065,32.0565,28.40233,0.0,13.634158,77.845474,1009.1828,23.96483,17.041666,,6.049999,False,False,No Rain,Breezy
2024-09-10 00:00:00+05:00,2024,9,10,1,False,Autumn,Karachi,Sindh,24.8607,67.0011,7.0,24.9065,34.0565,29.119001,0.0,11.481388,67.78421,1011.5244,21.616919,0.875,,9.15,False,False,No Rain,Breezy
2024-09-10 00:00:00+05:00,2024,9,10,1,False,Autumn,Karachi,Sindh,24.8607,67.0011,7.0,24.7565,37.5565,31.1565,0.0,13.908631,48.795788,1010.78864,17.146084,5.5,,12.799999,True,False,No Rain,Breezy
2024-09-10 00:00:00+05:00,2024,9,10,1,False,Autumn,Karachi,Sindh,24.8607,67.0011,7.0,26.8065,37.9565,31.564835,0.0,13.96733,49.24086,1008.9245,18.387749,7.0833335,,11.150002,True,False,No Rain,Breezy
2024-09-10 00:00:00+05:00,2024,9,10,1,False,Autumn,Karachi,Sindh,24.8607,67.0011,7.0,25.8065,37.0065,30.966919,0.0,11.986298,55.544388,1007.5157,19.627333,6.2083335,,11.200001,True,False,No Rain,Breezy
2024-09-10 00:00:00+05:00,2024,9,10,1,False,Autumn,Karachi,Sindh,24.8607,67.0011,7.0,26.456501,37.5065,31.666918,0.0,12.536023,45.87709,1007.18866,16.994001,6.9166665,,11.049999,True,False,No Rain,Breezy
2024-09-10 00:00:00+05:00,2024,9,10,1,False,Autumn,Karachi,Sindh,24.8607,67.0011,7.0,25.1565,36.1065,30.5315,0.0,10.146369,58.44771,1007.3647,20.116915,24.666666,,10.949999,True,False,No Rain,Breezy
2024-09-10 00:00:00+05:00,2024,9,10,1,False,Autumn,Karachi,Sindh,24.8607,67.0011,7.0,26.206501,33.6065,29.914833,0.0,9.063914,69.37436,1008.3249,23.177336,88.208336,,7.3999977,False,False,No Rain,Calm
2024-09-10 00:00:00+05:00,2024,9,10,1,False,Autumn,Karachi,Sindh,24.8607,67.0011,7.0,28.3065,34.4065,30.621084,0.0,8.009234,61.38329,1009.2717,21.921083,98.0,,6.1000023,False,False,No Rain,Calm
2024-09-10 00:00:00+05:00,2024,9,10,1,False,Autumn,Karachi,Sindh,24.8607,67.0011,7.0,26.8565,36.4065,31.110664,0.3,13.288054,56.089645,1009.4229,20.150251,49.833332,,9.550001,True,False,Light,Breezy
2024-09-10 00:00:00+05:00,2024,9,10,1,False,Autumn,Karachi,Sindh,24.8607,67.0011,7.0,26.706501,36.1065,30.766916,0.0,14.312488,64.48656,1008.3311,21.956497,24.416666,,9.399998,True,False,No Rain,Breezy
2024-09-10 00:00:00+05:00,2024,9,10,1,False,Autumn,Karachi,Sindh,24.8607,67.0011,7.0,27.2565,34.5065,29.916916,0.0,15.300162,73.78823,1007.34247,24.310669,29.5,,7.25,False,False,No Rain,Breezy
2024-09-10 00:00:00+05:00,2024,9,10,1,False,Autumn,Karachi,Sindh,24.8607,67.0011,7.0,25.1565,34.5565,29.22525,0.0,9.775685,75.62061,1007.7944,23.727333,15.583333,,9.4,False,False,No Rain,Calm
2024-09-10 00:00:00+05:00,2024,9,10,1,False,Autumn,Karachi,Sindh,24.8607,67.0011,7.0,25.5565,36.8065,30.583588,0.0,11.490037,59.088272,1008.78467,20.469,6.0,,11.25,True,False,No Rain,Breezy
2024-09-10 00:00:00+05:00,2024,9,10,1,False,Autumn,Karachi,Sindh,24.8607,67.0011,7.0,26.0065,37.2565,30.704414,0.0,12.615325,58.040897,1009.1804,20.148167,0.29166666,,11.25,True,False,No Rain,Breezy
2024-09-10 00:00:00+05:00,2024,9,10,1,False,Autumn,Karachi,Sindh,24.8607,67.0011,7.0,25.8565,35.2565,29.552338,0.0,13.819359,71.21573,1009.82275,22.910667,2.8333333,,9.4,True,False,No Rain,Breezy
2024-09-10 00:00:00+05:00,2024,9,10,1,False,Autumn,Karachi,Sindh,24.8607,67.0011,7.0,24.706501,36.2565,29.735666,0.0,12.968506,66.43345,1010.64325,21.229418,0.125,,11.549999,True,False,No Rain,Breezy
2024-09-10 00:00:00+05:00,2024,9,10,1,False,Autumn,Karachi,Sindh,24.8607,67.0011,7.0,24.956501,34.9065,29.306501,0.2,13.67179,71.56234,1011.33746,22.858583,2.4583333,,9.950001,False,False,Light,Breezy
2024-09-10 00:00:00+05:00,2024,9,10,1,False,Autumn,Karachi,Sindh,24.8607,67.0011,7.0,23.6565,36.5565,30.027334,0.0,10.136653,58.579727,1011.3518,18.962751,11.208333,,12.9,True,False,No Rain,Breezy
2024-09-10 00:00:00+05:00,2024,9,10,1,False,Autumn,Karachi,Sindh,24.8607,67.0011,7.0,25.0065,37.9065,30.541914,0.0,14.42937,58.53215,1010.6247,19.21275,27.666666,,12.900002,True,False,No Rain,Breezy
2024-09-10 00:00:00+05:00,2024,9,10,1,False,Autumn,Karachi,Sindh,24.8607,67.0011,7.0,26.456501,35.6565,30.085665,0.0,16.169807,69.8559,1009.7908,23.4065,4.8333335,,9.200001,True,False,No Rain,Breezy
2024-09-10 00:00:00+05:00,2024,9,10,1,False,Autumn,Karachi,Sindh,24.8607,67.0011,7.0,24.5565,36.4065,30.133581,0.0,10.74623,67.37152,1007.80914,22.687752,13.375,,11.850002,True,False,No Rain,Breezy
2024-09-10 00:00:00+05:00,2024,9,10,1,False,Autumn,Karachi,Sindh,24.8607,67.0011,7.0,25.1065,34.4565,29.221083,0.0,12.975688,77.102196,1005.93317,24.36067,1.0416666,,9.35,False,False,No Rain,Breezy
2024-09-10 00:00:00+05:00,2024,9,10,1,False,Autumn,Karachi,Sindh,24.8607,67.0011,7.0,25.5065,32.6565,28.696085,0.0,12.982347,81.37345,1007.2225,24.885666,7.0416665,,7.1500015,False,False,No Rain,Breezy
2024-09-10 00:00:00+05:00,2024,9,10,1,False,Autumn,Karachi,Sindh,24.8607,67.0011,7.0,25.6565,32.2065,28.264833,0.0,14.362789,82.85046,1009.2115,24.775248,6.3333335,,6.550001,False,False,No Rain,Breezy
2024-09-10 00:00:00+05:00,2024,9,10,1,False,Autumn,Karachi,Sindh,24.8607,67.0011,7.0,25.4065,33.4065,28.239832,0.0,11.1085205,78.65267,1011.6052,23.579416,32.5,,8.000002,False,False,No Rain,Breezy
2024-09-10 00:00:00+05:00,2024,9,10,1,False,Autumn,Karachi,Sindh,24.8607,67.0011,7.0,24.2565,34.5065,28.656504,0.0,13.371197,72.377205,1012.4017,21.985666,18.916666,,10.25,False,False,No Rain,Breezy
2024-09-10 00:00:00+05:00,2024,9,10,1,False,Autumn,Karachi,Sindh,24.8607,67.0011,7.0,25.206501,32.2065,28.175247,0.0,14.526635,79.62517,1011.8467,24.039833,2.1666667,,7.0,False,False,No Rain,Breezy
2024-09-10 00:00:00+05:00,2024,9,10,1,False,Autumn,Karachi,Sindh,24.8607,67.0011,7.0,24.206501,31.5565,27.473162,0.0,8.874616,82.81483,1012.0407,24.0315,28.833334,,7.3499985,False,False,No Rain,Calm
2024-09-10 00:00:00+05:00,2024,9,10,1,False,Autumn,Karachi,Sindh,24.8607,67.0011,7.0,23.456501,32.9065,27.291918,0.0,10.036513,74.83776,1011.8234,21.669,22.75,,9.450001,False,False,No Rain,Breezy
2024-09-10 00:00:00+05:00,2024,9,10,1,False,Autumn,Karachi,Sindh,24.8607,67.0011,7.0,22.706501,33.0565,27.321083,0.0,9.630536,71.852554,1012.7144,20.723167,12.291667,,10.349998,False,False,No Rain,Calm
2024-09-10 00:00:00+05:00,2024,9,10,1,False,Autumn,Karachi,Sindh,24.8607,67.0011,7.0,22.8065,34.0565,27.554415,0.0,11.013546,71.79602,1014.29297,21.035666,0.0,,11.25,False,False,No Rain,Breezy
2024-09-10 00:00:00+05:00,2024,9,10,1,False,Autumn,Karachi,Sindh,24.8607,67.0011,7.0,23.706501,31.8065,27.685667,0.0,14.206454,80.25839,1013.07355,23.754416,7.4166665,,8.099998,False,False,No Rain,Breezy
2024-09-10 00:00:00+05:00,2024,9,10,1,False,Autumn,Karachi,Sindh,24.8607,67.0011,7.0,25.206501,31.7565,28.081503,0.0,12.10711,77.42083,1012.34186,23.498169,10.791667,,6.549999,False,False,No Rain,Breezy
2024-09-10 00:00:00+05:00,2024,9,10,1,False,Autumn,Karachi,Sindh,24.8607,67.0011,7.0,24.206501,31.0565,27.300247,0.0,10.9911995,78.03968,1012.91425,22.835665,10.791667,,6.8499985,False,False,No Rain,Breezy
2024-09-10 00:00:00+05:00,2024,9,10,1,False,Autumn,Karachi,Sindh,24.8607,67.0011,7.0,23.9065,31.2565,27.2315,0.0,12.084546,77.324,1013.5595,22.550253,15.0,,7.3500004,False,False,No Rain,Breezy
2024-09-10 00:00:00+05:00,2024,9,10,1,False,Autumn,Karachi,Sindh,24.8607,67.0011,7.0,23.206501,31.2565,27.033583,0.0,10.528937,77.71563,1013.05927,22.479414,12.625,,8.049999,False,False,No Rain,Breezy
2024-09-10 00:00:00+05:00,2024,9,10,1,False,Autumn,Karachi,Sindh,24.8607,67.0011,7.0,24.0565,31.0565,27.294,0.0,8.294081,76.35079,1012.219,22.47525,12.416667,,7.0,False,False,No Rain,Calm
2024-09-10 00:00:00+05:00,2024,9,10,1,False,Autumn,Karachi,Sindh,24.8607,67.0011,7.0,23.5065,31.6065,27.13775,0.0,5.674555,67.83533,1011.33185,19.758585,1.1666666,,8.1,False,False,No Rain,Calm
2024-09-10 00:00:00+05:00,2024,9,10,1,False,Autumn,Karachi,Sindh,24.8607,67.0011,7.0,22.8565,31.706501,26.844,0.0,6.827255,61.077423,1012.072,17.591917,0.25,,8.85,False,False,No Rain,Calm
2024-09-10 00:00:00+05:00,2024,9,10,1,False,Autumn,Karachi,Sindh,24.8607,67.0011,7.0,22.706501,32.0565,26.841919,0.0,7.5595956,53.30922,1012.77997,15.5148325,0.0,,9.349998,False,False,No Rain,Calm
2024-09-10 00:00:00+05:00,2024,9,10,1,False,Autumn,Karachi,Sindh,24.8607,67.0011,7.0,22.4065,31.4065,26.758585,0.0,6.8323426,65.09481,1012.355,19.193998,6.125,,9.0,False,False,No Rain,Calm
2024-09-10 00:00:00+05:00,2024,9,10,1,False,Autumn,Karachi,Sindh,24.8607,67.0011,7.0,22.6065,31.8065,26.65233,0.0,6.7786317,68.84097,1012.5337,19.808584,8.208333,,9.199999,False,False,No Rain,Calm
2024-09-10 00:00:00+05:00,2024,9,10,1,False,Autumn,Karachi,Sindh,24.8607,67.0011,7.0,23.0565,32.3065,27.196081,0.0,7.4144993,54.920765,1013.5925,16.293999,1.2916666,,9.25,False,False,No Rain,Calm
2024-09-10 00:00:00+05:00,2024,9,10,1,False,Autumn,Karachi,Sindh,24.8607,67.0011,7.0,22.7565,31.456501,26.910667,0.0,7.5542073,53.40265,1014.7119,15.891917,0.0,,8.700001,False,False,No Rain,Calm
2024-09-10 00:00:00+05:00,2024,9,10,1,False,Autumn,Karachi,Sindh,24.8607,67.0011,7.0,22.456501,30.6565,26.306501,0.0,7.1131306,56.81311,1013.7985,16.729418,0.0,,8.199999,False,False,No Rain,Calm
2024-09-10 00:00:00+05:00,2024,9,10,1,False,Autumn,Karachi,Sindh,24.8607,67.0011,7.0,21.5065,30.206501,25.777336,0.0,6.4780974,66.46883,1013.25165,18.679417,0.25,,8.700001,False,False,No Rain,Calm
2024-09-10 00:00:00+05:00,2024,9,10,1,False,Autumn,Karachi,Sindh,24.8607,67.0011,7.0,22.706501,30.4065,26.129416,0.0,7.415302,65.87858,1012.6987,18.883585,8.916667,,7.699999,False,False,No Rain,Calm
2024-09-10 00:00:00+05:00,2024,9,10,1,False,Autumn,Karachi,Sindh,24.8607,67.0011,7.0,22.9065,30.206501,26.394,0.0,7.9427834,64.71472,1012.86615,18.939833,13.25,,7.300001,False,False,No Rain,Calm
2024-09-10 00:00:00+05:00,2024,9,10,1,False,Autumn,Karachi,Sindh,24.8607,67.0011,7.0,22.8565,29.8565,26.223167,0.0,6.2219462,67.17954,1013.43604,19.327333,38.958332,,7.0,False,False,No Rain,Calm
2024-09-10 00:00:00+05:00,2024,9,10,1,False,Autumn,Karachi,Sindh,24.8607,67.0011,7.0,21.456501,31.1065,25.85025,0.0,6.7917724,52.967556,1014.36334,14.375251,3.875,,9.65,False,False,No Rain,Calm
2024-09-10 00:00:00+05:00,2024,9,10,1,False,Autumn,Karachi,Sindh,24.8607,67.0011,7.0,21.0565,30.7565,25.558578,0.0,6.142351,58.28131,1014.22516,16.129417,0.5,,9.700001,False,False,No Rain,Calm
2024-09-10 00:00:00+05:00,2024,9,10,1,False,Autumn,Karachi,Sindh,24.8607,67.0011,7.0,22.1565,30.0065,26.073168,0.0,6.177465,71.08137,1012.49445,20.160666,2.25,,7.8500004,False,False,No Rain,Calm
2024-09-10 00:00:00+05:00,2024,9,10,1,False,Autumn,Karachi,Sindh,24.8607,67.0011,7.0,21.956501,29.956501,25.904419,0.0,5.2449126,75.124596,1012.81476,20.95442,8.291667,,8.0,False,False,No Rain,Calm
2024-09-10 00:00:00+05:00,2024,9,10,1,False,Autumn,Karachi,Sindh,24.8607,67.0011,7.0,21.956501,30.1065,25.523165,0.0,6.044041,73.34769,1013.77545,19.971083,3.6666667,,8.15,False,False,No Rain,Calm
2024-09-10 00:00:00+05:00,2024,9,10,1,False,Autumn,Karachi,Sindh,24.8607,67.0011,7.0,21.7565,30.6565,25.914835,0.0,7.8462605,55.885693,1013.1477,14.887753,1.3333334,,8.9,False,False,No Rain,Calm
2024-09-10 00:00:00+05:00,2024,9,10,1,False,Autumn,Karachi,Sindh,24.8607,67.0011,7.0,20.3565,29.3565,24.819002,0.0,7.142224,42.328587,1011.5586,10.583583,0.375,,9.0,False,False,No Rain,Calm
2024-09-10 00:00:00+05:00,2024,9,10,1,False,Autumn,Karachi,Sindh,24.8607,67.0011,7.0,20.0565,30.2565,25.091917,0.0,6.920288,39.24484,1011.2429,9.827334,0.20833333,,10.200001,False,False,No Rain,Calm
2024-09-10 00:00:00+05:00,2024,9,10,1,False,Autumn,Karachi,Sindh,24.8607,67.0011,7.0,20.9065,30.2565,25.343996,0.0,11.226657,43.548603,1013.5627,11.554417,0.7916667,,9.35,False,False,No Rain,Breezy
2024-09-10 00:00:00+05:00,2024,9,10,1,False,Autumn,Karachi,Sindh,24.8607,67.0011,7.0,21.6565,29.6065,25.466919,0.0,12.805202,42.250698,1014.8203,11.248165,3.4166667,,7.950001,False,False,No Rain,Breezy
2024-09-10 00:00:00+05:00,2024,9,10,1,False,Autumn,Karachi,Sindh,24.8607,67.0011,7.0,19.456501,28.4065,24.056501,0.0,6.9199195,49.575428,1014.2087,12.41275,22.041666,,8.949999,False,False,No Rain,Calm
2024-09-10 00:00:00+05:00,2024,9,10,1,False,Autumn,Karachi,Sindh,24.8607,67.0011,7.0,18.456501,28.1065,23.456503,0.0,6.3015904,56.967175,1012.7998,14.044,44.708332,,9.65,False,False,No Rain,Calm
2024-09-10 00:00:00+05:00,2024,9,10,1,False,Autumn,Karachi,Sindh,24.8607,67.0011,7.0,16.1065,28.5565,22.633585,0.0,6.9699073,32.51003,1011.7442,3.216917,0.125,,12.449999,False,False,No Rain,Calm
2024-09-10 00:00:00+05:00,2024,9,10,1,False,Autumn,Karachi,Sindh,24.8607,67.0011,7.0,17.8565,28.1565,22.298166,0.0,11.00958,13.8138075,1013.51263,-7.220583,0.0,,10.299999,False,False,No Rain,Breezy
2024-09-10 00:00:00+05:00,2024,9,10,1,False,Autumn,Karachi,Sindh,24.8607,67.0011,7.0,14.4565,26.1065,20.400251,0.0,7.73604,22.447206,1015.7929,-2.3080833,0.0,,11.650001,False,False,No Rain,Calm
2024-09-10 00:00:00+05:00,2024,9,10,1,False,Autumn,Karachi,Sindh,24.8607,67.0011,7.0,15.1565,25.6065,20.43775,0.0,6.9525657,26.520933,1016.3511,-0.2414167,0.083333336,,10.450001,False,False,No Rain,Calm
2024-09-10 00:00:00+05:00,2024,9,10,1,False,Autumn,Karachi,Sindh,24.8607,67.0011,7.0,14.6565,25.9065,20.179417,0.0,5.9408417,30.926447,1016.04193,1.9648333,1.625,,11.25,False,False,No Rain,Calm
2024-09-10 00:00:00+05:00,2024,9,10,1,False,Autumn,Karachi,Sindh,24.8607,67.0011,7.0,14.4065,25.0565,19.61275,0.0,8.035029,29.652819,1016.461,0.6773333,0.0,,10.65,False,False,No Rain,Calm
2024-09-10 00:00:00+05:00,2024,9,10,1,False,Autumn,Karachi,Sindh,24.8607,67.0011,7.0,14.9565,24.0065,19.152334,0.0,13.445198,26.005072,1017.84186,-1.2539166,8.208333,,9.05,False,False,No Rain,Breezy
2024-09-10 00:00:00+05:00,2024,9,10,1,False,Autumn,Karachi,Sindh,24.8607,67.0011,7.0,15.606501,24.7565,19.871084,0.0,11.926644,26.131071,1017.207,-0.7080834,0.0,,9.15,False,False,No Rain,Breezy
2024-09-10 00:00:00+05:00,2024,9,10,1,False,Autumn,Karachi,Sindh,24.8607,67.0011,7.0,13.9565,25.6065,19.3815,0.0,7.792149,28.518606,1017.2429,-0.19141673,0.0,,11.650001,False,False,No Rain,Calm
2024-09-10 00:00:00+05:00,2024,9,10,1,False,Autumn,Karachi,Sindh,24.8607,67.0011,7.0,14.8065,26.4065,20.293999,0.0,6.5181375,31.171171,1016.19653,2.1065001,0.0,,11.599999,False,False,No Rain,Calm
2024-09-10 00:00:00+05:00,2024,9,10,1,False,Autumn,Karachi,Sindh,24.8607,67.0011,7.0,14.0065,25.956501,20.114836,0.0,6.0265026,35.525166,1015.01776,4.029417,12.333333,,11.950001,False,False,No Rain,Calm
2024-09-10 00:00:00+05:00,2024,9,10,1,False,Autumn,Karachi,Sindh,24.8607,67.0011,7.0,16.6065,25.9065,20.821083,0.0,8.271001,27.763231,1014.29126,0.73358345,50.875,,9.299999,False,False,No Rain,Calm
2024-09-10 00:00:00+05:00,2024,9,10,1,False,Autumn,Karachi,Sindh,24.8607,67.0011,7.0,14.7565,25.1565,19.846083,0.0,6.87279,33.67754,1013.44745,3.0815,51.166668,,10.4,False,False,No Rain,Calm
2024-09-10 00:00:00+05:00,2024,9,10,1,False,Autumn,Karachi,Sindh,24.8607,67.0011,7.0,15.1565,24.456501,19.439833,0.0,9.996533,32.17503,1015.3572,1.6898335,8.25,,9.300001,False,False,No Rain,Calm
2024-09-10 00:00:00+05:00,2024,9,10,1,False,Autumn,Karachi,Sindh,24.8607,67.0011,7.0,13.7065,24.206501,18.677336,0.0,10.275566,30.054403,1014.60986,-0.4914167,2.625,,10.500001,False,False,No Rain,Breezy
2024-09-10 00:00:00+05:00,2024,9,10,1,False,Autumn,Karachi,Sindh,24.8607,67.0011,7.0,13.5065,24.1565,18.756498,0.0,7.471522,42.814327,1012.978,5.6127496,0.0,,10.65,False,False,No Rain,Calm
2024-09-10 00:00:00+05:00,2024,9,10,1,False,Autumn,Karachi,Sindh,24.8607,67.0011,7.0,14.606501,24.206501,19.377335,0.0,6.3921876,55.418034,1013.7459,9.804418,0.5,,9.6,False,False,No Rain,Calm
2024-09-10 00:00:00+05:00,2024,9,10,1,False,Autumn,Karachi,Sindh,24.8607,67.0011,7.0,14.7065,24.4065,19.1065,0.0,9.93445,36.912975,1016.7719,3.6169164,0.0,,9.7,False,False,No Rain,Calm
2024-09-10 00:00:00+05:00,2024,9,10,1,False,Autumn,Karachi,Sindh,24.8607,67.0011,7.0,14.3065,23.5065,18.685667,0.0,11.267285,40.000736,1018.2112,4.283584,0.0,,9.2,False,False,No Rain,Breezy
2024-09-10 00:00:00+05:00,2024,9,10,1,False,Autumn,Karachi,Sindh,24.8607,67.0011,7.0,14.4065,23.7565,18.91275,0.0,11.031781,37.768536,1019.1651,3.6231668,0.0,,9.35,False,False,No Rain,Breezy
2024-09-10 00:00:00+05:00,2024,9,10,1,False,Autumn,Karachi,Sindh,24.8607,67.0011,7.0,13.7565,24.4065,18.860668,0.0,6.8184676,36.05924,1018.94434,2.3919165,0.0,,10.65,False,False,No Rain,Calm
2024-09-10 00:00:00+05:00,2024,9,10,1,False,Autumn,Karachi,Sindh,24.8607,67.0011,7.0,12.9065,25.1565,18.633583,0.0,7.0723825,31.405088,1019.10175,0.27524993,0.0,,12.25,False,False,No Rain,Calm
2024-09-10 00:00:00+05:00,2024,9,10,1,False,Autumn,Karachi,Sindh,24.8607,67.0011,7.0,13.4065,25.1565,18.975248,0.0,8.389601,35.036514,1019.4566,1.3002498,7.3333335,,11.75,False,False,No Rain,Calm
2024-09-10 00:00:00+05:00,2024,9,10,1,False,Autumn,Karachi,Sindh,24.8607,67.0011,7.0,14.9565,25.1065,19.614834,0.0,8.197568,32.883495,1018.5469,2.3460834,3.1666667,,10.150001,False,False,No Rain,Calm
2024-09-10 00:00:00+05:00,2024,9,10,1,False,Autumn,Karachi,Sindh,24.8607,67.0011,7.0,14.356501,25.8065,19.829416,0.0,6.2342753,34.733093,1017.9853,3.0023334,56.375,,11.449999,False,False,No Rain,Calm
2024-09-10 00:00:00+05:00,2024,9,10,1,False,Autumn,Karachi,Sindh,24.8607,67.0011,7.0,15.2565,26.206501,20.425251,0.0,8.123285,35.122913,1016.69635,3.7210836,67.333336,,10.950001,False,False,No Rain,Calm
2024-09-10 00:00:00+05:00,2024,9,10,1,False,Autumn,Karachi,Sindh,24.8607,67.0011,7.0,14.9065,25.6065,19.835669,0.0,7.1327343,45.49344,1015.9454,7.085667,87.625,,10.700001,False,False,No Rain,Calm
2024-09-10 00:00:00+05:00,2024,9,10,1,False,Autumn,Karachi,Sindh,24.8607,67.0011,7.0,14.856501,24.5565,19.898169,0.0,6.2586784,55.063488,1015.63336,10.354418,20.166666,,9.699999,False,False,No Rain,Calm
2024-09-10 00:00:00+05:00,2024,9,10,1,False,Autumn,Karachi,Sindh,24.8607,67.0011,7.0,17.206501,24.206501,20.594002,0.0,9.598546,54.78221,1014.4113,10.10025,6.375,,7.0,False,False,No Rain,Calm
2024-09-10 00:00:00+05:00,2024,9,10,1,False,Autumn,Karachi,Sindh,24.8607,67.0011,7.0,13.1565,22.456501,18.071085,0.0,6.6247544,46.838245,1015.17,6.3252506,0.0,,9.300001,False,False,No Rain,Calm
2024-09-10 00:00:00+05:00,2024,9,10,1,False,Autumn,Karachi,Sindh,24.8607,67.0011,7.0,13.2065,24.456501,18.477331,0.0,6.6104636,37.790905,1017.6152,2.9648335,0.0,,11.250001,False,False,No Rain,Calm
2024-09-10 00:00:00+05:00,2024,9,10,1,False,Autumn,Karachi,Sindh,24.8607,67.0011,7.0,13.4565,24.9065,18.833584,0.0,7.6609097,24.364546,1018.6985,-2.7059994,0.0,,11.45,False,False,No Rain,Calm
2024-09-10 00:00:00+05:00,2024,9,10,1,False,Autumn,Karachi,Sindh,24.8607,67.0011,7.0,11.5065,23.456501,17.748167,0.0,6.0515633,36.71964,1015.7395,1.7606667,0.0,,11.950001,False,False,No Rain,Calm
2024-09-10 00:00:00+05:00,2024,9,10,1,False,Autumn,Karachi,Sindh,24.8607,67.0011,7.0,12.2565,24.206501,18.637749,0.0,6.088163,51.49175,1013.9185,6.9065003,0.0,,11.950001,False,False,No Rain,Calm
2024-09-10 00:00:00+05:00,2024,9,10,1,False,Autumn,Karachi,Sindh,24.8607,67.0011,7.0,15.4065,25.3565,19.921083,0.0,6.972193,38.574745,1014.9173,5.0127497,11.666667,,9.950001,False,False,No Rain,Calm
2024-09-10 00:00:00+05:00,2024,9,10,1,False,Autumn,Karachi,Sindh,24.8607,67.0011,7.0,14.8065,25.8565,19.97317,0.0,6.024813,43.090412,1015.8833,6.0231667,0.0,,11.05,False,False,No Rain,Calm
2024-09-10 00:00:00+05:00,2024,9,10,1,False,Autumn,Karachi,Sindh,24.8607,67.0011,7.0,14.6565,25.7565,19.946081,0.0,8.581719,34.64414,1017.9815,2.8877497,0.16666667,,11.1,False,False,No Rain,Calm
2024-09-10 00:00:00+05:00,2024,9,10,1,False,Autumn,Karachi,Sindh,24.8607,67.0011,7.0,14.6565,23.5065,18.744001,0.0,12.809325,41.351513,1018.5444,4.9460835,2.4166667,,8.85,False,False,No Rain,Breezy
2024-09-10 00:00:00+05:00,2024,9,10,1,False,Autumn,Karachi,Sindh,24.8607,67.0011,7.0,13.5065,24.1065,18.3565,0.0,8.040832,52.420506,1017.40656,8.010667,0.041666668,,10.6,False,False,No Rain,Calm
2024-09-10 00:00:00+05:00,2024,9,10,1,False,Autumn,Karachi,Sindh,24.8607,67.0011,7.0,14.9065,25.0565,19.419,0.0,7.1658897,52.501354,1018.17145,8.889833,1.6666666,,10.15,False,False,No Rain,Calm
2024-09-10 00:00:00+05:00,2024,9,10,1,False,Autumn,Karachi,Sindh,24.8607,67.0011,7.0,14.7065,22.6565,18.883585,0.0,6.288346,54.14855,1019.2067,9.221083,0.29166666,,7.95,False,False,No Rain,Calm
2024-09-10 00:00:00+05:00,2024,9,10,1,False,Autumn,Karachi,Sindh,24.8607,67.0011,7.0,14.8065,24.456501,19.38775,0.0,11.746196,39.228737,1018.159,3.9127493,0.5833333,,9.650001,False,False,No Rain,Breezy
2024-09-10 00:00:00+05:00,2024,9,10,1,False,Autumn,Karachi,Sindh,24.8607,67.0011,7.0,15.4565,24.9065,19.783583,0.0,11.4418745,35.11779,1015.0042,3.22525,3.9166667,,9.45,False,False,No Rain,Breezy
2024-09-10 00:00:00+05:00,2024,9,10,1,False,Autumn,Karachi,Sindh,24.8607,67.0011,7.0,14.4565,25.6565,19.83983,0.0,7.543917,33.625614,1014.9876,2.4565003,0.0,,11.2,False,False,No Rain,Calm
2024-09-10 00:00:00+05:00,2024,9,10,1,False,Autumn,Karachi,Sindh,24.8607,67.0011,7.0,16.0565,26.0065,20.360668,0.0,8.634037,39.195934,1014.92694,5.4044166,0.0,,9.950001,False,False,No Rain,Calm
2024-09-10 00:00:00+05:00,2024,9,10,1,False,Autumn,Karachi,Sindh,24.8607,67.0011,7.0,14.5565,24.6565,19.702333,0.0,7.3416076,50.38139,1014.12573,8.529417,0.25,,10.099999,False,False,No Rain,Calm
2024-09-10 00:00:00+05:00,2024,9,10,1,False,Autumn,Karachi,Sindh,24.8607,67.0011,7.0,16.8065,25.0065,20.616917,0.0,7.7826667,59.99707,1013.6495,11.835668,3.9166667,,8.200001,False,False,No Rain,Calm
2024-09-10 00:00:00+05:00,2024,9,10,1,False,Autumn,Karachi,Sindh,24.8607,67.0011,7.0,15.106501,26.4065,20.6065,0.0,8.359791,36.166428,1016.3597,2.8335836,0.16666667,,11.299999,False,False,No Rain,Calm
2024-09-10 00:00:00+05:00,2024,9,10,1,False,Autumn,Karachi,Sindh,24.8607,67.0011,7.0,14.9565,25.8565,20.502335,0.0,11.302833,25.116707,1016.0971,-0.5789166,0.0,,10.900001,False,False,No Rain,Breezy
2024-09-10 00:00:00+05:00,2024,9,10,1,False,Autumn,Karachi,Sindh,24.8607,67.0011,7.0,15.2065,26.206501,20.42525,0.0,8.446973,27.961706,1015.3767,0.6231667,0.0,,11.000001,False,False,No Rain,Calm
2024-09-10 00:00:00+05:00,2024,9,10,1,False,Autumn,Karachi,Sindh,24.8607,67.0011,7.0,14.0565,25.7565,19.604418,0.0,6.9200654,40.41674,1014.23773,5.169,0.0,,11.7,False,False,No Rain,Calm
2024-09-10 00:00:00+05:00,2024,9,10,1,False,Autumn,Karachi,Sindh,24.8607,67.0011,7.0,14.2565,27.0565,19.854416,0.0,6.3976784,62.902645,1012.35675,11.229416,0.0,,12.799999,False,False,No Rain,Calm
2024-09-10 00:00:00+05:00,2024,9,10,1,False,Autumn,Karachi,Sindh,24.8607,67.0011,7.0,14.0065,25.6565,19.848167,0.0,6.7128506,75.27764,1011.2034,14.52525,20.375,,11.65,False,False,No Rain,Calm
2024-09-10 00:00:00+05:00,2024,9,10,1,False,Autumn,Karachi,Sindh,24.8607,67.0011,7.0,16.956501,26.3065,21.450249,0.0,8.688575,80.49681,1012.03656,17.5815,6.625,,9.349998,False,False,No Rain,Calm
2024-09-10 00:00:00+05:00,2024,9,10,1,False,Autumn,Karachi,Sindh,24.8607,67.0011,7.0,16.2565,26.5565,21.454416,0.0,8.396269,51.60346,1012.0032,9.658583,1.0,,10.299999,False,False,No Rain,Calm
2024-09-10 00:00:00+05:00,2024,9,10,1,False,Autumn,Karachi,Sindh,24.8607,67.0011,7.0,14.9565,24.1065,19.410667,0.0,11.463136,28.96631,1010.94415,-0.49975023,0.0,,9.150001,False,False,No Rain,Breezy
2024-09-10 00:00:00+05:00,2024,9,10,1,False,Autumn,Karachi,Sindh,24.8607,67.0011,7.0,12.7065,24.456501,18.823168,0.0,7.406154,43.92539,1012.79095,5.3669167,0.0,,11.750001,False,False,No Rain,Calm
2024-09-10 00:00:00+05:00,2024,9,10,1,False,Autumn,Karachi,Sindh,24.8607,67.0011,7.0,14.7565,26.706501,20.789835,0.0,9.066498,26.754898,1014.5283,0.4773334,0.0,,11.950001,False,False,No Rain,Calm
2024-09-10 00:00:00+05:00,2024,9,10,1,False,Autumn,Karachi,Sindh,24.8607,67.0011,7.0,16.6565,25.0065,20.662752,0.0,9.566078,33.487255,1013.6536,3.239833,0.25,,8.35,False,False,No Rain,Calm
2024-09-10 00:00:00+05:00,2024,9,10,1,False,Autumn,Karachi,Sindh,24.8607,67.0011,7.0,16.6565,24.7565,20.794,0.0,10.103593,49.502182,1014.9864,9.046083,3.2083333,,8.1,False,False,No Rain,Breezy
2024-09-10 00:00:00+05:00,2024,9,10,1,False,Autumn,Karachi,Sindh,24.8607,67.0011,7.0,14.4065,25.8065,20.150248,0.0,7.7660446,43.439716,1015.49664,5.5731673,0.0,,11.4,False,False,No Rain,Calm
2024-09-10 00:00:00+05:00,2024,9,10,1,False,Autumn,Karachi,Sindh,24.8607,67.0011,7.0,14.8065,27.3565,21.114834,0.0,9.408923,29.241913,1016.0529,0.2502501,22.291666,,12.55,False,False,No Rain,Calm
2024-09-10 00:00:00+05:00,2024,9,10,1,False,Autumn,Karachi,Sindh,24.8607,67.0011,7.0,17.9065,28.3565,22.789833,0.0,10.508812,18.407707,1016.0327,-3.378917,48.333332,,10.450001,False,False,No Rain,Breezy
2024-09-10 00:00:00+05:00,2024,9,10,1,False,Autumn,Karachi,Sindh,24.8607,67.0011,7.0,16.7565,28.1065,21.954416,0.0,8.539158,27.045568,1014.1402,1.1481665,64.833336,,11.35,False,False,No Rain,Calm
2024-09-10 00:00:00+05:00,2024,9,10,1,False,Autumn,Karachi,Sindh,24.8607,67.0011,7.0,15.356501,27.0065,21.123167,0.0,7.4282513,39.02255,1012.8474,5.4919167,22.791666,,11.65,False,False,No Rain,Calm
2024-09-10 00:00:00+05:00,2024,9,10,1,False,Autumn,Karachi,Sindh,24.8607,67.0011,7.0,17.0565,26.3065,21.50025,0.0,9.196133,71.26739,1013.27734,15.710667,30.083334,,9.25,False,False,No Rain,Calm
2024-09-10 00:00:00+05:00,2024,9,10,1,False,Autumn,Karachi,Sindh,24.8607,67.0011,7.0,20.3565,27.706501,23.01275,0.0,10.4593935,76.012436,1013.64374,18.104418,26.125,,7.3500004,False,False,No Rain,Breezy
2024-09-10 00:00:00+05:00,2024,9,10,1,False,Autumn,Karachi,Sindh,24.8607,67.0011,7.0,17.9065,29.0065,23.260666,0.0,7.017679,58.81187,1015.28467,13.543999,0.0,,11.1,False,False,No Rain,Calm
2024-09-10 00:00:00+05:00,2024,9,10,1,False,Autumn,Karachi,Sindh,24.8607,67.0011,7.0,18.1565,28.2565,23.1565,0.0,6.5586762,47.83044,1015.38434,10.502334,0.0,,10.1,False,False,No Rain,Calm
2024-09-10 00:00:00+05:00,2024,9,10,1,False,Autumn,Karachi,Sindh,24.8607,67.0011,7.0,19.7565,29.706501,23.99608,0.0,10.376929,65.25837,1013.42145,16.233583,21.833334,,9.950001,False,False,No Rain,Breezy
2024-09-10 00:00:00+05:00,2024,9,10,1,False,Autumn,Karachi,Sindh,24.8607,67.0011,7.0,22.0065,29.3565,24.727335,0.0,12.771866,66.92033,1010.8716,17.88775,17.916666,,7.3500004,False,False,No Rain,Breezy
2024-09-10 00:00:00+05:00,2024,9,10,1,False,Autumn,Karachi,Sindh,24.8607,67.0011,7.0,21.3065,30.2565,24.769003,0.0,10.464955,67.70164,1010.73834,17.933584,5.9166665,,8.950001,False,False,No Rain,Breezy
2024-09-10 00:00:00+05:00,2024,9,10,1,False,Autumn,Karachi,Sindh,24.8607,67.0011,7.0,20.6565,30.5565,25.229416,0.0,7.2464542,60.419704,1012.9043,15.873164,37.875,,9.9,False,False,No Rain,Calm
2024-09-10 00:00:00+05:00,2024,9,10,1,False,Autumn,Karachi,Sindh,24.8607,67.0011,7.0,21.3565,30.8565,25.344002,0.0,8.962754,61.085323,1013.5336,16.302334,41.291668,,9.5,False,False,No Rain,Calm
2024-09-10 00:00:00+05:00,2024,9,10,1,False,Autumn,Karachi,Sindh,24.8607,67.0011,7.0,22.706501,29.5065,25.516916,0.0,14.209972,61.257538,1011.46484,16.956501,32.958332,,6.799999,False,False,No Rain,Breezy
2024-09-10 00:00:00+05:00,2024,9,10,1,False,Autumn,Karachi,Sindh,24.8607,67.0011,7.0,20.706501,31.4065,25.89608,0.0,8.074723,46.728104,1011.728,10.585667,0.083333336,,10.699999,False,False,No Rain,Calm
2024-09-10 00:00:00+05:00,2024,9,10,1,False,Autumn,Karachi,Sindh,24.8607,67.0011,7.0,20.9065,29.3065,24.729422,0.0,5.637672,46.549053,1014.8017,11.585667,58.791668,,8.4,False,False,No Rain,Calm
2024-09-10 00:00:00+05:00,2024,9,10,1,False,Autumn,Karachi,Sindh,24.8607,67.0011,7.0,18.5565,29.206501,23.719,0.0,7.3250833,44.09991,1015.95624,10.0148325,1.5833334,,10.650002,False,False,No Rain,Calm
2024-09-10 00:00:00+05:00,2024,9,10,1,False,Autumn,Karachi,Sindh,24.8607,67.0011,7.0,19.3565,27.5565,22.979416,0.0,7.133775,74.76007,1015.45874,17.96275,41.458332,,8.199999,False,False,No Rain,Calm
2024-09-10 00:00:00+05:00,2024,9,10,1,False,Autumn,Karachi,Sindh,24.8607,67.0011,7.0,19.5565,28.8065,23.348167,0.0,6.7517676,79.54955,1015.2808,19.169,81.291664,,9.25,False,False,No Rain,Calm
2024-09-10 00:00:00+05:00,2024,9,10,1,False,Autumn,Karachi,Sindh,24.8607,67.0011,7.0,20.206501,29.1065,24.233587,0.0,5.6731343,65.94067,1015.49554,16.364832,97.875,,8.9,False,False,No Rain,Calm
2024-09-10 00:00:00+05:00,2024,9,10,1,False,Autumn,Karachi,Sindh,24.8607,67.0011,7.0,20.0565,29.7565,24.16067,0.0,6.817858,69.6863,1015.4621,17.408583,98.833336,,9.700001,False,False,No Rain,Calm
2024-09-10 00:00:00+05:00,2024,9,10,1,False,Autumn,Karachi,Sindh,24.8607,67.0011,7.0,20.706501,27.0065,23.519,0.0,9.611503,80.10055,1013.2246,19.677334,95.333336,,6.299999,False,False,No Rain,Calm
2024-09-10 00:00:00+05:00,2024,9,10,1,False,Autumn,Karachi,Sindh,24.8607,67.0011,7.0,22.0065,27.206501,24.271086,0.0,14.955169,74.37501,1010.8912,19.150251,87.625,,5.200001,False,False,No Rain,Breezy
2024-09-10 00:00:00+05:00,2024,9,10,1,False,Autumn,Karachi,Sindh,24.8607,67.0011,7.0,21.206501,27.8565,24.014833,0.0,10.862572,70.739555,1011.69806,18.087751,15.958333,,6.6499996,False,False,No Rain,Breezy
2024-09-10 00:00:00+05:00,2024,9,10,1,False,Autumn,Karachi,Sindh,24.8607,67.0011,7.0,18.1065,27.6065,22.702333,0.0,8.517306,69.0633,1011.9483,16.2065,6.875,,9.5,False,False,No Rain,Calm
2024-09-10 00:00:00+05:00,2024,9,10,1,False,Autumn,Karachi,Sindh,24.8607,67.0011,7.0,21.3065,28.6565,24.196085,0.0,12.0752945,71.68225,1012.11066,18.139833,3.625,,7.3500004,False,False,No Rain,Breezy
2024-09-10 00:00:00+05:00,2024,9,10,1,False,Autumn,Karachi,Sindh,24.8607,67.0011,7.0,19.0565,29.3565,24.235666,0.0,7.948458,31.287592,1016.15753,2.1273336,1.7083334,,10.300001,False,False,No Rain,Calm
2024-09-10 00:00:00+05:00,2024,9,10,1,False,Autumn,Karachi,Sindh,24.8607,67.0011,7.0,16.7565,30.0565,23.104416,0.0,8.377212,23.086409,1017.32837,-1.7539171,0.375,,13.299999,False,False,No Rain,Calm
2024-09-10 00:00:00+05:00,2024,9,10,1,False,Autumn,Karachi,Sindh,24.8607,67.0011,7.0,19.6565,32.2565,24.762747,0.0,9.024097,57.172344,1013.92316,13.748166,0.0,,12.6,False,False,No Rain,Calm
2024-09-10 00:00:00+05:00,2024,9,10,1,False,Autumn,Karachi,Sindh,24.8607,67.0011,7.0,19.5565,33.1065,26.116919,0.0,7.5421386,54.943066,1011.01666,14.814834,0.083333336,,13.549999,False,False,No Rain,Calm
2024-09-10 00:00:00+05:00,2024,9,10,1,False,Autumn,Karachi,Sindh,24.8607,67.0011,7.0,22.1565,36.5565,28.025248,0.0,9.818368,41.628403,1008.0408,11.398168,0.5,,14.4,True,False,No Rain,Calm
2024-09-10 00:00:00+05:00,2024,9,10,1,False,Autumn,Karachi,Sindh,24.8607,67.0011,7.0,22.6065,36.4565,28.689833,0.0,8.011821,41.829777,1008.92535,12.485667,59.833332,,13.85,True,False,No Rain,Calm
2024-09-10 00:00:00+05:00,2024,9,10,1,False,Autumn,Karachi,Sindh,24.8607,67.0011,7.0,22.1565,36.2565,28.514832,0.0,8.006107,42.739185,1011.3269,12.302334,61.583332,,14.1,True,False,No Rain,Calm
2024-09-10 00:00:00+05:00,2024,9,10,1,False,Autumn,Karachi,Sindh,24.8607,67.0011,7.0,21.456501,34.4565,27.460669,0.0,8.097529,48.499847,1011.96967,14.348165,11.0,,13.0,False,False,No Rain,Calm
2024-09-10 00:00:00+05:00,2024,9,10,1,False,Autumn,Karachi,Sindh,24.8607,67.0011,7.0,21.8565,32.8065,26.871084,0.0,9.142564,62.467876,1009.9904,18.2815,24.083334,,10.949999,False,False,No Rain,Calm
2024-09-10 00:00:00+05:00,2024,9,10,1,False,Autumn,Karachi,Sindh,24.8607,67.0011,7.0,24.2565,33.1065,27.80858,0.0,11.855842,62.53912,1007.9404,19.546083,2.625,,8.849998,False,False,No Rain,Breezy
2024-09-10 00:00:00+05:00,2024,9,10,1,False,Autumn,Karachi,Sindh,24.8607,67.0011,7.0,25.1565,31.706501,27.554413,0.0,14.43839,60.95207,1007.8023,18.939835,33.833332,,6.550001,False,False,No Rain,Breezy
2024-09-10 00:00:00+05:00,2024,9,10,1,False,Autumn,Karachi,Sindh,24.8607,67.0011,7.0,22.206501,32.9565,27.008583,0.0,9.713035,49.2829,1009.7702,13.427333,22.0,,10.75,False,False,No Rain,Calm
2024-09-10 00:00:00+05:00,2024,9,10,1,False,Autumn,Karachi,Sindh,24.8607,67.0011,7.0,22.6565,32.5065,26.796083,0.0,9.746868,43.226284,1011.7761,11.771084,0.0,,9.85,False,False,No Rain,Calm
2024-09-10 00:00:00+05:00,2024,9,10,1,False,Autumn,Karachi,Sindh,24.8607,67.0011,7.0,20.6065,31.8065,26.36692,0.0,8.960614,43.772503,1012.39136,11.869,20.833334,,11.199999,False,False,No Rain,Calm
2024-09-10 00:00:00+05:00,2024,9,10,1,False,Autumn,Karachi,Sindh,24.8607,67.0011,7.0,20.4065,30.7565,25.45442,0.0,8.223002,62.457474,1011.4272,16.869001,8.875,,10.35,False,False,No Rain,Calm
2024-09-10 00:00:00+05:00,2024,9,10,1,False,Autumn,Karachi,Sindh,24.8607,67.0011,7.0,22.3565,30.956501,25.662752,0.0,11.094147,65.21285,1011.7024,17.57525,0.0,,8.6,False,False,No Rain,Breezy
2024-09-10 00:00:00+05:00,2024,9,10,1,False,Autumn,Karachi,Sindh,24.8607,67.0011,7.0,22.6565,31.956501,26.237753,0.0,9.949502,69.8207,1013.21954,19.446085,8.958333,,9.300001,False,False,No Rain,Calm
2024-09-10 00:00:00+05:00,2024,9,10,1,False,Autumn,Karachi,Sindh,24.8607,67.0011,7.0,21.956501,33.3565,26.771082,0.0,9.523787,64.49127,1014.36597,18.060667,0.5,,11.399998,False,False,No Rain,Calm
2024-09-10 00:00:00+05:00,2024,9,10,1,False,Autumn,Karachi,Sindh,24.8607,67.0011,7.0,23.0065,31.706501,26.754417,0.0,9.739019,64.36923,1012.48395,18.95025,0.0,,8.700001,False,False,No Rain,Calm
2024-09-10 00:00:00+05:00,2024,9,10,1,False,Autumn,Karachi,Sindh,24.8607,67.0011,7.0,23.2565,34.0065,27.806498,0.0,9.9389925,52.98163,1012.3786,15.756501,0.0,,10.75,False,False,No Rain,Calm
2024-09-10 00:00:00+05:00,2024,9,10,1,False,Autumn,Karachi,Sindh,24.8607,67.0011,7.0,23.1065,33.7065,27.558586,0.0,11.803497,45.816135,1012.21967,12.377335,0.0,,10.6,False,False,No Rain,Breezy
2024-09-10 00:00:00+05:00,2024,9,10,1,False,Autumn,Karachi,Sindh,24.8607,67.0011,7.0,22.2565,29.706501,25.660667,0.0,11.921351,71.884254,1009.2045,19.96275,12.375,,7.450001,False,False,No Rain,Breezy
2024-09-10 00:00:00+05:00,2024,9,10,1,False,Autumn,Karachi,Sindh,24.8607,67.0011,7.0,23.8065,29.456501,26.033587,0.0,12.921425,70.01272,1006.616,19.73775,0.125,,5.6500015,False,False,No Rain,Breezy
2024-09-10 00:00:00+05:00,2024,9,10,1,False,Autumn,Karachi,Sindh,24.8607,67.0011,7.0,22.8065,33.9065,27.150251,0.0,11.442079,42.33498,1009.05835,8.573165,0.0,,11.100002,False,False,No Rain,Breezy
2024-09-10 00:00:00+05:00,2024,9,10,1,False,Autumn,Karachi,Sindh,24.8607,67.0011,7.0,20.9065,32.0565,26.193998,0.0,9.833673,23.617966,1011.35846,0.8731666,47.833332,,11.15,False,False,No Rain,Calm
2024-09-10 00:00:00+05:00,2024,9,10,1,False,Autumn,Karachi,Sindh,24.8607,67.0011,7.0,22.4065,33.4065,26.95442,0.0,7.6615615,22.459625,1010.7485,1.0106667,52.0,,11.000002,False,False,No Rain,Calm
2024-09-10 00:00:00+05:00,2024,9,10,1,False,Autumn,Karachi,Sindh,24.8607,67.0011,7.0,21.1565,33.8065,26.504416,0.0,9.5582075,39.8508,1010.49725,8.814834,0.0,,12.65,False,False,No Rain,Calm
2024-09-10 00:00:00+05:00,2024,9,10,1,False,Autumn,Karachi,Sindh,24.8607,67.0011,7.0,20.5065,31.956501,26.054415,0.0,8.110072,65.47596,1010.0131,18.318996,0.083333336,,11.450001,False,False,No Rain,Calm
2024-09-10 00:00:00+05:00,2024,9,10,1,False,Autumn,Karachi,Sindh,24.8607,67.0011,7.0,21.6065,34.5565,27.16691,0.0,7.9952683,62.33534,1008.32574,17.93775,0.0,,12.949999,False,False,No Rain,Calm
2024-09-10 00:00:00+05:00,2024,9,10,1,False,Autumn,Karachi,Sindh,24.8607,67.0011,7.0,21.6565,33.7065,27.11483,0.0,6.873181,60.462692,1007.826,17.998169,0.125,,12.050001,False,False,No Rain,Calm
2024-09-10 00:00:00+05:00,2024,9,10,1,False,Autumn,Karachi,Sindh,24.8607,67.0011,7.0,22.7565,32.8065,27.333586,0.0,8.98695,65.8561,1009.2214,19.910667,0.0,,10.049999,False,False,No Rain,Calm
2024-09-10 00:00:00+05:00,2024,9,10,1,False,Autumn,Karachi,Sindh,24.8607,67.0011,7.0,22.9065,33.9565,27.962751,0.0,8.705626,61.227024,1010.83844,19.221087,0.0,,11.050001,False,False,No Rain,Calm
2024-09-10 00:00:00+05:00,2024,9,10,1,False,Autumn,Karachi,Sindh,24.8607,67.0011,7.0,24.0065,33.8565,28.479416,0.0,11.000129,60.665478,1010.1279,19.464832,0.0,,9.849998,False,False,No Rain,Breezy
2024-09-10 00:00:00+05:00,2024,9,10,1,False,Autumn,Karachi,Sindh,24.8607,67.0011,7.0,25.7565,36.6065,30.264832,0.0,15.27251,42.17712,1008.06354,14.850251,0.0,,10.849998,True,False,No Rain,Breezy
2024-09-10 00:00:00+05:00,2024,9,10,1,False,Autumn,Karachi,Sindh,24.8607,67.0011,7.0,26.6065,33.2565,29.152328,0.0,14.064991,54.34923,1007.81903,18.700249,0.875,,6.6499996,False,False,No Rain,Breezy
2024-09-10 00:00:00+05:00,2024,9,10,1,False,Autumn,Karachi,Sindh,24.8607,67.0011,7.0,25.0565,31.5565,28.01483,0.0,9.537914,71.47327,1009.08594,22.054419,24.916666,,6.5,False,False,No Rain,Calm
2024-09-10 00:00:00+05:00,2024,9,10,1,False,Autumn,Karachi,Sindh,24.8607,67.0011,7.0,24.5565,31.5065,27.664831,0.0,9.853181,76.71322,1008.65625,22.846085,44.0,,6.950001,False,False,No Rain,Calm
2024-09-10 00:00:00+05:00,2024,9,10,1,False,Autumn,Karachi,Sindh,24.8607,67.0011,7.0,24.706501,31.6565,27.694,0.0,11.888389,77.36177,1005.1382,23.029413,34.333332,,6.949999,False,False,No Rain,Breezy
2024-09-10 00:00:00+05:00,2024,9,10,1,False,Autumn,Karachi,Sindh,24.8607,67.0011,7.0,25.2565,32.3565,28.019003,0.0,11.731694,76.9746,1002.1748,23.266916,7.75,,7.0999985,False,False,No Rain,Breezy
2024-09-10 00:00:00+05:00,2024,9,10,1,False,Autumn,Karachi,Sindh,24.8607,67.0011,7.0,25.5065,35.2565,29.452332,0.0,10.747634,65.54757,1004.70575,21.291918,0.0,,9.75,True,False,No Rain,Breezy
2024-09-10 00:00:00+05:00,2024,9,10,1,False,Autumn,Karachi,Sindh,24.8607,67.0011,7.0,25.8065,33.0065,28.6065,0.0,13.672509,72.78962,1008.1675,22.91275,0.5833333,,7.200001,False,False,No Rain,Breezy
2024-09-10 00:00:00+05:00,2024,9,10,1,False,Autumn,Karachi,Sindh,24.8607,67.0011,7.0,25.8065,31.956501,28.289833,0.0,16.293257,76.28536,1007.9417,23.502333,1.875,,6.1500015,False,False,No Rain,Breezy
2024-09-10 00:00:00+05:00,2024,9,10,1,False,Autumn,Karachi,Sindh,24.8607,67.0011,7.0,25.9065,32.6565,28.710663,0.0,14.8054285,77.11999,1006.57306,24.056496,1.9166666,,6.750002,False,False,No Rain,Breezy
2024-09-10 00:00:00+05:00,2024,9,10,1,False,Autumn,Karachi,Sindh,24.8607,67.0011,7.0,26.0065,33.1565,29.012747,0.0,14.557198,71.87725,1005.8452,23.052332,0.7916667,,7.1500015,False,False,No Rain,Breezy
2024-09-10 00:00:00+05:00,2024,9,10,1,False,Autumn,Karachi,Sindh,24.8607,67.0011,7.0,26.3565,33.5565,29.352335,0.0,16.785402,67.28024,1004.9136,22.29817,0.0,,7.199999,False,False,No Rain,Breezy
2024-09-10 00:00:00+05:00,2024,9,10,1,False,Autumn,Karachi,Sindh,24.8607,67.0011,7.0,26.2565,32.2065,28.783585,0.0,14.971002,71.337585,1004.65814,22.746084,0.0,,5.950001,False,False,No Rain,Breezy
2024-09-10 00:00:00+05:00,2024,9,10,1,False,Autumn,Karachi,Sindh,24.8607,67.0011,7.0,26.3065,34.6565,29.960669,0.0,13.911767,60.193806,1003.587,20.6315,0.041666668,,8.350002,False,False,No Rain,Breezy
2024-09-10 00:00:00+05:00,2024,9,10,1,False,Autumn,Karachi,Sindh,24.8607,67.0011,7.0,25.456501,38.7565,31.239832,0.0,11.626159,40.28324,1005.4055,11.456501,0.0,,13.299999,True,False,No Rain,Breezy
2024-09-10 00:00:00+05:00,2024,9,10,1,False,Autumn,Karachi,Sindh,24.8607,67.0011,7.0,25.206501,38.2065,30.258581,0.0,9.975294,44.615723,1008.3008,13.691915,0.0,,13.0,True,False,No Rain,Calm
2024-09-10 00:00:00+05:00,2024,9,10,1,False,Autumn,Karachi,Sindh,24.8607,67.0011,7.0,25.0065,35.6565,29.337751,0.0,7.8848004,59.26468,1009.893,19.325253,0.0,,10.650002,True,False,No Rain,Calm
2024-09-10 00:00:00+05:00,2024,9,10,1,False,Autumn,Karachi,Sindh,24.8607,67.0011,7.0,24.2565,35.2065,28.95234,0.0,9.401381,66.358055,1007.5396,21.104416,0.0,,10.950001,True,False,No Rain,Calm
2024-09-10 00:00:00+05:00,2024,9,10,1,False,Autumn,Karachi,Sindh,24.8607,67.0011,7.0,25.6065,33.7565,29.079416,0.0,11.514237,69.45081,1005.096,22.337753,0.041666668,,8.15,False,False,No Rain,Breezy
2024-09-10 00:00:00+05:00,2024,9,10,1,False,Autumn,Karachi,Sindh,24.8607,67.0011,7.0,25.5065,33.1065,28.858583,0.0,9.298961,75.74685,1005.06635,23.821083,0.6666667,,7.5999985,False,False,No Rain,Calm
2024-09-10 00:00:00+05:00,2024,9,10,1,False,Autumn,Karachi,Sindh,24.8607,67.0011,7.0,26.956501,37.4065,31.096083,0.0,11.620281,56.371723,1004.31866,20.844002,1.0,,10.450001,True,False,No Rain,Breezy
2024-09-10 00:00:00+05:00,2024,9,10,1,False,Autumn,Karachi,Sindh,24.8607,67.0011,7.0,26.6065,35.0065,30.379416,0.0,10.413667,62.740368,1005.42847,21.954416,1.5833334,,8.4,True,False,No Rain,Breezy
2024-09-10 00:00:00+05:00,2024,9,10,1,False,Autumn,Karachi,Sindh,24.8607,67.0011,7.0,27.0065,35.6565,30.958582,0.0,11.9269,59.767883,1003.76447,21.535666,0.041666668,,8.650002,True,False,No Rain,Breezy
2024-09-10 00:00:00+05:00,2024,9,10,1,False,Autumn,Karachi,Sindh,24.8607,67.0011,7.0,29.1065,35.3065,31.60025,0.0,14.739769,51.602947,1003.00006,20.131502,31.416666,,6.199999,True,False,No Rain,Breezy
2024-09-10 00:00:00+05:00,2024,9,10,1,False,Autumn,Karachi,Sindh,24.8607,67.0011,7.0,28.2565,35.5065,31.0315,0.0,14.701823,56.75365,1004.5516,21.079416,38.708332,,7.25,True,False,No Rain,Breezy
2024-09-10 00:00:00+05:00,2024,9,10,1,False,Autumn,Karachi,Sindh,24.8607,67.0011,7.0,27.6565,33.5565,30.202332,0.0,14.700068,65.139275,1005.4487,22.78775,0.29166666,,5.8999996,False,False,No Rain,Breezy
2024-09-10 00:00:00+05:00,2024,9,10,1,False,Autumn,Karachi,Sindh,24.8607,67.0011,7.0,27.706501,33.2065,29.95025,0.0,14.607864,70.72231,1005.0691,23.881495,15.375,,5.5,False,False,No Rain,Breezy
2024-09-10 00:00:00+05:00,2024,9,10,1,False,Autumn,Karachi,Sindh,24.8607,67.0011,7.0,27.1565,34.3565,30.102335,0.0,12.276988,71.340126,1003.3626,23.998169,6.25,,7.199999,False,False,No Rain,Breezy
2024-09-10 00:00:00+05:00,2024,9,10,1,False,Autumn,Karachi,Sindh,24.8607,67.0011,7.0,27.3065,33.5065,30.010668,0.0,11.284911,70.939415,1001.7512,23.912748,8.75,,6.200001,False,False,No Rain,Breezy
2024-09-10 00:00:00+05:00,2024,9,10,1,False,Autumn,Karachi,Sindh,24.8607,67.0011,7.0,26.3565,32.9565,29.725252,0.0,7.438378,68.88821,1001.9211,23.041916,9.916667,,6.6000004,False,False,No Rain,Calm
2024-09-10 00:00:00+05:00,2024,9,10,1,False,Autumn,Karachi,Sindh,24.8607,67.0011,7.0,27.206501,32.8065,29.654411,0.0,8.588385,74.59677,1003.56964,24.366919,6.7916665,,5.5999985,False,False,No Rain,Calm
2024-09-10 00:00:00+05:00,2024,9,10,1,False,Autumn,Karachi,Sindh,24.8607,67.0011,7.0,27.3065,33.5065,29.752333,0.0,7.697081,75.77024,1002.65405,24.75442,11.666667,,6.200001,False,False,No Rain,Calm
2024-09-10 00:00:00+05:00,2024,9,10,1,False,Autumn,Karachi,Sindh,24.8607,67.0011,7.0,27.1565,32.2065,29.593996,0.0,7.197164,75.68059,1003.5694,24.643997,9.666667,,5.050001,False,False,No Rain,Calm
2024-09-10 00:00:00+05:00,2024,9,10,1,False,Autumn,Karachi,Sindh,24.8607,67.0011,7.0,27.3065,32.3565,29.852335,0.0,8.273349,71.97806,1005.835,24.050253,8.625,,5.049999,False,False,No Rain,Calm
2024-09-10 00:00:00+05:00,2024,9,10,1,False,Autumn,Karachi,Sindh,24.8607,67.0011,7.0,26.956501,33.9565,30.025251,0.0,11.063953,70.275185,1006.3267,23.662752,8.125,,7.0,False,False,No Rain,Breezy
2024-09-10 00:00:00+05:00,2024,9,10,1,False,Autumn,Karachi,Sindh,24.8607,67.0011,7.0,27.3065,32.5065,29.698168,0.0,12.937203,76.08915,1005.15607,24.896082,16.166666,,5.200001,False,False,No Rain,Breezy
2024-09-10 00:00:00+05:00,2024,9,10,1,False,Autumn,Karachi,Sindh,24.8607,67.0011,7.0,27.4065,32.0565,29.477333,0.1,13.782044,76.44496,1003.6857,24.775253,43.166668,,4.6499996,False,False,Light,Breezy
2024-09-10 00:00:00+05:00,2024,9,10,1,False,Autumn,Karachi,Sindh,24.8607,67.0011,7.0,26.8065,32.6565,29.554413,0.0,12.607493,76.987495,1003.7067,24.89192,18.791666,,5.8500023,False,False,No Rain,Breezy
2024-09-10 00:00:00+05:00,2024,9,10,1,False,Autumn,Karachi,Sindh,24.8607,67.0011,7.0,27.2565,34.4565,30.46483,0.0,10.735253,75.67156,1003.46356,25.3815,0.41666666,,7.200001,False,False,No Rain,Breezy
2024-09-10 00:00:00+05:00,2024,9,10,1,False,Autumn,Karachi,Sindh,24.8607,67.0011,7.0,27.5565,33.6565,30.4815,0.0,10.349123,75.856346,1003.39276,25.519,0.0,,6.1000023,False,False,No Rain,Breezy
2024-09-10 00:00:00+05:00,2024,9,10,1,False,Autumn,Karachi,Sindh,24.8607,67.0011,7.0,27.8065,32.8065,30.144,0.0,11.178292,79.26702,1002.89233,26.019003,5.4583335,,5.0,False,False,No Rain,Breezy
2024-09-10 00:00:00+05:00,2024,9,10,1,False,Autumn,Karachi,Sindh,24.8607,67.0011,7.0,28.0565,32.5065,30.148163,0.0,11.987105,74.74468,1002.7133,25.046082,22.458334,,4.450001,False,False,No Rain,Breezy
2024-09-10 00:00:00+05:00,2024,9,10,1,False,Autumn,Karachi,Sindh,24.8607,67.0011,7.0,28.1065,32.7565,30.162752,0.0,10.222857,73.339096,1003.11304,24.771082,12.458333,,4.6499996,False,False,No Rain,Breezy
2024-09-10 00:00:00+05:00,2024,9,10,1,False,Autumn,Karachi,Sindh,24.8607,67.0011,7.0,27.9065,32.6565,30.008583,0.0,12.124699,72.670746,1002.7503,24.458582,20.083334,,4.750002,False,False,No Rain,Breezy
2024-09-10 00:00:00+05:00,2024,9,10,1,False,Autumn,Karachi,Sindh,24.8607,67.0011,7.0,28.206501,33.2565,30.385666,0.0,13.7183075,70.871574,1002.1893,24.352333,22.916666,,5.049999,False,False,No Rain,Breezy
2024-09-10 00:00:00+05:00,2024,9,10,1,False,Autumn,Karachi,Sindh,24.8607,67.0011,7.0,28.0565,32.9065,30.206495,0.0,13.969845,72.68759,1001.9891,24.631498,31.291666,,4.8500023,False,False,No Rain,Breezy
2024-09-10 00:00:00+05:00,2024,9,10,1,False,Autumn,Karachi,Sindh,24.8607,67.0011,7.0,27.8565,32.5065,29.954416,0.2,13.74352,74.69366,1001.0474,24.84817,20.291666,,4.6499996,False,False,Light,Breezy
2024-09-10 00:00:00+05:00,2024,9,10,1,False,Autumn,Karachi,Sindh,24.8607,67.0011,7.0,27.706501,33.7565,30.212748,0.0,14.975151,73.87233,998.7209,24.816916,17.458334,,6.049999,False,False,No Rain,Breezy
2024-09-10 00:00:00+05:00,2024,9,10,1,False,Autumn,Karachi,Sindh,24.8607,67.0011,7.0,28.5065,33.1565,30.554419,0.0,15.443915,72.56155,998.35944,24.908587,28.125,,4.6500015,False,False,No Rain,Breezy
2024-09-10 00:00:00+05:00,2024,9,10,1,False,Autumn,Karachi,Sindh,24.8607,67.0011,7.0,28.8065,33.9065,30.929419,0.0,14.535325,74.961334,999.7259,25.791914,14.125,,5.1000023,False,False,No Rain,Breezy
2024-09-10 00:00:00+05:00,2024,9,10,1,False,Autumn,Karachi,Sindh,24.8607,67.0011,7.0,28.7565,35.4565,31.246084,0.0,14.257427,73.96428,1000.54694,25.769003,16.25,,6.700001,True,False,No Rain,Breezy
2024-09-10 00:00:00+05:00,2024,9,10,1,False,Autumn,Karachi,Sindh,24.8607,67.0011,7.0,28.5565,33.9565,30.789833,0.0,16.002699,74.57203,998.66815,25.596085,25.0,,5.4000015,False,False,No Rain,Breezy
2024-09-10 00:00:00+05:00,2024,9,10,1,False,Autumn,Karachi,Sindh,24.8607,67.0011,7.0,28.456501,34.5065,30.831503,0.0,13.0997,78.568794,997.4526,26.504416,20.5,,6.049999,False,False,No Rain,Breezy
2024-09-10 00:00:00+05:00,2024,9,10,1,False,Autumn,Karachi,Sindh,24.8607,67.0011,7.0,28.1565,36.7565,32.335667,0.0,11.050643,66.23916,995.5953,24.521082,3.0,,8.6,True,False,No Rain,Breezy
2024-09-10 00:00:00+05:00,2024,9,10,1,False,Autumn,Karachi,Sindh,24.8607,67.0011,7.0,29.7565,38.3065,32.59817,0.0,18.054127,58.700924,994.7549,22.783585,0.0,,8.549999,True,False,No Rain,Breezy
2024-09-10 00:00:00+05:00,2024,9,10,1,False,Autumn,Karachi,Sindh,24.8607,67.0011,7.0,28.5565,36.3065,31.346079,0.0,18.181103,72.747986,997.23315,25.202337,2.9166667,,7.75,True,False,No Rain,Breezy
2024-09-10 00:00:00+05:00,2024,9,10,1,False,Autumn,Karachi,Sindh,24.8607,67.0011,7.0,28.6565,37.7065,31.937752,0.0,15.263694,64.757484,997.2763,23.512749,36.125,,9.050001,True,False,No Rain,Breezy
2024-09-10 00:00:00+05:00,2024,9,10,1,False,Autumn,Karachi,Sindh,24.8607,67.0011,7.0,28.6065,33.7565,30.671083,0.0,15.553439,75.21565,996.6154,25.60025,50.666668,,5.1499996,False,False,No Rain,Breezy
2024-09-10 00:00:00+05:00,2024,9,10,1,False,Autumn,Karachi,Sindh,24.8607,67.0011,7.0,27.956501,32.1565,29.854418,0.0,15.933913,78.992744,998.3785,25.706497,33.958332,,4.200001,False,False,No Rain,Breezy
2024-09-10 00:00:00+05:00,2024,9,10,1,False,Autumn,Karachi,Sindh,24.8607,67.0011,7.0,27.956501,32.5565,30.102333,0.1,15.28164,73.919395,1001.14355,24.7315,39.291668,,4.5999985,False,False,Light,Breezy
2024-09-10 00:00:00+05:00,2024,9,10,1,False,Autumn,Karachi,Sindh,24.8607,67.0011,7.0,28.2565,32.6565,30.262747,0.0,12.713364,69.58006,1005.09503,23.914833,25.5,,4.4000015,False,False,No Rain,Breezy
2024-09-10 00:00:00+05:00,2024,9,10,1,False,Autumn,Karachi,Sindh,24.8607,67.0011,7.0,28.3565,33.2065,30.400248,0.0,14.263817,68.027534,1007.0732,23.66067,25.75,,4.8500004,False,False,No Rain,Breezy
2024-09-10 00:00:00+05:00,2024,9,10,1,False,Autumn,Karachi,Sindh,24.8607,67.0011,7.0,27.8565,32.6065,29.941916,0.0,16.986992,70.595436,1006.4598,23.877333,9.916667,,4.749998,False,False,No Rain,Breezy
2024-09-10 00:00:00+05:00,2024,9,10,1,False,Autumn,Karachi,Sindh,24.8607,67.0011,7.0,28.1065,32.4565,30.008585,0.0,16.465677,70.68572,1005.90643,23.9815,14.0,,4.3500004,False,False,No Rain,Breezy
2024-09-10 00:00:00+05:00,2024,9,10,1,False,Autumn,Karachi,Sindh,24.8607,67.0011,7.0,28.1065,32.4065,30.029419,0.0,16.934847,69.590866,1005.04034,23.764833,14.958333,,4.300001,False,False,No Rain,Breezy
2024-09-10 00:00:00+05:00,2024,9,10,1,False,Autumn,Karachi,Sindh,24.8607,67.0011,7.0,28.3565,33.1065,30.356497,0.0,17.81879,67.98298,1002.8554,23.652336,25.583334,,4.749998,False,False,No Rain,Breezy
2024-09-10 00:00:00+05:00,2024,9,10,1,False,Autumn,Karachi,Sindh,24.8607,67.0011,7.0,28.5065,32.9065,30.394,0.0,16.63325,71.3067,1001.9353,24.483583,39.666668,,4.4000015,False,False,No Rain,Breezy
2024-09-10 00:00:00+05:00,2024,9,10,1,False,Autumn,Karachi,Sindh,24.8607,67.0011,7.0,28.456501,32.9565,30.304419,0.0,15.757675,76.578804,1000.41156,25.587748,40.708332,,4.5,False,False,No Rain,Breezy
2024-09-10 00:00:00+05:00,2024,9,10,1,False,Autumn,Karachi,Sindh,24.8607,67.0011,7.0,28.1565,35.4065,30.756498,0.0,13.311645,79.60311,998.71783,26.60025,25.333334,,7.250002,True,False,No Rain,Breezy
2024-09-10 00:00:00+05:00,2024,9,10,1,False,Autumn,Karachi,Sindh,24.8607,67.0011,7.0,28.4065,32.7565,30.408585,0.0,11.103492,82.23831,996.89355,26.92525,22.666666,,4.3500004,False,False,No Rain,Breezy
2024-09-10 00:00:00+05:00,2024,9,10,1,False,Autumn,Karachi,Sindh,24.8607,67.0011,7.0,27.7565,33.3565,30.31275,0.0,8.660024,79.77259,995.66925,26.229418,16.916666,,5.5999985,False,False,No Rain,Calm
2024-09-10 00:00:00+05:00,2024,9,10,1,False,Autumn,Karachi,Sindh,24.8607,67.0011,7.0,28.8565,38.0065,31.86483,2.4,7.5560875,74.14177,995.5442,26.13775,62.916668,,9.15,True,False,Light,Calm
2024-09-10 00:00:00+05:00,2024,9,10,1,False,Autumn,Karachi,Sindh,24.8607,67.0011,7.0,29.0565,36.0565,31.891909,0.0,11.098664,74.550514,996.41846,26.373169,80.458336,,7.0,True,False,No Rain,Breezy
2024-09-10 00:00:00+05:00,2024,9,10,1,False,Autumn,Karachi,Sindh,24.8607,67.0011,7.0,28.2565,33.5065,30.556498,0.2,17.693033,77.37022,997.59326,26.002329,77.916664,,5.25,False,False,Light,Breezy
2024-09-10 00:00:00+05:00,2024,9,10,1,False,Autumn,Karachi,Sindh,24.8607,67.0011,7.0,28.8065,32.4065,30.310663,0.4,21.338655,75.930534,996.2937,25.473167,69.291664,,3.6000023,False,False,Light,Windy
2024-09-10 00:00:00+05:00,2024,9,10,1,False,Autumn,Karachi,Sindh,24.8607,67.0011,7.0,28.6565,31.456501,30.01692,3.3999996,18.631227,81.80988,997.11743,26.525253,76.708336,,2.8000011,False,False,Light,Breezy
2024-09-10 00:00:00+05:00,2024,9,10,1,False,Autumn,Karachi,Sindh,24.8607,67.0011,7.0,28.6565,31.7565,30.069,3.9999998,17.123579,82.93655,998.4831,26.794,94.875,,3.1000004,False,False,Light,Breezy
2024-09-10 00:00:00+05:00,2024,9,10,1,False,Autumn,Karachi,Sindh,24.8607,67.0011,7.0,28.706501,32.0565,29.931501,1.1000001,14.6629715,80.91205,997.2962,26.233582,99.916664,,3.3499985,False,False,Light,Breezy
2024-09-10 00:00:00+05:00,2024,9,10,1,False,Autumn,Karachi,Sindh,24.8607,67.0011,7.0,28.456501,32.4565,30.23567,0.70000005,13.354188,79.709045,995.898,26.248163,84.333336,,4.0,False,False,Light,Breezy
2024-09-10 00:00:00+05:00,2024,9,10,1,False,Autumn,Karachi,Sindh,24.8607,67.0011,7.0,28.3065,32.7565,30.296082,0.4,12.266847,79.27712,994.6617,26.17733,64.833336,,4.450001,False,False,Light,Breezy
2024-09-10 00:00:00+05:00,2024,9,10,1,False,Autumn,Karachi,Sindh,24.8607,67.0011,7.0,28.3565,32.2065,29.971087,0.0,9.4112,78.67391,995.3311,25.769,82.333336,,3.8500004,False,False,No Rain,Calm
2024-09-10 00:00:00+05:00,2024,9,10,1,False,Autumn,Karachi,Sindh,24.8607,67.0011,7.0,28.5565,34.2065,30.914833,0.0,6.8334184,77.08337,996.94904,26.10025,84.25,,5.6500015,False,False,No Rain,Calm
2024-09-10 00:00:00+05:00,2024,9,10,1,False,Autumn,Karachi,Sindh,24.8607,67.0011,7.0,27.0065,35.9065,29.773169,17.100002,8.057304,81.94463,996.8088,26.11275,99.125,,8.900002,True,False,Moderate,Calm
2024-09-10 00:00:00+05:00,2024,9,10,1,False,Autumn,Karachi,Sindh,24.8607,67.0011,7.0,26.6565,29.6065,27.962751,36.199997,11.290084,88.512085,996.4419,25.852335,99.75,,2.9500008,False,False,Heavy,Breezy
2024-09-10 00:00:00+05:00,2024,9,10,1,False,Autumn,Karachi,Sindh,24.8607,67.0011,7.0,27.206501,30.3065,28.921087,1.5000002,12.103799,84.461105,995.82806,26.008583,66.541664,,3.0999985,False,False,Light,Breezy
2024-09-10 00:00:00+05:00,2024,9,10,1,False,Autumn,Karachi,Sindh,24.8607,67.0011,7.0,28.2565,31.6065,29.835663,1.1000001,16.412222,81.512566,996.15936,26.258581,77.625,,3.3500004,False,False,Light,Breezy
2024-09-10 00:00:00+05:00,2024,9,10,1,False,Autumn,Karachi,Sindh,24.8607,67.0011,7.0,28.1565,31.956501,29.84192,0.8,14.336269,81.506615,997.2835,26.262754,66.291664,,3.8000011,False,False,Light,Breezy
2024-09-10 00:00:00+05:00,2024,9,10,1,False,Autumn,Karachi,Sindh,24.8607,67.0011,7.0,27.8565,31.6065,29.800245,1.2,13.573575,81.1905,997.19183,26.156496,82.125,,3.75,False,False,Light,Breezy
2024-09-10 00:00:00+05:00,2024,9,10,1,False,Autumn,Karachi,Sindh,24.8607,67.0011,7.0,28.1065,32.4565,29.937752,0.4,10.450173,80.39738,997.1838,26.116919,99.75,,4.3500004,False,False,Light,Breezy
2024-09-10 00:00:00+05:00,2024,9,10,1,False,Autumn,Karachi,Sindh,24.8607,67.0011,7.0,28.6565,33.1065,30.39192,0.2,9.996328,78.44314,997.8886,26.123169,99.958336,,4.449999,False,False,Light,Calm
2024-09-10 00:00:00+05:00,2024,9,10,1,False,Autumn,Karachi,Sindh,24.8607,67.0011,7.0,28.6565,33.8065,30.93567,0.5,11.788537,75.66971,997.3155,25.985662,79.583336,,5.1499996,False,False,Light,Breezy
2024-09-10 00:00:00+05:00,2024,9,10,1,False,Autumn,Karachi,Sindh,24.8607,67.0011,7.0,28.706501,32.4065,30.571083,0.8000001,14.220581,76.30778,996.3152,25.83983,64.291664,,3.7000008,False,False,Light,Breezy
2024-09-10 00:00:00+05:00,2024,9,10,1,False,Autumn,Karachi,Sindh,24.8607,67.0011,7.0,28.6065,33.0565,30.408583,0.0,8.956858,76.35317,996.4189,25.668997,86.541664,,4.449999,False,False,No Rain,Calm
2024-09-10 00:00:00+05:00,2024,9,10,1,False,Autumn,Karachi,Sindh,24.8607,67.0011,7.0,28.5565,33.7065,30.716913,0.2,9.227778,74.49297,997.7979,25.496084,48.291668,,5.1500015,False,False,Light,Calm
2024-09-10 00:00:00+05:00,2024,9,10,1,False,Autumn,Karachi,Sindh,24.8607,67.0011,7.0,28.3065,32.7065,30.498169,0.6,11.0214815,77.526306,998.01373,26.03775,34.708332,,4.4000015,False,False,Light,Breezy
2024-09-10 00:00:00+05:00,2024,9,10,1,False,Autumn,Karachi,Sindh,24.8607,67.0011,7.0,28.3565,32.2565,30.225252,0.5,10.454808,76.97656,998.8416,25.669,76.291664,,3.8999996,False,False,Light,Breezy
2024-09-10 00:00:00+05:00,2024,9,10,1,False,Autumn,Karachi,Sindh,24.8607,67.0011,7.0,28.3065,32.7565,30.402334,0.2,11.065277,75.658424,1000.23676,25.525251,97.666664,,4.450001,False,False,Light,Breezy
2024-09-10 00:00:00+05:00,2024,9,10,1,False,Autumn,Karachi,Sindh,24.8607,67.0011,7.0,28.4065,32.0565,30.152338,0.1,12.934947,74.304924,1001.4809,24.969,51.958332,,3.6499996,False,False,Light,Breezy
2024-09-10 00:00:00+05:00,2024,9,10,1,False,Autumn,Karachi,Sindh,24.8607,67.0011,7.0,28.206501,32.1565,29.914835,0.6,15.212158,74.94225,1000.9807,24.927338,61.375,,3.9500008,False,False,Light,Breezy
2024-09-10 00:00:00+05:00,2024,9,10,1,False,Autumn,Karachi,Sindh,24.8607,67.0011,7.0,28.0065,32.3065,29.866919,0.70000005,15.636364,77.75357,998.96136,25.473167,60.875,,4.299999,False,False,Light,Breezy
2024-09-10 00:00:00+05:00,2024,9,10,1,False,Autumn,Karachi,Sindh,24.8607,67.0011,7.0,27.8065,32.2065,29.891922,0.0,12.660664,74.274254,998.8282,24.668999,89.0,,4.4000015,False,False,No Rain,Breezy
2024-09-10 00:00:00+05:00,2024,9,10,1,False,Autumn,Karachi,Sindh,24.8607,67.0011,7.0,27.706501,32.1065,29.854414,0.1,11.740584,72.94315,999.3027,24.36067,70.791664,,4.3999977,False,False,Light,Breezy
2024-09-10 00:00:00+05:00,2024,9,10,1,False,Autumn,Karachi,Sindh,24.8607,67.0011,7.0,28.1065,31.706501,29.685669,1.1,12.017484,75.97853,1000.3972,24.958582,75.041664,,3.6000004,False,False,Light,Breezy
2024-09-10 00:00:00+05:00,2024,9,10,1,False,Autumn,Karachi,Sindh,24.8607,67.0011,7.0,28.0565,33.2065,30.371088,0.0,10.880418,69.28203,1001.03595,23.969,93.833336,,5.1500015,False,False,No Rain,Breezy
2024-09-10 00:00:00+05:00,2024,9,10,1,False,Autumn,Karachi,Sindh,24.8607,67.0011,7.0,28.1565,32.9565,30.206497,0.5,15.430736,73.27368,997.8632,24.794,88.0,,4.800001,False,False,Light,Breezy
2024-09-10 00:00:00+05:00,2024,9,10,1,False,Autumn,Karachi,Sindh,24.8607,67.0011,7.0,28.0065,32.1065,29.733582,0.0,13.230446,75.93234,996.5505,24.95025,97.416664,,4.0999985,False,False,No Rain,Breezy
2024-09-10 00:00:00+05:00,2024,9,10,1,False,Autumn,Karachi,Sindh,24.8607,67.0011,7.0,27.6065,32.2565,29.993998,1.8000001,11.60657,76.3278,998.3122,25.254416,84.708336,,4.6499996,False,False,Light,Breezy
2024-09-10 00:00:00+05:00,2024,9,10,1,False,Autumn,Karachi,Sindh,24.8607,67.0011,7.0,28.4065,32.6065,30.173162,0.4,13.542015,74.74915,999.2244,25.098166,82.708336,,4.199999,False,False,Light,Breezy
2024-09-10 00:00:00+05:00,2024,9,10,1,False,Autumn,Karachi,Sindh,24.8607,67.0011,7.0,28.206501,30.8065,29.410666,1.8000003,18.452639,77.5844,996.52875,25.044,83.0,,2.5999985,False,False,Light,Breezy
2024-09-10 00:00:00+05:00,2024,9,10,1,False,Autumn,Karachi,Sindh,24.8607,67.0011,7.0,27.706501,32.0565,29.656502,1.8000003,14.420476,76.80033,995.29706,25.048164,51.791668,,4.3499985,False,False,Light,Breezy
2024-09-10 00:00:00+05:00,2024,9,10,1,False,Autumn,Karachi,Sindh,24.8607,67.0011,7.0,27.5565,32.1065,29.70442,0.6,12.9475565,76.85938,995.9009,25.10025,36.583332,,4.549999,False,False,Light,Breezy
2024-09-10 00:00:00+05:00,2024,9,10,1,False,Autumn,Karachi,Sindh,24.8607,67.0011,7.0,27.5565,31.956501,29.696085,1.0,15.160359,75.64939,996.7253,24.852333,61.25,,4.4000015,False,False,Light,Breezy
2024-09-10 00:00:00+05:00,2024,9,10,1,False,Autumn,Karachi,Sindh,24.8607,67.0011,7.0,27.7565,31.5065,29.391922,0.6,15.399276,75.44977,997.1116,24.531502,90.791664,,3.75,False,False,Light,Breezy
2024-09-10 00:00:00+05:00,2024,9,10,1,False,Autumn,Karachi,Sindh,24.8607,67.0011,7.0,27.8565,31.4065,29.344,0.2,17.334461,74.92037,997.6402,24.364832,99.291664,,3.5499992,False,False,Light,Breezy
2024-09-10 00:00:00+05:00,2024,9,10,1,False,Autumn,Karachi,Sindh,24.8607,67.0011,7.0,27.7565,31.4065,29.237747,0.3,19.763405,76.384895,997.7732,24.560667,98.166664,,3.6499996,False,False,Light,Breezy
2024-09-10 00:00:00+05:00,2024,9,10,1,False,Autumn,Karachi,Sindh,24.8607,67.0011,7.0,27.3565,31.1065,28.908583,1.5000001,17.2889,79.18081,996.68994,24.854416,85.875,,3.75,False,False,Light,Breezy
2024-09-10 00:00:00+05:00,2024,9,10,1,False,Autumn,Karachi,Sindh,24.8607,67.0011,7.0,26.9065,30.956501,28.796087,1.2,12.128734,80.06483,998.0467,24.910667,70.0,,4.050001,False,False,Light,Breezy
2024-09-10 00:00:00+05:00,2024,9,10,1,False,Autumn,Karachi,Sindh,24.8607,67.0011,7.0,26.5565,30.6065,28.410667,2.1000001,14.174897,79.95476,1000.2232,24.48983,58.541668,,4.050001,False,False,Light,Breezy
2024-09-10 00:00:00+05:00,2024,9,10,1,False,Autumn,Karachi,Sindh,24.8607,67.0011,7.0,26.5065,29.9065,28.077333,2.1000001,15.78487,81.28685,1000.9594,24.504416,71.041664,,3.3999996,False,False,Light,Breezy
2024-09-10 00:00:00+05:00,2024,9,10,1,False,Autumn,Karachi,Sindh,24.8607,67.0011,7.0,26.5065,30.206501,28.294004,1.3000002,14.240581,80.13238,1001.784,24.466919,52.208332,,3.7000008,False,False,Light,Breezy
2024-09-10 00:00:00+05:00,2024,9,10,1,False,Autumn,Karachi,Sindh,24.8607,67.0011,7.0,26.3065,30.6565,28.323166,1.5000001,15.039299,79.43127,1003.19556,24.308584,54.833332,,4.3500004,False,False,Light,Breezy
2024-09-10 00:00:00+05:00,2024,9,10,1,False,Autumn,Karachi,Sindh,24.8607,67.0011,7.0,26.3065,30.0565,28.023165,2.0000002,16.873861,79.94045,1002.59955,24.160666,99.791664,,3.75,False,False,Light,Breezy
2024-09-10 00:00:00+05:00,2024,9,10,1,False,Autumn,Karachi,Sindh,24.8607,67.0011,7.0,26.1565,30.1065,27.977335,1.9000002,16.061077,79.62015,1003.04913,24.037748,54.75,,3.9500008,False,False,Light,Breezy
2024-09-10 00:00:00+05:00,2024,9,10,1,False,Autumn,Karachi,Sindh,24.8607,67.0011,7.0,26.1065,30.206501,28.054419,2.2,15.029693,80.38859,1003.39056,24.273169,49.041668,,4.1000004,False,False,Light,Breezy
2024-09-10 00:00:00+05:00,2024,9,10,1,False,Autumn,Karachi,Sindh,24.8607,67.0011,7.0,26.206501,30.6565,28.256498,0.9,16.36809,76.73326,1003.8115,23.669004,52.333332,,4.449999,False,False,Light,Breezy
2024-09-10 00:00:00+05:00,2024,9,10,1,False,Autumn,Karachi,Sindh,24.8607,67.0011,7.0,26.456501,30.6065,28.191912,1.9000001,15.937897,78.38297,1005.2644,23.98358,83.0,,4.1499996,False,False,Light,Breezy
2024-09-10 00:00:00+05:00,2024,9,10,1,False,Autumn,Karachi,Sindh,24.8607,67.0011,7.0,26.3065,30.0565,27.994001,1.7000002,15.39535,79.00953,1004.4062,23.912752,67.25,,3.75,False,False,Light,Breezy
2024-09-10 00:00:00+05:00,2024,9,10,1,False,Autumn,Karachi,Sindh,24.8607,67.0011,7.0,26.1565,29.2565,27.675245,1.6000001,17.190817,80.10709,1003.656,23.883583,77.5,,3.1000004,False,False,Light,Breezy
2024-09-10 00:00:00+05:00,2024,9,10,1,False,Autumn,Karachi,Sindh,24.8607,67.0011,7.0,26.6565,29.456501,27.987753,1.8000002,18.189253,77.11088,1001.56274,23.56275,89.208336,,2.8000011,False,False,Light,Breezy
2024-09-10 00:00:00+05:00,2024,9,10,1,False,Autumn,Karachi,Sindh,24.8607,67.0011,7.0,26.3565,29.7565,28.064833,1.2,13.0307045,80.66131,999.56866,24.375252,98.833336,,3.3999996,False,False,Light,Breezy
2024-09-10 00:00:00+05:00,2024,9,10,1,False,Autumn,Karachi,Sindh,24.8607,67.0011,7.0,26.6565,30.6065,28.471079,0.1,7.2679954,81.96357,1000.3649,25.0065,95.833336,,3.9500008,False,False,Light,Calm
2024-09-10 00:00:00+05:00,2024,9,10,1,False,Autumn,Karachi,Sindh,24.8607,67.0011,7.0,27.206501,32.7065,29.335669,0.3,6.1396194,77.28755,1000.6838,24.733587,79.708336,,5.5,False,False,Light,Calm
2024-09-10 00:00:00+05:00,2024,9,10,1,False,Autumn,Karachi,Sindh,24.8607,67.0011,7.0,27.1065,32.9065,29.479416,0.0,7.4739404,77.803825,999.3892,25.02108,73.25,,5.800001,False,False,No Rain,Calm
2024-09-10 00:00:00+05:00,2024,9,10,1,False,Autumn,Karachi,Sindh,24.8607,67.0011,7.0,27.456501,33.0565,30.023163,0.0,8.598971,75.90315,998.77026,25.154413,75.375,,5.5999985,False,False,No Rain,Calm
2024-09-10 00:00:00+05:00,2024,9,10,1,False,Autumn,Karachi,Sindh,24.8607,67.0011,7.0,27.7565,35.3565,30.54817,7.3999996,7.7853303,78.14226,999.7166,26.075249,63.208332,,7.5999985,True,False,Moderate,Calm
2024-09-10 00:00:00+05:00,2024,9,10,1,False,Autumn,Karachi,Sindh,24.8607,67.0011,7.0,26.8065,32.2065,28.664833,22.300001,7.096332,85.93557,999.9366,25.987753,99.375,,5.4000015,False,False,Heavy,Calm
2024-09-10 00:00:00+05:00,2024,9,10,1,False,Autumn,Karachi,Sindh,24.8607,67.0011,7.0,26.2565,33.0065,28.685667,26.800003,6.3384132,87.3591,998.3838,26.316917,98.208336,,6.75,False,False,Heavy,Calm
2024-09-10 00:00:00+05:00,2024,9,10,1,False,Autumn,Karachi,Sindh,24.8607,67.0011,7.0,26.2565,31.6065,28.104414,40.199997,4.702947,89.90839,1000.52203,26.22317,91.291664,,5.3500004,False,False,Heavy,Calm
2024-09-10 00:00:00+05:00,2024,9,10,1,False,Autumn,Karachi,Sindh,24.8607,67.0011,7.0,26.6565,29.8065,28.073164,1.4000001,12.485745,87.650475,1000.67194,25.783583,92.875,,3.1499996,False,False,Light,Breezy
2024-09-10 00:00:00+05:00,2024,9,10,1,False,Autumn,Karachi,Sindh,24.8607,67.0011,7.0,26.9065,29.8565,28.22317,1.6000003,17.287893,85.00547,999.38165,25.421083,72.333336,,2.9500008,False,False,Light,Breezy
2024-09-10 00:00:00+05:00,2024,9,10,1,False,Autumn,Karachi,Sindh,24.8607,67.0011,7.0,26.9065,30.0565,28.168997,2.1000001,16.20394,86.70127,1000.09766,25.698166,75.208336,,3.1499996,False,False,Light,Breezy
2024-09-10 00:00:00+05:00,2024,9,10,1,False,Autumn,Karachi,Sindh,24.8607,67.0011,7.0,26.5065,29.8565,28.181501,0.70000005,12.405716,86.93252,1000.89264,25.766914,54.5,,3.3500004,False,False,Light,Breezy
2024-09-10 00:00:00+05:00,2024,9,10,1,False,Autumn,Karachi,Sindh,24.8607,67.0011,7.0,26.3065,30.0065,28.071081,0.1,9.305423,85.26242,1001.91693,25.296082,42.791668,,3.7000008,False,False,Light,Calm
2024-09-10 00:00:00+05:00,2024,9,10,1,False,Autumn,Karachi,Sindh,24.8607,67.0011,7.0,26.1565,30.2565,28.035666,0.1,10.776085,84.948265,1002.0915,25.18358,62.458332,,4.1000004,False,False,Light,Breezy
2024-09-10 00:00:00+05:00,2024,9,10,1,False,Autumn,Karachi,Sindh,24.8607,67.0011,7.0,25.956501,30.9065,28.056501,0.1,11.03402,83.61343,1001.7461,24.906502,60.625,,4.949999,False,False,Light,Breezy
2024-09-10 00:00:00+05:00,2024,9,10,1,False,Autumn,Karachi,Sindh,24.8607,67.0011,7.0,25.9065,29.8065,27.806498,0.1,10.850287,84.58735,1001.16254,24.891916,76.958336,,3.8999996,False,False,Light,Breezy
2024-09-10 00:00:00+05:00,2024,9,10,1,False,Autumn,Karachi,Sindh,24.8607,67.0011,7.0,26.1065,30.9065,28.264833,0.0,9.113009,82.778595,1002.9207,24.935669,90.75,,4.799999,False,False,No Rain,Calm
2024-09-10 00:00:00+05:00,2024,9,10,1,False,Autumn,Karachi,Sindh,24.8607,67.0011,7.0,26.4065,30.7565,28.304419,0.0,13.108785,80.31201,1002.4378,24.43775,78.541664,,4.3500004,False,False,No Rain,Breezy
2024-09-10 00:00:00+05:00,2024,9,10,1,False,Autumn,Karachi,Sindh,24.8607,67.0011,7.0,26.3565,30.6565,28.108583,0.8000001,16.591516,77.66782,999.92676,23.716919,59.208332,,4.299999,False,False,Light,Breezy
2024-09-10 00:00:00+05:00,2024,9,10,1,False,Autumn,Karachi,Sindh,24.8607,67.0011,7.0,26.0565,30.3565,28.085663,0.5,13.014283,77.46386,1000.48883,23.658585,47.458332,,4.300001,False,False,Light,Breezy
2024-09-10 00:00:00+05:00,2024,9,10,1,False,Autumn,Karachi,Sindh,24.8607,67.0011,7.0,25.8565,31.5065,28.502337,0.0,10.862071,72.85758,1002.50494,22.948168,24.208334,,5.6499996,False,False,No Rain,Breezy
2024-09-10 00:00:00+05:00,2024,9,10,1,False,Autumn,Karachi,Sindh,24.8607,67.0011,7.0,25.5565,31.4065,28.185667,0.0,10.828828,76.95829,1003.73236,23.5815,37.041668,,5.8500004,False,False,No Rain,Breezy
2024-09-10 00:00:00+05:00,2024,9,10,1,False,Autumn,Karachi,Sindh,24.8607,67.0011,7.0,25.7565,32.8565,28.69192,0.0,12.508264,77.96999,1003.5881,24.221083,16.416666,,7.0999985,False,False,No Rain,Breezy
2024-09-10 00:00:00+05:00,2024,9,10,1,False,Autumn,Karachi,Sindh,24.8607,67.0011,7.0,26.2565,32.2565,28.627329,0.0,13.591512,78.67202,1003.2299,24.371084,62.166668,,6.0,False,False,No Rain,Breezy
2024-09-10 00:00:00+05:00,2024,9,10,1,False,Autumn,Karachi,Sindh,24.8607,67.0011,7.0,26.3565,31.8565,28.389837,0.0,14.304326,78.33289,1001.88434,24.079416,85.541664,,5.5,False,False,No Rain,Breezy
2024-09-10 00:00:00+05:00,2024,9,10,1,False,Autumn,Karachi,Sindh,24.8607,67.0011,7.0,26.0565,29.1565,27.223166,6.599999,12.595539,85.00317,1001.0486,24.441916,99.958336,,3.1000004,False,False,Moderate,Breezy
2024-09-10 00:00:00+05:00,2024,9,10,1,False,Autumn,Karachi,Sindh,24.8607,67.0011,7.0,25.456501,27.8565,26.12525,64.399994,14.849675,92.22907,1002.6111,24.74608,99.291664,,2.3999996,False,False,Heavy,Breezy
2024-09-10 00:00:00+05:00,2024,9,10,1,False,Autumn,Karachi,Sindh,24.8607,67.0011,7.0,25.4065,28.206501,26.383581,23.100002,13.975159,88.40978,1005.5677,24.279417,83.208336,,2.8000011,False,False,Heavy,Breezy
2024-09-10 00:00:00+05:00,2024,9,10,1,False,Autumn,Karachi,Sindh,24.8607,67.0011,7.0,25.3565,27.6565,26.471079,3.7999995,10.03893,87.78607,1006.03424,24.260666,65.833336,,2.2999992,False,False,Light,Breezy
2024-09-10 00:00:00+05:00,2024,9,10,1,False,Autumn,Karachi,Sindh,24.8607,67.0011,7.0,25.5065,28.7565,27.181498,1.5000001,11.032513,83.76032,1006.83154,24.146086,20.25,,3.25,False,False,Light,Breezy
2024-09-10 00:00:00+05:00,2024,9,10,1,False,Autumn,Karachi,Sindh,24.8607,67.0011,7.0,25.8065,29.3065,27.498163,0.0,10.615456,81.3013,1007.36523,23.937752,30.875,,3.5,False,False,No Rain,Breezy
2024-09-10 00:00:00+05:00,2024,9,10,1,False,Autumn,Karachi,Sindh,24.8607,67.0011,7.0,25.956501,29.5565,27.612747,0.3,13.636471,81.28381,1007.1074,24.058584,43.25,,3.5999985,False,False,Light,Breezy
2024-09-10 00:00:00+05:00,2024,9,10,1,False,Autumn,Karachi,Sindh,24.8607,67.0011,7.0,26.1565,28.8065,27.435669,0.5,17.540043,81.852486,1005.27905,24.037748,68.416664,,2.6499996,False,False,Light,Breezy
2024-09-10 00:00:00+05:00,2024,9,10,1,False,Autumn,Karachi,Sindh,24.8607,67.0011,7.0,26.5065,29.0565,27.716913,0.90000004,15.331456,83.14214,1003.7895,24.562752,88.75,,2.5499992,False,False,Light,Breezy
2024-09-10 00:00:00+05:00,2024,9,10,1,False,Autumn,Karachi,Sindh,24.8607,67.0011,7.0,26.1565,29.706501,27.737753,0.6,9.978602,83.90194,1004.69293,24.687752,49.75,,3.5500011,False,False,Light,Calm
2024-09-10 00:00:00+05:00,2024,9,10,1,False,Autumn,Karachi,Sindh,24.8607,67.0011,7.0,25.706501,29.7565,27.462748,0.4,9.645686,86.23358,1004.98773,24.854416,74.458336,,4.049999,False,False,Light,Calm
2024-09-10 00:00:00+05:00,2024,9,10,1,False,Autumn,Karachi,Sindh,24.8607,67.0011,7.0,25.6065,29.2565,27.31067,0.3,10.278129,82.63851,1006.16144,23.969004,67.416664,,3.6499996,False,False,Light,Breezy
2024-09-10 00:00:00+05:00,2024,9,10,1,False,Autumn,Karachi,Sindh,24.8607,67.0011,7.0,25.456501,29.5565,27.360664,0.6,11.2394495,81.07183,1006.53217,23.708586,69.041664,,4.0999985,False,False,Light,Breezy
2024-09-10 00:00:00+05:00,2024,9,10,1,False,Autumn,Karachi,Sindh,24.8607,67.0011,7.0,25.3065,30.1565,27.508583,0.0,11.990815,75.87364,1006.1871,22.723167,60.25,,4.8500004,False,False,No Rain,Breezy
2024-09-10 00:00:00+05:00,2024,9,10,1,False,Autumn,Karachi,Sindh,24.8607,67.0011,7.0,25.6065,30.1065,27.735666,0.2,13.615476,75.06649,1006.5622,22.816917,69.541664,,4.5,False,False,Light,Breezy
2024-09-10 00:00:00+05:00,2024,9,10,1,False,Autumn,Karachi,Sindh,24.8607,67.0011,7.0,26.1565,29.3065,27.643997,0.8000001,14.697085,78.01197,1006.279,23.402334,73.625,,3.1499996,False,False,Light,Breezy
2024-09-10 00:00:00+05:00,2024,9,10,1,False,Autumn,Karachi,Sindh,24.8607,67.0011,7.0,26.1065,28.8565,27.546082,2.0000002,13.897927,80.23158,1004.2886,23.808584,76.291664,,2.75,False,False,Light,Breezy
2024-09-10 00:00:00+05:00,2024,9,10,1,False,Autumn,Karachi,Sindh,24.8607,67.0011,7.0,25.456501,29.7565,27.652334,0.5,9.337562,81.81698,1004.28033,24.166918,43.708332,,4.299999,False,False,Light,Calm
2024-09-10 00:00:00+05:00,2024,9,10,1,False,Autumn,Karachi,Sindh,24.8607,67.0011,7.0,24.956501,31.8565,27.952333,0.0,7.791916,77.15818,1006.1965,23.294004,27.708334,,6.8999996,False,False,No Rain,Calm
2024-09-10 00:00:00+05:00,2024,9,10,1,False,Autumn,Karachi,Sindh,24.8607,67.0011,7.0,24.8065,33.8565,28.354418,0.0,9.202146,77.642,1007.5796,23.514832,6.2083335,,9.049999,False,False,No Rain,Calm
2024-09-10 00:00:00+05:00,2024,9,10,1,False,Autumn,Karachi,Sindh,24.8607,67.0011,7.0,25.5565,33.9065,28.908583,0.0,11.510783,80.74796,1005.22894,24.966917,76.875,,8.350002,False,False,No Rain,Breezy
2024-09-10 00:00:00+05:00,2024,9,10,1,False,Autumn,Karachi,Sindh,24.8607,67.0011,7.0,25.9065,40.2065,32.4815,0.0,9.5065565,58.139984,1000.7498,20.666918,95.791664,,14.300001,True,False,No Rain,Calm
2024-09-10 00:00:00+05:00,2024,9,10,1,False,Autumn,Karachi,Sindh,24.8607,67.0011,7.0,28.2565,35.6065,30.456503,5.2,7.451523,70.11972,999.50836,24.168997,54.333332,,7.3499985,True,False,Moderate,Calm
2024-09-10 00:00:00+05:00,2024,9,10,1,False,Autumn,Karachi,Sindh,24.8607,67.0011,7.0,26.6565,33.5065,29.885672,0.3,9.850232,70.44572,1000.28534,23.610664,10.791667,,6.8500004,False,False,Light,Calm
2024-09-10 00:00:00+05:00,2024,9,10,1,False,Autumn,Karachi,Sindh,24.8607,67.0011,7.0,27.206501,34.0565,30.202332,0.3,11.072517,66.36493,1003.1005,22.902334,7.4583335,,6.8499985,False,False,Light,Breezy
2024-09-10 00:00:00+05:00,2024,9,10,1,False,Autumn,Karachi,Sindh,24.8607,67.0011,7.0,26.8065,31.5065,28.758583,2.2000003,12.793063,74.182144,1006.5149,23.585669,80.916664,,4.700001,False,False,Light,Breezy
2024-09-10 00:00:00+05:00,2024,9,10,1,False,Autumn,Karachi,Sindh,24.8607,67.0011,7.0,25.456501,31.4065,27.973166,6.6999993,11.6012535,81.04881,1007.8492,24.225248,76.958336,,5.949999,False,False,Moderate,Breezy
2024-09-10 00:00:00+05:00,2024,9,10,1,False,Autumn,Karachi,Sindh,24.8607,67.0011,7.0,26.5065,31.3565,28.529419,2.0,12.506986,78.43907,1006.88086,24.26275,46.375,,4.8500004,False,False,Light,Breezy
2024-09-10 00:00:00+05:00,2024,9,10,1,False,Autumn,Karachi,Sindh,24.8607,67.0011,7.0,27.1565,31.7565,28.894003,0.0,19.166828,68.14921,1006.93585,22.137754,8.333333,,4.6000004,False,False,No Rain,Breezy
2024-09-10 00:00:00+05:00,2024,9,10,1,False,Autumn,Karachi,Sindh,24.8607,67.0011,7.0,26.3065,32.6065,28.796087,0.1,11.329379,61.603413,1008.7216,19.846085,1.5416666,,6.299999,False,False,Light,Breezy
2024-09-10 00:00:00+05:00,2024,9,10,1,False,Autumn,Karachi,Sindh,24.8607,67.0011,7.0,23.8065,32.1065,27.573168,0.2,6.4504886,67.958244,1010.7293,20.521082,7.125,,8.299999,False,False,Light,Calm
2024-09-10 00:00:00+05:00,2024,9,10,1,False,Autumn,Karachi,Sindh,24.8607,67.0011,7.0,23.706501,32.3565,27.477339,0.0,7.3916187,66.17669,1012.44434,19.514833,4.5416665,,8.649998,False,False,No Rain,Calm
2024-09-10 00:00:00+05:00,2024,9,10,1,False,Autumn,Karachi,Sindh,24.8607,67.0011,7.0,24.1065,31.6565,27.448166,0.2,7.7729793,64.51345,1011.4283,19.4315,4.0416665,,7.549999,False,False,Light,Calm
2024-09-10 00:00:00+05:00,2024,9,10,1,False,Autumn,Karachi,Sindh,24.8607,67.0011,7.0,23.706501,31.5065,27.231499,0.5,6.383365,65.31356,1011.48615,19.596083,8.25,,7.799999,False,False,Light,Calm
2024-09-10 00:00:00+05:00,2024,9,10,1,False,Autumn,Karachi,Sindh,24.8607,67.0011,7.0,23.5565,33.1065,27.885666,0.0,7.207646,58.04225,1011.6418,17.0815,0.8333333,,9.549999,False,False,No Rain,Calm
2024-09-10 00:00:00+05:00,2024,9,10,1,False,Autumn,Karachi,Sindh,24.8607,67.0011,7.0,23.206501,32.4565,27.556498,0.0,7.990289,61.746502,1011.8408,18.391914,0.7916667,,9.25,False,False,No Rain,Calm
2024-09-10 00:00:00+05:00,2024,9,10,1,False,Autumn,Karachi,Sindh,24.8607,67.0011,7.0,23.5065,33.4565,27.719004,0.0,8.882937,61.575882,1010.25494,18.341915,1.7083334,,9.950001,False,False,No Rain,Calm
2024-09-10 00:00:00+05:00,2024,9,10,1,False,Autumn,Karachi,Sindh,24.8607,67.0011,7.0,23.5565,34.2565,28.075249,0.0,9.524846,54.228794,1009.3566,16.2315,0.29166666,,10.700001,False,False,No Rain,Calm
2024-09-10 00:00:00+05:00,2024,9,10,1,False,Autumn,Karachi,Sindh,24.8607,67.0011,7.0,24.206501,34.8065,29.008585,0.0,8.401088,42.33933,1009.7712,13.364833,0.0,,10.599998,False,False,No Rain,Calm
2024-09-10 00:00:00+05:00,2024,9,10,1,False,Autumn,Karachi,Sindh,24.8607,67.0011,7.0,23.9065,35.2065,28.981499,0.0,7.458877,39.008404,1011.1285,12.241916,0.0,,11.300001,True,False,No Rain,Calm
2024-09-10 00:00:00+05:00,2024,9,10,1,False,Autumn,Karachi,Sindh,24.8607,67.0011,7.0,23.2565,35.2065,28.439833,0.0,8.054454,55.120132,1010.4816,16.496084,0.0,,11.950001,True,False,No Rain,Calm
2024-09-10 00:00:00+05:00,2024,9,10,1,False,Autumn,Karachi,Sindh,24.8607,67.0011,7.0,24.0565,35.3065,28.773169,0.0,9.008691,51.500973,1009.10455,15.1710825,1.7916666,,11.25,True,False,No Rain,Calm
2024-09-10 00:00:00+05:00,2024,9,10,1,False,Autumn,Karachi,Sindh,24.8607,67.0011,7.0,24.4065,36.0565,29.18775,0.0,8.724212,43.360226,1008.6851,12.948166,0.0,,11.65,True,False,No Rain,Calm
2024-09-10 00:00:00+05:00,2024,9,10,1,False,Autumn,Karachi,Sindh,24.8607,67.0011,7.0,23.8065,35.9565,29.537752,0.0,7.0155635,39.399094,1010.49713,12.956501,0.875,,12.150002,True,False,No Rain,Calm
2024-09-10 00:00:00+05:00,2024,9,10,1,False,Autumn,Karachi,Sindh,24.8607,67.0011,7.0,26.1065,36.4565,31.054419,0.0,10.335416,29.071035,1011.77924,10.037749,0.0,,10.35,True,False,No Rain,Breezy
2024-09-10 00:00:00+05:00,2024,9,10,1,False,Autumn,Karachi,Sindh,24.8607,67.0011,7.0,24.3565,36.0565,29.846079,0.0,7.5977836,33.22502,1010.6187,11.0564995,0.0,,11.699999,True,False,No Rain,Calm
2024-09-10 00:00:00+05:00,2024,9,10,1,False,Autumn,Karachi,Sindh,24.8607,67.0011,7.0,24.206501,36.0565,29.752335,0.0,7.4661007,31.721697,1009.7734,9.971083,0.0,,11.849998,True,False,No Rain,Calm
2024-09-10 00:00:00+05:00,2024,9,10,1,False,Autumn,Karachi,Sindh,24.8607,67.0011,7.0,24.7565,36.2565,30.214836,0.0,7.569214,27.089386,1008.5336,8.358584,0.0,,11.5,True,False,No Rain,Calm
2024-09-10 00:00:00+05:00,2024,9,10,1,False,Autumn,Lahore,Punjab,31.5204,74.3587,220.0,25.3545,32.504498,28.244081,5.6999993,6.49864,82.19145,976.7485,24.756584,16.333334,,7.1499977,False,False,Moderate,Calm
2024-09-10 00:00:00+05:00,2024,9,10,1,False,Autumn,Lahore,Punjab,31.5204,74.3587,220.0,24.9545,32.7045,28.689919,0.2,5.06848,81.28629,977.09686,24.912834,4.3333335,,7.749998,False,False,Light,Calm
2024-09-10 00:00:00+05:00,2024,9,10,1,False,Autumn,Lahore,Punjab,31.5204,74.3587,220.0,25.0545,35.254498,29.842001,0.0,8.686936,72.581345,974.9152,24.02117,1.8333334,,10.199997,True,False,No Rain,Calm
2024-09-10 00:00:00+05:00,2024,9,10,1,False,Autumn,Lahore,Punjab,31.5204,74.3587,220.0,24.3545,34.2045,28.889914,0.0,7.297217,76.80131,974.72186,24.108667,1.2916666,,9.849998,False,False,No Rain,Calm
2024-09-10 00:00:00+05:00,2024,9,10,1,False,Autumn,Lahore,Punjab,31.5204,74.3587,220.0,24.8045,32.7045,28.24408,0.0,8.976499,76.21076,976.63434,23.464918,7.5,,7.8999977,False,False,No Rain,Calm
2024-09-10 00:00:00+05:00,2024,9,10,1,False,Autumn,Lahore,Punjab,31.5204,74.3587,220.0,24.8045,34.254498,28.800331,0.0,5.991154,69.74099,977.82794,22.227419,6.6666665,,9.449997,False,False,No Rain,Calm
2024-09-10 00:00:00+05:00,2024,9,10,1,False,Autumn,Lahore,Punjab,31.5204,74.3587,220.0,23.7045,34.3545,28.519087,0.0,5.0765038,66.738884,979.2841,21.19825,0.083333336,,10.65,False,False,No Rain,Calm
2024-09-10 00:00:00+05:00,2024,9,10,1,False,Autumn,Lahore,Punjab,31.5204,74.3587,220.0,23.0545,35.2045,29.03575,0.0,5.303783,68.30223,980.61743,22.064919,3.0,,12.149998,True,False,No Rain,Calm
2024-09-10 00:00:00+05:00,2024,9,10,1,False,Autumn,Lahore,Punjab,31.5204,74.3587,220.0,23.6045,34.6545,28.550333,0.0,5.089918,70.949196,980.4782,22.319082,3.875,,11.049999,False,False,No Rain,Calm
2024-09-10 00:00:00+05:00,2024,9,10,1,False,Autumn,Lahore,Punjab,31.5204,74.3587,220.0,23.7045,32.4045,27.039915,0.4,7.334894,74.98794,981.00366,21.90033,59.083332,,8.699999,False,False,Light,Calm
2024-09-10 00:00:00+05:00,2024,9,10,1,False,Autumn,Lahore,Punjab,31.5204,74.3587,220.0,22.6045,34.054497,28.031586,0.0,5.613381,71.60273,980.2684,22.010748,0.375,,11.449997,False,False,No Rain,Calm
2024-09-10 00:00:00+05:00,2024,9,10,1,False,Autumn,Lahore,Punjab,31.5204,74.3587,220.0,23.8045,34.3545,28.962837,0.0,4.9583125,68.35697,981.23456,22.171167,1.1666666,,10.549999,False,False,No Rain,Calm
2024-09-10 00:00:00+05:00,2024,9,10,1,False,Autumn,Lahore,Punjab,31.5204,74.3587,220.0,25.404501,35.9545,30.194086,0.0,6.5376296,68.15604,980.82074,23.258665,7.0833335,,10.549997,True,False,No Rain,Calm
2024-09-10 00:00:00+05:00,2024,9,10,1,False,Autumn,Lahore,Punjab,31.5204,74.3587,220.0,26.2545,36.6045,30.906586,0.0,6.5315948,66.17339,980.4102,23.402414,1.3333334,,10.35,True,False,No Rain,Calm
2024-09-10 00:00:00+05:00,2024,9,10,1,False,Autumn,Lahore,Punjab,31.5204,74.3587,220.0,25.9545,36.6545,30.927414,0.0,5.304736,65.448906,978.9362,23.325333,4.7916665,,10.699999,True,False,No Rain,Calm
2024-09-10 00:00:00+05:00,2024,9,10,1,False,Autumn,Lahore,Punjab,31.5204,74.3587,220.0,25.654501,34.6545,30.277418,0.0,6.2266006,68.49488,978.9465,23.589918,9.125,,8.999998,False,False,No Rain,Calm
2024-09-10 00:00:00+05:00,2024,9,10,1,False,Autumn,Lahore,Punjab,31.5204,74.3587,220.0,26.404501,32.054497,28.923254,0.2,12.5034,75.40542,979.28296,24.041998,20.0,,5.649996,False,False,Light,Breezy
2024-09-10 00:00:00+05:00,2024,9,10,1,False,Autumn,Lahore,Punjab,31.5204,74.3587,220.0,24.7545,32.6045,28.587835,0.0,7.177355,75.742195,979.03546,23.7045,12.208333,,7.8500004,False,False,No Rain,Calm
2024-09-10 00:00:00+05:00,2024,9,10,1,False,Autumn,Lahore,Punjab,31.5204,74.3587,220.0,21.404501,31.7545,27.137835,13.0,6.5677686,77.68293,980.90924,22.667002,26.791666,,10.349998,False,False,Moderate,Calm
2024-09-10 00:00:00+05:00,2024,9,10,1,False,Autumn,Lahore,Punjab,31.5204,74.3587,220.0,24.1045,32.4545,27.792002,0.0,5.0251036,73.31577,984.06714,22.344086,12.625,,8.349998,False,False,No Rain,Calm
2024-09-10 00:00:00+05:00,2024,9,10,1,False,Autumn,Lahore,Punjab,31.5204,74.3587,220.0,23.1045,33.754498,28.121164,0.0,7.6329713,77.17771,982.9506,23.350334,6.3333335,,10.649998,False,False,No Rain,Calm
2024-09-10 00:00:00+05:00,2024,9,10,1,False,Autumn,Lahore,Punjab,31.5204,74.3587,220.0,24.0545,34.7045,29.071167,0.0,6.385429,75.02613,979.7026,23.839918,0.33333334,,10.649998,False,False,No Rain,Calm
2024-09-10 00:00:00+05:00,2024,9,10,1,False,Autumn,Lahore,Punjab,31.5204,74.3587,220.0,23.2545,35.2045,29.471163,0.0,5.287993,69.47476,979.3195,22.716997,0.0,,11.949999,True,False,No Rain,Calm
2024-09-10 00:00:00+05:00,2024,9,10,1,False,Autumn,Lahore,Punjab,31.5204,74.3587,220.0,22.6045,35.004498,28.437834,0.0,5.1062217,67.99589,978.6101,21.329498,0.0,,12.399998,True,False,No Rain,Calm
2024-09-10 00:00:00+05:00,2024,9,10,1,False,Autumn,Lahore,Punjab,31.5204,74.3587,220.0,22.4545,34.9545,28.15242,0.0,7.125652,64.41495,979.4035,20.191996,1.125,,12.499998,False,False,No Rain,Calm
2024-09-10 00:00:00+05:00,2024,9,10,1,False,Autumn,Lahore,Punjab,31.5204,74.3587,220.0,23.0045,34.554497,26.808668,0.3,9.7482395,67.24708,981.59644,19.908667,19.375,,11.549997,False,False,Light,Calm
2024-09-10 00:00:00+05:00,2024,9,10,1,False,Autumn,Lahore,Punjab,31.5204,74.3587,220.0,20.6045,31.1045,24.829498,0.9,6.7048264,75.7897,985.9361,19.90033,14.625,,10.5,False,False,Light,Calm
2024-09-10 00:00:00+05:00,2024,9,10,1,False,Autumn,Lahore,Punjab,31.5204,74.3587,220.0,20.1045,31.5045,25.506578,0.0,4.9150543,74.36442,987.6285,20.279501,18.416666,,11.4,False,False,No Rain,Calm
2024-09-10 00:00:00+05:00,2024,9,10,1,False,Autumn,Lahore,Punjab,31.5204,74.3587,220.0,20.904501,29.654501,23.942,11.5,6.2093167,82.400444,987.52954,20.612833,41.333332,,8.75,False,False,Moderate,Calm
2024-09-10 00:00:00+05:00,2024,9,10,1,False,Autumn,Lahore,Punjab,31.5204,74.3587,220.0,20.5045,31.0545,24.77117,0.0,8.585931,67.26603,985.66266,17.860748,3.7083333,,10.550001,False,False,No Rain,Calm
2024-09-10 00:00:00+05:00,2024,9,10,1,False,Autumn,Lahore,Punjab,31.5204,74.3587,220.0,19.3045,31.0545,24.546165,0.0,7.6159244,65.075615,984.729,17.077415,0.0,,11.75,False,False,No Rain,Calm
2024-09-10 00:00:00+05:00,2024,9,10,1,False,Autumn,Lahore,Punjab,31.5204,74.3587,220.0,19.3545,31.4545,24.914917,0.0,8.138438,64.62767,984.32477,17.239916,0.0,,12.1,False,False,No Rain,Calm
2024-09-10 00:00:00+05:00,2024,9,10,1,False,Autumn,Lahore,Punjab,31.5204,74.3587,220.0,20.0545,31.9545,25.367002,0.0,5.4522204,63.98642,984.5007,17.710749,0.0,,11.9,False,False,No Rain,Calm
2024-09-10 00:00:00+05:00,2024,9,10,1,False,Autumn,Lahore,Punjab,31.5204,74.3587,220.0,19.0545,31.654501,24.714918,0.0,5.9757237,65.62812,985.51855,17.333666,0.041666668,,12.6,False,False,No Rain,Calm
2024-09-10 00:00:00+05:00,2024,9,10,1,False,Autumn,Lahore,Punjab,31.5204,74.3587,220.0,19.5045,31.6045,24.583666,0.0,6.7010975,61.552444,986.12164,16.26283,0.33333334,,12.1,False,False,No Rain,Calm
2024-09-10 00:00:00+05:00,2024,9,10,1,False,Autumn,Lahore,Punjab,31.5204,74.3587,220.0,18.7545,31.7045,24.38575,0.0,6.5494657,63.178802,985.08417,16.437834,0.0,,12.950001,False,False,No Rain,Calm
2024-09-10 00:00:00+05:00,2024,9,10,1,False,Autumn,Lahore,Punjab,31.5204,74.3587,220.0,17.5045,32.4545,24.619085,0.0,6.862517,63.227055,983.4289,16.550333,9.166667,,14.949999,False,False,No Rain,Calm
2024-09-10 00:00:00+05:00,2024,9,10,1,False,Autumn,Lahore,Punjab,31.5204,74.3587,220.0,18.9545,32.4545,24.644083,0.0,7.1290836,63.313675,984.35394,16.83575,0.0,,13.499998,False,False,No Rain,Calm
2024-09-10 00:00:00+05:00,2024,9,10,1,False,Autumn,Lahore,Punjab,31.5204,74.3587,220.0,19.4545,32.754498,25.337831,0.0,6.2339377,64.70148,984.54517,17.583666,0.0,,13.299997,False,False,No Rain,Calm
2024-09-10 00:00:00+05:00,2024,9,10,1,False,Autumn,Lahore,Punjab,31.5204,74.3587,220.0,19.2045,31.3545,25.758665,0.0,4.0026484,63.145092,985.2681,17.721167,0.125,,12.15,False,False,No Rain,Calm
2024-09-10 00:00:00+05:00,2024,9,10,1,False,Autumn,Lahore,Punjab,31.5204,74.3587,220.0,19.404501,31.3545,25.023252,0.0,5.9767547,67.02713,986.528,18.021166,0.33333334,,11.949999,False,False,No Rain,Calm
2024-09-10 00:00:00+05:00,2024,9,10,1,False,Autumn,Lahore,Punjab,31.5204,74.3587,220.0,18.8045,31.154501,24.56283,0.0,5.5560718,69.309,987.17596,18.046164,0.0,,12.35,False,False,No Rain,Calm
2024-09-10 00:00:00+05:00,2024,9,10,1,False,Autumn,Lahore,Punjab,31.5204,74.3587,220.0,18.7545,31.1045,24.952417,0.0,5.158138,65.844955,988.2038,17.708666,0.0,,12.35,False,False,No Rain,Calm
2024-09-10 00:00:00+05:00,2024,9,10,1,False,Autumn,Lahore,Punjab,31.5204,74.3587,220.0,19.3545,31.0045,24.921165,0.0,5.999331,67.84922,988.2143,18.046167,6.25,,11.65,False,False,No Rain,Calm
2024-09-10 00:00:00+05:00,2024,9,10,1,False,Autumn,Lahore,Punjab,31.5204,74.3587,220.0,19.6045,31.3045,24.721169,0.0,7.911873,66.45641,987.0352,17.664917,0.16666667,,11.700001,False,False,No Rain,Calm
2024-09-10 00:00:00+05:00,2024,9,10,1,False,Autumn,Lahore,Punjab,31.5204,74.3587,220.0,18.4545,31.654501,24.567001,0.0,8.615913,66.14652,985.52264,17.481583,0.0,,13.200001,False,False,No Rain,Calm
2024-09-10 00:00:00+05:00,2024,9,10,1,False,Autumn,Lahore,Punjab,31.5204,74.3587,220.0,18.2545,30.904501,23.996168,0.0,5.941875,66.44798,984.7966,17.014917,0.0,,12.650002,False,False,No Rain,Calm
2024-09-10 00:00:00+05:00,2024,9,10,1,False,Autumn,Lahore,Punjab,31.5204,74.3587,220.0,18.1045,31.5545,24.275331,0.0,5.7533803,68.67738,984.0227,17.756582,0.0,,13.450001,False,False,No Rain,Calm
2024-09-10 00:00:00+05:00,2024,9,10,1,False,Autumn,Lahore,Punjab,31.5204,74.3587,220.0,19.2045,31.5545,24.721163,0.0,7.6380105,70.77047,982.86615,18.610748,7.0833335,,12.35,False,False,No Rain,Calm
2024-09-10 00:00:00+05:00,2024,9,10,1,False,Autumn,Lahore,Punjab,31.5204,74.3587,220.0,20.2545,32.004498,25.533663,0.0,8.773908,67.54686,983.52295,18.71075,4.0833335,,11.749998,False,False,No Rain,Calm
2024-09-10 00:00:00+05:00,2024,9,10,1,False,Autumn,Lahore,Punjab,31.5204,74.3587,220.0,20.6045,31.5045,25.15658,0.0,7.8159065,65.85524,985.19916,17.839916,29.5,,10.9,False,False,No Rain,Calm
2024-09-10 00:00:00+05:00,2024,9,10,1,False,Autumn,Lahore,Punjab,31.5204,74.3587,220.0,19.3545,31.154501,24.23992,0.0,9.841474,62.07318,986.45905,16.104498,0.0,,11.800001,False,False,No Rain,Calm
2024-09-10 00:00:00+05:00,2024,9,10,1,False,Autumn,Lahore,Punjab,31.5204,74.3587,220.0,16.0045,30.6045,22.792,0.0,6.3831105,62.10814,986.21405,14.594083,0.16666667,,14.6,False,False,No Rain,Calm
2024-09-10 00:00:00+05:00,2024,9,10,1,False,Autumn,Lahore,Punjab,31.5204,74.3587,220.0,15.5045,30.2545,22.139915,0.0,4.9368834,66.20996,987.3636,14.837833,12.083333,,14.749999,False,False,No Rain,Calm
2024-09-10 00:00:00+05:00,2024,9,10,1,False,Autumn,Lahore,Punjab,31.5204,74.3587,220.0,16.0045,29.8045,23.023249,0.0,4.530991,63.37572,988.8774,14.94825,4.7083335,,13.800001,False,False,No Rain,Calm
2024-09-10 00:00:00+05:00,2024,9,10,1,False,Autumn,Lahore,Punjab,31.5204,74.3587,220.0,17.2545,29.3045,22.489916,0.0,5.497358,72.85742,987.02997,17.023249,0.0,,12.050001,False,False,No Rain,Calm
2024-09-10 00:00:00+05:00,2024,9,10,1,False,Autumn,Lahore,Punjab,31.5204,74.3587,220.0,17.3545,29.2045,22.66908,0.0,6.2199616,71.28097,989.26385,16.712831,0.875,,11.85,False,False,No Rain,Calm
2024-09-10 00:00:00+05:00,2024,9,10,1,False,Autumn,Lahore,Punjab,31.5204,74.3587,220.0,16.6045,29.0045,22.987833,0.0,4.2406735,72.03189,989.60693,17.187834,0.0,,12.4,False,False,No Rain,Calm
2024-09-10 00:00:00+05:00,2024,9,10,1,False,Autumn,Lahore,Punjab,31.5204,74.3587,220.0,17.6045,29.154501,23.116999,0.0,5.259035,75.39605,988.69586,18.023249,0.0,,11.550001,False,False,No Rain,Calm
2024-09-10 00:00:00+05:00,2024,9,10,1,False,Autumn,Lahore,Punjab,31.5204,74.3587,220.0,17.8545,28.9545,22.471169,0.0,5.86429,79.96342,988.39044,18.483665,11.458333,,11.1,False,False,No Rain,Calm
2024-09-10 00:00:00+05:00,2024,9,10,1,False,Autumn,Lahore,Punjab,31.5204,74.3587,220.0,17.3045,28.2545,22.214918,0.0,5.646212,80.40189,988.79956,18.325335,0.041666668,,10.949999,False,False,No Rain,Calm
2024-09-10 00:00:00+05:00,2024,9,10,1,False,Autumn,Lahore,Punjab,31.5204,74.3587,220.0,17.3545,28.404501,22.34825,0.0,5.442026,78.86512,988.99335,18.100332,0.75,,11.050001,False,False,No Rain,Calm
2024-09-10 00:00:00+05:00,2024,9,10,1,False,Autumn,Lahore,Punjab,31.5204,74.3587,220.0,17.6045,28.4545,21.552416,0.0,7.659254,81.252205,988.34845,17.800333,8.166667,,10.85,False,False,No Rain,Calm
2024-09-10 00:00:00+05:00,2024,9,10,1,False,Autumn,Lahore,Punjab,31.5204,74.3587,220.0,16.2045,27.2545,21.521164,0.0,4.872214,80.9128,988.5412,17.87533,0.25,,11.049999,False,False,No Rain,Calm
2024-09-10 00:00:00+05:00,2024,9,10,1,False,Autumn,Lahore,Punjab,31.5204,74.3587,220.0,17.5545,26.4545,21.408667,0.0,3.1275747,79.935005,987.2211,17.529501,15.291667,,8.9,False,False,No Rain,Calm
2024-09-10 00:00:00+05:00,2024,9,10,1,False,Autumn,Lahore,Punjab,31.5204,74.3587,220.0,16.904501,26.6045,20.827415,0.0,4.232365,80.43807,989.27905,16.977415,55.75,,9.699999,False,False,No Rain,Calm
2024-09-10 00:00:00+05:00,2024,9,10,1,False,Autumn,Lahore,Punjab,31.5204,74.3587,220.0,15.7045,25.654501,19.929499,0.0,3.247914,81.553825,988.8201,16.404497,32.458332,,9.950001,False,False,No Rain,Calm
2024-09-10 00:00:00+05:00,2024,9,10,1,False,Autumn,Lahore,Punjab,31.5204,74.3587,220.0,14.7545,23.4545,18.73575,0.6,3.775225,82.11998,988.032,15.456581,19.791666,,8.7,False,False,Light,Calm
2024-09-10 00:00:00+05:00,2024,9,10,1,False,Autumn,Lahore,Punjab,31.5204,74.3587,220.0,13.9045,23.7045,18.27325,0.0,3.9049723,82.812706,988.88446,15.0461645,17.166666,,9.8,False,False,No Rain,Calm
2024-09-10 00:00:00+05:00,2024,9,10,1,False,Autumn,Lahore,Punjab,31.5204,74.3587,220.0,13.7045,24.0545,18.227415,0.0,4.3641534,69.52111,989.8138,12.329498,14.708333,,10.35,False,False,No Rain,Calm
2024-09-10 00:00:00+05:00,2024,9,10,1,False,Autumn,Lahore,Punjab,31.5204,74.3587,220.0,12.554501,23.8545,17.889915,0.0,4.2515078,71.15841,990.6895,12.34825,0.0,,11.299999,False,False,No Rain,Calm
2024-09-10 00:00:00+05:00,2024,9,10,1,False,Autumn,Lahore,Punjab,31.5204,74.3587,220.0,12.7045,23.654501,17.708666,0.0,3.4343789,75.081345,989.5528,12.994082,0.29166666,,10.950001,False,False,No Rain,Calm
2024-09-10 00:00:00+05:00,2024,9,10,1,False,Autumn,Lahore,Punjab,31.5204,74.3587,220.0,12.0045,24.2045,17.481583,0.0,2.213367,77.01689,989.03595,12.998252,0.8333333,,12.2,False,False,No Rain,Calm
2024-09-10 00:00:00+05:00,2024,9,10,1,False,Autumn,Lahore,Punjab,31.5204,74.3587,220.0,12.5045,24.654501,17.862833,0.0,5.341423,74.38853,988.40796,12.841998,9.5,,12.150001,False,False,No Rain,Calm
2024-09-10 00:00:00+05:00,2024,9,10,1,False,Autumn,Lahore,Punjab,31.5204,74.3587,220.0,13.804501,23.2545,17.817001,1.5999999,8.322217,73.62811,988.81226,12.819081,28.125,,9.449999,False,False,Light,Calm
2024-09-10 00:00:00+05:00,2024,9,10,1,False,Autumn,Lahore,Punjab,31.5204,74.3587,220.0,14.2045,23.8045,18.302416,0.0,6.2374434,70.97571,989.772,12.746167,0.75,,9.6,False,False,No Rain,Calm
2024-09-10 00:00:00+05:00,2024,9,10,1,False,Autumn,Lahore,Punjab,31.5204,74.3587,220.0,12.9045,23.5545,17.93575,0.0,5.150682,69.05166,989.6424,11.917,0.6666667,,10.650001,False,False,No Rain,Calm
2024-09-10 00:00:00+05:00,2024,9,10,1,False,Autumn,Lahore,Punjab,31.5204,74.3587,220.0,13.1045,23.5545,17.796165,0.0,3.8212712,69.12008,989.3333,11.777416,0.0,,10.450001,False,False,No Rain,Calm
2024-09-10 00:00:00+05:00,2024,9,10,1,False,Autumn,Lahore,Punjab,31.5204,74.3587,220.0,11.7545,23.1045,16.962833,0.0,2.4352357,73.2881,988.8216,11.8794985,0.0,,11.349999,False,False,No Rain,Calm
2024-09-10 00:00:00+05:00,2024,9,10,1,False,Autumn,Lahore,Punjab,31.5204,74.3587,220.0,11.4045,23.5545,17.133665,0.0,1.7385288,75.353,990.4639,12.394084,4.5416665,,12.150001,False,False,No Rain,Calm
2024-09-10 00:00:00+05:00,2024,9,10,1,False,Autumn,Lahore,Punjab,31.5204,74.3587,220.0,11.5045,23.5545,17.266998,0.0,3.0679848,76.262474,991.523,12.733666,11.416667,,12.05,False,False,No Rain,Calm
2024-09-10 00:00:00+05:00,2024,9,10,1,False,Autumn,Lahore,Punjab,31.5204,74.3587,220.0,13.1045,21.7545,17.512833,1.4,4.2151504,71.08995,990.0247,12.079501,22.333334,,8.65,False,False,Light,Calm
2024-09-10 00:00:00+05:00,2024,9,10,1,False,Autumn,Lahore,Punjab,31.5204,74.3587,220.0,12.4545,22.404501,17.167,0.0,2.7841568,75.36745,987.8696,12.600334,0.125,,9.950001,False,False,No Rain,Calm
2024-09-10 00:00:00+05:00,2024,9,10,1,False,Autumn,Lahore,Punjab,31.5204,74.3587,220.0,13.4045,23.7545,18.046167,0.0,4.0771184,71.37013,988.28345,12.552417,9.166667,,10.349999,False,False,No Rain,Calm
2024-09-10 00:00:00+05:00,2024,9,10,1,False,Autumn,Lahore,Punjab,31.5204,74.3587,220.0,14.6045,22.9545,18.456583,0.1,5.9036107,67.0579,990.8462,12.002416,28.458334,,8.35,False,False,Light,Calm
2024-09-10 00:00:00+05:00,2024,9,10,1,False,Autumn,Lahore,Punjab,31.5204,74.3587,220.0,12.554501,22.3045,16.962835,0.0,6.9989038,55.091846,989.70776,7.7045007,0.0,,9.75,False,False,No Rain,Calm
2024-09-10 00:00:00+05:00,2024,9,10,1,False,Autumn,Lahore,Punjab,31.5204,74.3587,220.0,9.9545,22.5045,15.977416,0.0,4.936769,53.50003,988.30756,6.1170006,0.0,,12.549999,False,True,No Rain,Calm
2024-09-10 00:00:00+05:00,2024,9,10,1,False,Autumn,Lahore,Punjab,31.5204,74.3587,220.0,8.9545,21.8545,15.177418,0.0,4.943368,60.198254,987.38354,6.8732505,0.0,,12.9,False,True,No Rain,Calm
2024-09-10 00:00:00+05:00,2024,9,10,1,False,Autumn,Lahore,Punjab,31.5204,74.3587,220.0,8.054501,21.154501,14.1607485,0.0,4.0808,66.68899,986.2376,7.5628333,0.0,,13.1,False,True,No Rain,Calm
2024-09-10 00:00:00+05:00,2024,9,10,1,False,Autumn,Lahore,Punjab,31.5204,74.3587,220.0,9.4045,17.0045,12.529499,2.2999997,8.761506,68.04242,986.48444,6.7274175,39.375,,7.5999994,False,True,Light,Calm
2024-09-10 00:00:00+05:00,2024,9,10,1,False,Autumn,Lahore,Punjab,31.5204,74.3587,220.0,7.8545003,18.7045,12.781585,0.0,3.7025368,63.73402,990.3081,5.719085,0.0,,10.85,False,True,No Rain,Calm
2024-09-10 00:00:00+05:00,2024,9,10,1,False,Autumn,Lahore,Punjab,31.5204,74.3587,220.0,7.0545,18.5045,12.406583,0.0,5.9484653,53.505398,991.91754,2.9420002,0.083333336,,11.449999,False,True,No Rain,Calm
2024-09-10 00:00:00+05:00,2024,9,10,1,False,Autumn,Lahore,Punjab,31.5204,74.3587,220.0,6.4045,18.7545,12.369083,0.0,5.2527194,60.655807,991.1502,4.69825,2.5,,12.349999,False,True,No Rain,Calm
2024-09-10 00:00:00+05:00,2024,9,10,1,False,Autumn,Lahore,Punjab,31.5204,74.3587,220.0,6.7045,18.2545,12.125332,0.0,4.4324565,65.60345,990.8857,5.491999,1.375,,11.549999,False,True,No Rain,Calm
2024-09-10 00:00:00+05:00,2024,9,10,1,False,Autumn,Lahore,Punjab,31.5204,74.3587,220.0,7.4045,19.3545,12.7545,0.0,8.80189,53.49219,992.73535,3.131583,24.166666,,11.95,False,True,No Rain,Calm
2024-09-10 00:00:00+05:00,2024,9,10,1,False,Autumn,Lahore,Punjab,31.5204,74.3587,220.0,6.1545,18.6045,12.162834,0.0,5.5473866,58.151653,991.80536,3.8982499,7.625,,12.45,False,True,No Rain,Calm
2024-09-10 00:00:00+05:00,2024,9,10,1,False,Autumn,Lahore,Punjab,31.5204,74.3587,220.0,6.6545,18.3545,12.127415,0.0,3.0156412,66.68569,992.75195,5.8503327,87.916664,,11.7,False,True,No Rain,Calm
2024-09-10 00:00:00+05:00,2024,9,10,1,False,Autumn,Lahore,Punjab,31.5204,74.3587,220.0,5.4545,18.1045,11.494084,0.0,1.6886288,73.18272,991.638,6.4440837,0.125,,12.65,False,True,No Rain,Calm
2024-09-10 00:00:00+05:00,2024,9,10,1,False,Autumn,Lahore,Punjab,31.5204,74.3587,220.0,4.3045,18.3045,11.244084,0.0,2.065942,74.54925,990.56305,6.47325,8.875,,14.0,False,True,No Rain,Calm
2024-09-10 00:00:00+05:00,2024,9,10,1,False,Autumn,Lahore,Punjab,31.5204,74.3587,220.0,5.8545003,18.904501,12.03575,0.0,2.6597846,71.6952,989.64923,6.6524167,44.375,,13.050001,False,True,No Rain,Calm
2024-09-10 00:00:00+05:00,2024,9,10,1,False,Autumn,Lahore,Punjab,31.5204,74.3587,220.0,4.8045,18.3045,11.450333,0.0,3.8690195,72.96848,989.3572,6.4065833,0.083333336,,13.5,False,True,No Rain,Calm
2024-09-10 00:00:00+05:00,2024,9,10,1,False,Autumn,Lahore,Punjab,31.5204,74.3587,220.0,5.9545,18.8045,12.012834,0.0,3.9307659,72.6538,990.7757,6.7149177,0.041666668,,12.85,False,True,No Rain,Calm
2024-09-10 00:00:00+05:00,2024,9,10,1,False,Autumn,Lahore,Punjab,31.5204,74.3587,220.0,5.9045,17.9545,11.83575,0.0,2.6046062,67.84894,990.16016,5.7169995,17.458334,,12.05,False,True,No Rain,Calm
2024-09-10 00:00:00+05:00,2024,9,10,1,False,Autumn,Lahore,Punjab,31.5204,74.3587,220.0,7.5545,18.0545,12.281585,0.0,3.2170222,71.278755,989.26025,6.875334,34.625,,10.5,False,True,No Rain,Calm
2024-09-10 00:00:00+05:00,2024,9,10,1,False,Autumn,Lahore,Punjab,31.5204,74.3587,220.0,9.1545,13.6045,11.181583,2.6999998,6.1560593,85.059586,990.68896,8.750333,63.0,,4.45,False,True,Light,Calm
2024-09-10 00:00:00+05:00,2024,9,10,1,False,Autumn,Lahore,Punjab,31.5204,74.3587,220.0,7.3045,18.154501,12.204498,0.0,5.4886384,74.75465,992.1343,7.4399166,0.0,,10.85,False,True,No Rain,Calm
2024-09-10 00:00:00+05:00,2024,9,10,1,False,Autumn,Lahore,Punjab,31.5204,74.3587,220.0,7.1045003,19.5545,12.9107485,0.0,5.127029,72.7183,993.53296,7.8440843,0.0,,12.450001,False,True,No Rain,Calm
2024-09-10 00:00:00+05:00,2024,9,10,1,False,Autumn,Lahore,Punjab,31.5204,74.3587,220.0,7.6045003,19.4545,13.2545,0.0,2.7085493,71.55434,994.6281,7.9003334,10.958333,,11.85,False,True,No Rain,Calm
2024-09-10 00:00:00+05:00,2024,9,10,1,False,Autumn,Lahore,Punjab,31.5204,74.3587,220.0,8.2045,17.0545,12.087834,0.70000005,5.061457,82.959236,993.46484,9.189917,67.833336,,8.85,False,True,Light,Calm
2024-09-10 00:00:00+05:00,2024,9,10,1,False,Autumn,Lahore,Punjab,31.5204,74.3587,220.0,8.6045,17.0045,12.1045,0.0,3.8550456,87.24115,993.5557,9.887834,33.541668,,8.4,False,True,No Rain,Calm
2024-09-10 00:00:00+05:00,2024,9,10,1,False,Autumn,Lahore,Punjab,31.5204,74.3587,220.0,7.7545004,17.9545,11.846168,0.0,5.848128,86.30341,995.4748,9.417,35.625,,10.2,False,True,No Rain,Calm
2024-09-10 00:00:00+05:00,2024,9,10,1,False,Autumn,Lahore,Punjab,31.5204,74.3587,220.0,6.6045003,17.654501,11.237832,0.0,4.7527976,80.02172,993.53546,7.7024174,21.708334,,11.050001,False,True,No Rain,Calm
2024-09-10 00:00:00+05:00,2024,9,10,1,False,Autumn,Lahore,Punjab,31.5204,74.3587,220.0,6.1545,16.6045,10.352418,0.0,2.6068757,89.42391,994.3506,8.548251,74.916664,,10.45,False,True,No Rain,Calm
2024-09-10 00:00:00+05:00,2024,9,10,1,False,Autumn,Lahore,Punjab,31.5204,74.3587,220.0,6.6545,16.2545,10.231584,0.0,3.2194932,91.80252,993.0132,8.860751,76.083336,,9.599999,False,True,No Rain,Calm
2024-09-10 00:00:00+05:00,2024,9,10,1,False,Autumn,Lahore,Punjab,31.5204,74.3587,220.0,6.8545003,17.154501,11.400332,0.0,3.0461147,88.877716,992.1342,9.502418,89.333336,,10.300001,False,True,No Rain,Calm
2024-09-10 00:00:00+05:00,2024,9,10,1,False,Autumn,Lahore,Punjab,31.5204,74.3587,220.0,7.7545004,17.3545,11.429501,0.0,2.1864588,92.792366,991.8781,10.208668,86.458336,,9.599999,False,True,No Rain,Calm
2024-09-10 00:00:00+05:00,2024,9,10,1,False,Autumn,Lahore,Punjab,31.5204,74.3587,220.0,7.1545,18.7045,11.589915,0.0,4.351851,90.93174,988.8509,10.06075,49.458332,,11.55,False,True,No Rain,Calm
2024-09-10 00:00:00+05:00,2024,9,10,1,False,Autumn,Lahore,Punjab,31.5204,74.3587,220.0,8.3545,15.804501,11.766999,36.6,4.0094714,91.53306,989.3533,10.392,32.25,,7.450001,False,True,Heavy,Calm
2024-09-10 00:00:00+05:00,2024,9,10,1,False,Autumn,Lahore,Punjab,31.5204,74.3587,220.0,8.4045,17.3045,11.719086,0.0,4.5986333,89.55545,991.83594,9.91075,42.208332,,8.900001,False,True,No Rain,Calm
2024-09-10 00:00:00+05:00,2024,9,10,1,False,Autumn,Lahore,Punjab,31.5204,74.3587,220.0,7.7545004,17.5045,11.889916,0.0,7.10924,73.094315,991.75323,7.0628343,0.29166666,,9.749999,False,True,No Rain,Calm
2024-09-10 00:00:00+05:00,2024,9,10,1,False,Autumn,Lahore,Punjab,31.5204,74.3587,220.0,7.5045004,18.1045,11.937833,0.0,5.291224,72.03833,989.29767,6.8815837,1.6666666,,10.599999,False,True,No Rain,Calm
2024-09-10 00:00:00+05:00,2024,9,10,1,False,Autumn,Lahore,Punjab,31.5204,74.3587,220.0,5.0045004,18.3045,10.8545,0.0,2.0661995,87.97083,991.35565,8.67325,25.0,,13.3,False,True,No Rain,Calm
2024-09-10 00:00:00+05:00,2024,9,10,1,False,Autumn,Lahore,Punjab,31.5204,74.3587,220.0,5.7045,15.7545,9.425334,0.0,2.9112635,94.10714,993.3239,8.454501,68.458336,,10.05,False,True,No Rain,Calm
2024-09-10 00:00:00+05:00,2024,9,10,1,False,Autumn,Lahore,Punjab,31.5204,74.3587,220.0,6.1545,14.2045,10.281585,0.8000001,6.894078,90.846405,992.7551,8.742001,99.958336,,8.05,False,True,Light,Calm
2024-09-10 00:00:00+05:00,2024,9,10,1,False,Autumn,Lahore,Punjab,31.5204,74.3587,220.0,9.054501,16.8545,12.752416,0.0,6.0765553,82.890976,994.3255,9.777417,18.041666,,7.799999,False,True,No Rain,Calm
2024-09-10 00:00:00+05:00,2024,9,10,1,False,Autumn,Lahore,Punjab,31.5204,74.3587,220.0,7.6545,18.0045,11.99825,0.0,5.6700845,79.55392,993.6457,8.256583,0.083333336,,10.349999,False,True,No Rain,Calm
2024-09-10 00:00:00+05:00,2024,9,10,1,False,Autumn,Lahore,Punjab,31.5204,74.3587,220.0,6.8545003,17.9545,11.835751,0.0,3.4888127,76.299164,992.6772,7.6044993,11.375,,11.1,False,True,No Rain,Calm
2024-09-10 00:00:00+05:00,2024,9,10,1,False,Autumn,Lahore,Punjab,31.5204,74.3587,220.0,5.8045,18.0045,11.454501,0.0,2.0806937,81.9859,993.5373,8.206584,9.958333,,12.199999,False,True,No Rain,Calm
2024-09-10 00:00:00+05:00,2024,9,10,1,False,Autumn,Lahore,Punjab,31.5204,74.3587,220.0,6.1545,16.7045,10.679501,0.0,4.5023437,87.86783,994.80304,8.600334,5.1666665,,10.55,False,True,No Rain,Calm
2024-09-10 00:00:00+05:00,2024,9,10,1,False,Autumn,Lahore,Punjab,31.5204,74.3587,220.0,7.3045,17.6045,11.325333,0.0,5.256472,86.02059,995.239,8.802417,65.625,,10.299999,False,True,No Rain,Calm
2024-09-10 00:00:00+05:00,2024,9,10,1,False,Autumn,Lahore,Punjab,31.5204,74.3587,220.0,8.6045,17.8545,12.121165,0.0,3.1590822,84.31106,991.86383,9.3295,74.166664,,9.25,False,True,No Rain,Calm
2024-09-10 00:00:00+05:00,2024,9,10,1,False,Autumn,Lahore,Punjab,31.5204,74.3587,220.0,6.3045,16.4545,11.114917,0.0,3.4894788,89.060356,991.6821,9.256583,91.916664,,10.15,False,True,No Rain,Calm
2024-09-10 00:00:00+05:00,2024,9,10,1,False,Autumn,Lahore,Punjab,31.5204,74.3587,220.0,9.7545,20.0045,13.839916,0.0,6.8011975,69.27834,990.15594,8.181583,33.333332,,10.249999,False,True,No Rain,Calm
2024-09-10 00:00:00+05:00,2024,9,10,1,False,Autumn,Lahore,Punjab,31.5204,74.3587,220.0,9.1045,20.0045,13.792,0.0,6.008459,70.64016,988.6412,8.394084,4.2083335,,10.9,False,True,No Rain,Calm
2024-09-10 00:00:00+05:00,2024,9,10,1,False,Autumn,Lahore,Punjab,31.5204,74.3587,220.0,9.0045,21.0045,14.352416,0.0,5.4745126,69.90797,987.9438,8.589916,2.25,,11.999999,False,True,No Rain,Calm
2024-09-10 00:00:00+05:00,2024,9,10,1,False,Autumn,Lahore,Punjab,31.5204,74.3587,220.0,9.2045,20.7545,14.485748,0.0,6.605982,64.0991,990.11224,7.4544997,6.2083335,,11.549999,False,True,No Rain,Calm
2024-09-10 00:00:00+05:00,2024,9,10,1,False,Autumn,Lahore,Punjab,31.5204,74.3587,220.0,9.304501,20.2045,14.025332,0.0,7.7534566,47.998783,989.8474,2.850334,0.041666668,,10.9,False,True,No Rain,Calm
2024-09-10 00:00:00+05:00,2024,9,10,1,False,Autumn,Lahore,Punjab,31.5204,74.3587,220.0,6.8545003,20.6045,13.421166,0.0,4.59865,51.301178,988.6301,2.9295003,0.0,,13.75,False,True,No Rain,Calm
2024-09-10 00:00:00+05:00,2024,9,10,1,False,Autumn,Lahore,Punjab,31.5204,74.3587,220.0,6.4545,21.0545,13.146167,0.0,4.172652,61.176758,988.35693,5.0045,0.0,,14.6,False,True,No Rain,Calm
2024-09-10 00:00:00+05:00,2024,9,10,1,False,Autumn,Lahore,Punjab,31.5204,74.3587,220.0,6.1545,21.6045,13.614918,0.0,3.909234,64.91868,987.2415,6.321167,0.0,,15.45,False,True,No Rain,Calm
2024-09-10 00:00:00+05:00,2024,9,10,1,False,Autumn,Lahore,Punjab,31.5204,74.3587,220.0,7.6545,21.6045,13.796166,0.0,3.5979736,68.156334,986.13446,7.542,0.083333336,,13.95,False,True,No Rain,Calm
2024-09-10 00:00:00+05:00,2024,9,10,1,False,Autumn,Lahore,Punjab,31.5204,74.3587,220.0,8.7045,21.7545,14.571166,0.0,7.962192,70.11598,987.67316,8.821167,19.0,,13.049999,False,True,No Rain,Calm
2024-09-10 00:00:00+05:00,2024,9,10,1,False,Autumn,Lahore,Punjab,31.5204,74.3587,220.0,10.8545,22.5045,16.296167,0.0,5.032375,65.31781,985.99316,9.28575,26.166666,,11.65,False,False,No Rain,Calm
2024-09-10 00:00:00+05:00,2024,9,10,1,False,Autumn,Lahore,Punjab,31.5204,74.3587,220.0,9.6045,22.3045,15.594083,0.0,3.2315798,63.901386,984.7693,8.406583,9.333333,,12.700001,False,True,No Rain,Calm
2024-09-10 00:00:00+05:00,2024,9,10,1,False,Autumn,Lahore,Punjab,31.5204,74.3587,220.0,10.804501,22.0545,15.014918,0.0,6.196829,73.9378,988.1899,9.539917,6.5416665,,11.25,False,False,No Rain,Calm
2024-09-10 00:00:00+05:00,2024,9,10,1,False,Autumn,Lahore,Punjab,31.5204,74.3587,220.0,8.6545,21.2545,14.185749,0.0,5.611275,76.72118,990.3113,9.339917,31.291666,,12.599999,False,True,No Rain,Calm
2024-09-10 00:00:00+05:00,2024,9,10,1,False,Autumn,Lahore,Punjab,31.5204,74.3587,220.0,8.9545,20.6045,13.764915,0.0,5.0676823,67.42575,988.15063,7.3024173,6.7083335,,11.65,False,True,No Rain,Calm
2024-09-10 00:00:00+05:00,2024,9,10,1,False,Autumn,Lahore,Punjab,31.5204,74.3587,220.0,7.5545,20.7045,13.771164,0.0,5.0137763,68.46945,989.3149,7.3857512,18.583334,,13.15,False,True,No Rain,Calm
2024-09-10 00:00:00+05:00,2024,9,10,1,False,Autumn,Lahore,Punjab,31.5204,74.3587,220.0,7.5545,19.4545,12.614917,0.1,2.4016955,77.76066,989.9466,8.231584,28.333334,,11.9,False,True,Light,Calm
2024-09-10 00:00:00+05:00,2024,9,10,1,False,Autumn,Lahore,Punjab,31.5204,74.3587,220.0,7.9045,20.3045,13.8795,0.0,5.903519,62.35454,992.2525,6.0420003,0.8333333,,12.400001,False,True,No Rain,Calm
2024-09-10 00:00:00+05:00,2024,9,10,1,False,Autumn,Lahore,Punjab,31.5204,74.3587,220.0,9.5045,20.904501,14.49825,0.0,8.365956,50.167095,991.3504,3.9295003,38.166668,,11.400001,False,True,No Rain,Calm
2024-09-10 00:00:00+05:00,2024,9,10,1,False,Autumn,Lahore,Punjab,31.5204,74.3587,220.0,9.554501,22.7045,15.575334,0.0,5.153009,52.055523,989.7246,5.221167,42.833332,,13.15,False,True,No Rain,Calm
2024-09-10 00:00:00+05:00,2024,9,10,1,False,Autumn,Lahore,Punjab,31.5204,74.3587,220.0,9.8545,23.7545,16.289915,0.0,1.8451139,61.746677,988.74677,8.112833,3.25,,13.9,False,True,No Rain,Calm
2024-09-10 00:00:00+05:00,2024,9,10,1,False,Autumn,Lahore,Punjab,31.5204,74.3587,220.0,9.304501,23.9545,16.317,0.2,4.331631,67.73197,988.1487,9.531583,21.75,,14.65,False,True,Light,Calm
2024-09-10 00:00:00+05:00,2024,9,10,1,False,Autumn,Lahore,Punjab,31.5204,74.3587,220.0,10.5045,21.7045,16.404497,0.5,6.0318046,63.80011,988.5852,8.929501,23.375,,11.2,False,False,Light,Calm
2024-09-10 00:00:00+05:00,2024,9,10,1,False,Autumn,Lahore,Punjab,31.5204,74.3587,220.0,10.9045,23.5545,16.744083,0.0,6.5043693,54.25418,989.6331,6.6461673,5.7083335,,12.650001,False,False,No Rain,Calm
2024-09-10 00:00:00+05:00,2024,9,10,1,False,Autumn,Lahore,Punjab,31.5204,74.3587,220.0,9.804501,23.7045,16.706583,0.0,6.411883,48.858368,989.76666,4.4899163,41.75,,13.9,False,True,No Rain,Calm
2024-09-10 00:00:00+05:00,2024,9,10,1,False,Autumn,Lahore,Punjab,31.5204,74.3587,220.0,9.9045,24.3545,16.975332,0.0,4.3940835,53.0855,987.49146,6.1107516,51.416668,,14.45,False,True,No Rain,Calm
2024-09-10 00:00:00+05:00,2024,9,10,1,False,Autumn,Lahore,Punjab,31.5204,74.3587,220.0,14.0045,23.654501,18.346169,1.4,4.03097,56.630814,985.47925,9.137834,46.833332,,9.650001,False,False,Light,Calm
2024-09-10 00:00:00+05:00,2024,9,10,1,False,Autumn,Lahore,Punjab,31.5204,74.3587,220.0,11.2545,24.654501,17.771168,0.0,4.670504,61.051662,986.88055,9.54825,72.583336,,13.400001,False,False,No Rain,Calm
2024-09-10 00:00:00+05:00,2024,9,10,1,False,Autumn,Lahore,Punjab,31.5204,74.3587,220.0,11.554501,25.5045,18.352415,0.0,4.900312,61.403545,989.8503,9.927416,35.541668,,13.949999,False,False,No Rain,Calm
2024-09-10 00:00:00+05:00,2024,9,10,1,False,Autumn,Lahore,Punjab,31.5204,74.3587,220.0,12.4545,25.3545,18.527414,0.0,5.24499,57.605988,989.2654,9.177417,23.333334,,12.9,False,False,No Rain,Calm
2024-09-10 00:00:00+05:00,2024,9,10,1,False,Autumn,Lahore,Punjab,31.5204,74.3587,220.0,12.9045,25.7045,18.433664,0.8,4.8471527,57.57433,986.8811,9.133666,80.458336,,12.8,False,False,Light,Calm
2024-09-10 00:00:00+05:00,2024,9,10,1,False,Autumn,Lahore,Punjab,31.5204,74.3587,220.0,10.6045,16.7545,14.192,40.4,7.2164917,86.7034,988.189,11.96075,60.833332,,6.1499996,False,False,Heavy,Calm
2024-09-10 00:00:00+05:00,2024,9,10,1,False,Autumn,Lahore,Punjab,31.5204,74.3587,220.0,8.7545,20.0045,14.137834,0.0,5.111107,82.4274,992.58057,10.906585,34.791668,,11.249999,False,True,No Rain,Calm
2024-09-10 00:00:00+05:00,2024,9,10,1,False,Autumn,Lahore,Punjab,31.5204,74.3587,220.0,11.554501,21.8545,16.477417,0.0,4.8653536,71.774536,991.05707,11.000333,17.416666,,10.299999,False,False,No Rain,Calm
2024-09-10 00:00:00+05:00,2024,9,10,1,False,Autumn,Lahore,Punjab,31.5204,74.3587,220.0,10.9045,23.654501,17.173248,0.0,3.6155577,65.342896,991.66064,10.062835,0.25,,12.750001,False,False,No Rain,Calm
2024-09-10 00:00:00+05:00,2024,9,10,1,False,Autumn,Lahore,Punjab,31.5204,74.3587,220.0,10.304501,25.2045,17.835749,0.0,3.1911995,64.50721,992.59796,10.350333,45.625,,14.9,False,False,No Rain,Calm
2024-09-10 00:00:00+05:00,2024,9,10,1,False,Autumn,Lahore,Punjab,31.5204,74.3587,220.0,14.2045,19.904501,16.889917,3.8,5.8485274,78.68428,992.8665,13.119084,97.625,,5.700001,False,False,Light,Calm
2024-09-10 00:00:00+05:00,2024,9,10,1,False,Autumn,Lahore,Punjab,31.5204,74.3587,220.0,16.2045,26.5045,20.03158,0.9,9.683541,69.73144,991.4921,14.021165,98.833336,,10.299999,False,False,Light,Calm
2024-09-10 00:00:00+05:00,2024,9,10,1,False,Autumn,Lahore,Punjab,31.5204,74.3587,220.0,15.6545,20.7545,17.531582,11.5,11.564002,87.099,988.3632,15.321167,99.958336,,5.0999994,False,False,Moderate,Breezy
2024-09-10 00:00:00+05:00,2024,9,10,1,False,Autumn,Lahore,Punjab,31.5204,74.3587,220.0,13.554501,21.0545,16.873247,8.299999,7.0529523,85.62911,985.0191,14.2545,62.125,,7.5,False,False,Moderate,Calm
2024-09-10 00:00:00+05:00,2024,9,10,1,False,Autumn,Lahore,Punjab,31.5204,74.3587,220.0,11.554501,22.154501,16.233665,0.0,5.8787885,83.50604,988.9846,13.146168,23.25,,10.6,False,False,No Rain,Calm
2024-09-10 00:00:00+05:00,2024,9,10,1,False,Autumn,Lahore,Punjab,31.5204,74.3587,220.0,11.4545,22.5045,16.694082,0.0,5.9711995,64.5293,987.486,9.564917,0.5,,11.049999,False,False,No Rain,Calm
2024-09-10 00:00:00+05:00,2024,9,10,1,False,Autumn,Lahore,Punjab,31.5204,74.3587,220.0,11.7545,20.3545,15.648252,0.90000004,8.351146,75.84426,985.5279,11.24825,37.125,,8.599999,False,False,Light,Calm
2024-09-10 00:00:00+05:00,2024,9,10,1,False,Autumn,Lahore,Punjab,31.5204,74.3587,220.0,10.9545,19.5045,14.600334,0.0,8.545094,73.00239,989.34454,9.4545,6.9166665,,8.549999,False,False,No Rain,Calm
2024-09-10 00:00:00+05:00,2024,9,10,1,False,Autumn,Lahore,Punjab,31.5204,74.3587,220.0,10.7045,21.6045,15.569084,0.0,11.572776,58.44446,989.6066,7.0628333,5.125,,10.9,False,False,No Rain,Breezy
2024-09-10 00:00:00+05:00,2024,9,10,1,False,Autumn,Lahore,Punjab,31.5204,74.3587,220.0,10.8545,24.154501,16.794085,0.0,3.9317563,64.000725,986.3479,9.516999,15.0,,13.300001,False,False,No Rain,Calm
2024-09-10 00:00:00+05:00,2024,9,10,1,False,Autumn,Lahore,Punjab,31.5204,74.3587,220.0,10.2545,25.7545,17.810747,0.0,3.7025328,67.76118,985.0984,10.9795,24.791666,,15.499999,False,False,No Rain,Calm
2024-09-10 00:00:00+05:00,2024,9,10,1,False,Autumn,Lahore,Punjab,31.5204,74.3587,220.0,12.6545,27.3545,19.627417,0.0,6.0906816,60.25205,983.1719,10.644084,15.0,,14.7,False,False,No Rain,Calm
2024-09-10 00:00:00+05:00,2024,9,10,1,False,Autumn,Lahore,Punjab,31.5204,74.3587,220.0,12.554501,28.0045,19.758665,0.0,5.940189,65.19747,986.3352,12.250335,45.958332,,15.449999,False,False,No Rain,Calm
2024-09-10 00:00:00+05:00,2024,9,10,1,False,Autumn,Lahore,Punjab,31.5204,74.3587,220.0,17.154501,28.6045,22.13575,0.0,9.93749,64.85439,989.9587,14.837831,65.541664,,11.449999,False,False,No Rain,Calm
2024-09-10 00:00:00+05:00,2024,9,10,1,False,Autumn,Lahore,Punjab,31.5204,74.3587,220.0,15.804501,28.404501,21.531586,0.0,7.080213,61.192738,989.0369,13.389916,71.75,,12.6,False,False,No Rain,Calm
2024-09-10 00:00:00+05:00,2024,9,10,1,False,Autumn,Lahore,Punjab,31.5204,74.3587,220.0,16.904501,27.9545,21.725332,0.0,6.3153863,62.982327,984.8135,13.844082,29.875,,11.049999,False,False,No Rain,Calm
2024-09-10 00:00:00+05:00,2024,9,10,1,False,Autumn,Lahore,Punjab,31.5204,74.3587,220.0,16.2045,26.5545,20.796165,0.6,7.5895762,65.36907,982.7253,13.681583,10.208333,,10.35,False,False,Light,Calm
2024-09-10 00:00:00+05:00,2024,9,10,1,False,Autumn,Lahore,Punjab,31.5204,74.3587,220.0,14.9045,25.3545,19.702417,7.5999994,7.247001,67.147644,984.341,12.575333,51.541668,,10.45,False,False,Moderate,Calm
2024-09-10 00:00:00+05:00,2024,9,10,1,False,Autumn,Lahore,Punjab,31.5204,74.3587,220.0,14.2545,23.5045,18.202417,3.9999998,6.032171,78.20139,986.8802,14.069083,32.833332,,9.249999,False,False,Light,Calm
2024-09-10 00:00:00+05:00,2024,9,10,1,False,Autumn,Lahore,Punjab,31.5204,74.3587,220.0,13.4545,25.1045,19.067,0.0,4.832356,70.261665,987.6353,12.641999,33.0,,11.65,False,False,No Rain,Calm
2024-09-10 00:00:00+05:00,2024,9,10,1,False,Autumn,Lahore,Punjab,31.5204,74.3587,220.0,13.9045,28.1045,20.946165,0.0,3.8807821,56.240337,987.5351,10.583669,3.875,,14.2,False,False,No Rain,Calm
2024-09-10 00:00:00+05:00,2024,9,10,1,False,Autumn,Lahore,Punjab,31.5204,74.3587,220.0,15.4545,30.2545,22.621168,0.0,5.088084,48.501408,987.16425,9.519084,32.708332,,14.799999,False,False,No Rain,Calm
2024-09-10 00:00:00+05:00,2024,9,10,1,False,Autumn,Lahore,Punjab,31.5204,74.3587,220.0,17.2045,27.9545,22.487833,0.70000005,5.435705,47.867245,988.0801,10.356583,67.625,,10.75,False,False,Light,Calm
2024-09-10 00:00:00+05:00,2024,9,10,1,False,Autumn,Lahore,Punjab,31.5204,74.3587,220.0,14.9045,30.9545,23.179497,0.0,6.21112,45.009598,989.9897,8.450334,9.041667,,16.05,False,False,No Rain,Calm
2024-09-10 00:00:00+05:00,2024,9,10,1,False,Autumn,Lahore,Punjab,31.5204,74.3587,220.0,17.154501,30.6045,23.81283,0.0,6.0082335,40.621815,988.7254,8.492001,3.2083333,,13.449999,False,False,No Rain,Calm
2024-09-10 00:00:00+05:00,2024,9,10,1,False,Autumn,Lahore,Punjab,31.5204,74.3587,220.0,15.4045,30.5545,23.112833,0.0,4.384202,44.744335,987.0528,9.32325,10.25,,15.150001,False,False,No Rain,Calm
2024-09-10 00:00:00+05:00,2024,9,10,1,False,Autumn,Lahore,Punjab,31.5204,74.3587,220.0,15.2545,33.3545,24.148252,0.0,3.3322604,46.408752,988.54877,9.606584,4.75,,18.099998,False,False,No Rain,Calm
2024-09-10 00:00:00+05:00,2024,9,10,1,False,Autumn,Lahore,Punjab,31.5204,74.3587,220.0,16.2545,33.4545,24.883665,0.0,4.0864935,48.367847,987.92084,11.377416,15.916667,,17.199999,False,False,No Rain,Calm
2024-09-10 00:00:00+05:00,2024,9,10,1,False,Autumn,Lahore,Punjab,31.5204,74.3587,220.0,18.0045,33.6045,25.744085,0.0,6.394037,51.382324,984.2671,13.242,71.541664,,15.6,False,False,No Rain,Calm
2024-09-10 00:00:00+05:00,2024,9,10,1,False,Autumn,Lahore,Punjab,31.5204,74.3587,220.0,22.1045,34.9545,27.921167,0.0,10.452599,40.198086,980.68164,11.396167,51.958332,,12.849998,False,False,No Rain,Breezy
2024-09-10 00:00:00+05:00,2024,9,10,1,False,Autumn,Lahore,Punjab,31.5204,74.3587,220.0,22.0045,33.8545,27.342001,0.0,10.644111,28.518236,980.2896,6.408667,0.8333333,,11.85,False,False,No Rain,Breezy
2024-09-10 00:00:00+05:00,2024,9,10,1,False,Autumn,Lahore,Punjab,31.5204,74.3587,220.0,17.3545,26.8045,21.991999,0.0,8.811461,18.251143,985.2239,-4.391333,0.0,,9.450001,False,False,No Rain,Calm
2024-09-10 00:00:00+05:00,2024,9,10,1,False,Autumn,Lahore,Punjab,31.5204,74.3587,220.0,14.5045,29.0545,21.929499,0.0,11.188697,24.691214,985.7944,-0.5309167,12.291667,,14.55,False,False,No Rain,Breezy
2024-09-10 00:00:00+05:00,2024,9,10,1,False,Autumn,Lahore,Punjab,31.5204,74.3587,220.0,14.8545,31.0545,23.285751,0.0,5.9703574,23.846792,985.3227,0.38574997,8.416667,,16.2,False,False,No Rain,Calm
2024-09-10 00:00:00+05:00,2024,9,10,1,False,Autumn,Lahore,Punjab,31.5204,74.3587,220.0,16.6045,32.504498,25.092001,0.0,6.784016,24.568712,985.8029,1.8815833,0.0,,15.899998,False,False,No Rain,Calm
2024-09-10 00:00:00+05:00,2024,9,10,1,False,Autumn,Lahore,Punjab,31.5204,74.3587,220.0,16.9545,33.4045,25.419088,0.0,5.8117785,23.533243,984.2525,1.1565833,0.0,,16.449999,False,False,No Rain,Calm
2024-09-10 00:00:00+05:00,2024,9,10,1,False,Autumn,Lahore,Punjab,31.5204,74.3587,220.0,17.154501,35.3545,26.479498,0.0,7.110164,24.540491,984.9069,2.9982498,17.25,,18.199999,True,False,No Rain,Calm
2024-09-10 00:00:00+05:00,2024,9,10,1,False,Autumn,Lahore,Punjab,31.5204,74.3587,220.0,18.154501,34.7045,26.019087,0.0,7.236517,28.161821,986.4323,4.875334,55.5,,16.549997,False,False,No Rain,Calm
2024-09-10 00:00:00+05:00,2024,9,10,1,False,Autumn,Lahore,Punjab,31.5204,74.3587,220.0,18.654501,33.6045,26.077415,0.0,8.972663,30.524405,987.02216,6.394083,1.2916666,,14.949999,False,False,No Rain,Calm
2024-09-10 00:00:00+05:00,2024,9,10,1,False,Autumn,Lahore,Punjab,31.5204,74.3587,220.0,19.6045,36.1045,27.996168,0.0,5.4035916,25.905123,983.4395,5.41075,22.5,,16.5,True,False,No Rain,Calm
2024-09-10 00:00:00+05:00,2024,9,10,1,False,Autumn,Lahore,Punjab,31.5204,74.3587,220.0,20.7045,38.4545,29.942,0.0,4.043505,29.020256,981.12335,8.687834,22.958334,,17.749998,True,False,No Rain,Calm
2024-09-10 00:00:00+05:00,2024,9,10,1,False,Autumn,Lahore,Punjab,31.5204,74.3587,220.0,22.4545,39.9045,31.1295,0.0,6.8933487,34.945393,982.62524,11.933666,33.25,,17.449999,True,False,No Rain,Calm
2024-09-10 00:00:00+05:00,2024,9,10,1,False,Autumn,Lahore,Punjab,31.5204,74.3587,220.0,24.0545,40.3545,31.287832,0.0,8.61711,34.110657,984.77466,12.096168,29.041666,,16.3,True,False,No Rain,Calm
2024-09-10 00:00:00+05:00,2024,9,10,1,False,Autumn,Lahore,Punjab,31.5204,74.3587,220.0,23.654501,39.254498,31.004501,0.2,6.64728,34.758575,983.29315,12.4795,81.916664,,15.599997,True,False,Light,Calm
2024-09-10 00:00:00+05:00,2024,9,10,1,False,Autumn,Lahore,Punjab,31.5204,74.3587,220.0,23.5545,37.3545,29.804499,0.0,7.392388,34.990715,978.29346,12.158668,37.958332,,13.799999,True,False,No Rain,Calm
2024-09-10 00:00:00+05:00,2024,9,10,1,False,Autumn,Lahore,Punjab,31.5204,74.3587,220.0,22.0045,31.0045,25.858665,0.2,9.407433,55.27144,977.79767,16.017,56.708332,,9.0,False,False,Light,Calm
2024-09-10 00:00:00+05:00,2024,9,10,1,False,Autumn,Lahore,Punjab,31.5204,74.3587,220.0,19.5545,33.6545,26.86492,0.0,7.157301,43.313328,981.2768,11.937833,5.9166665,,14.099998,False,False,No Rain,Calm
2024-09-10 00:00:00+05:00,2024,9,10,1,False,Autumn,Lahore,Punjab,31.5204,74.3587,220.0,20.2045,35.1545,28.052416,0.0,5.4044795,42.22383,983.3355,12.69825,0.0,,14.949999,True,False,No Rain,Calm
2024-09-10 00:00:00+05:00,2024,9,10,1,False,Autumn,Lahore,Punjab,31.5204,74.3587,220.0,22.3545,37.504498,30.394083,0.0,5.888511,37.58177,982.3816,13.13575,0.29166666,,15.149998,True,False,No Rain,Calm
2024-09-10 00:00:00+05:00,2024,9,10,1,False,Autumn,Lahore,Punjab,31.5204,74.3587,220.0,24.5545,38.9045,31.496168,0.0,7.9360175,34.875793,982.57184,12.854499,6.7916665,,14.349998,True,False,No Rain,Calm
2024-09-10 00:00:00+05:00,2024,9,10,1,False,Autumn,Lahore,Punjab,31.5204,74.3587,220.0,24.5545,39.004498,31.404501,0.0,10.679904,36.86798,981.5359,13.571166,25.958334,,14.449997,True,False,No Rain,Breezy
2024-09-10 00:00:00+05:00,2024,9,10,1,False,Autumn,Lahore,Punjab,31.5204,74.3587,220.0,23.4545,38.4545,31.15658,0.0,6.7982273,37.323715,979.853,13.994082,0.75,,14.999998,True,False,No Rain,Calm
2024-09-10 00:00:00+05:00,2024,9,10,1,False,Autumn,Lahore,Punjab,31.5204,74.3587,220.0,24.8545,39.4045,31.398247,0.0,9.36308,38.346107,977.18994,14.342,29.25,,14.549999,True,False,No Rain,Calm
2024-09-10 00:00:00+05:00,2024,9,10,1,False,Autumn,Lahore,Punjab,31.5204,74.3587,220.0,24.7045,40.4045,32.56908,0.0,15.886773,29.80162,975.1949,9.675334,51.875,,15.699999,True,False,No Rain,Breezy
2024-09-10 00:00:00+05:00,2024,9,10,1,False,Autumn,Lahore,Punjab,31.5204,74.3587,220.0,25.5545,39.2045,31.841997,0.0,14.394463,31.845224,976.9609,8.97325,3.2083333,,13.649998,True,False,No Rain,Breezy
2024-09-10 00:00:00+05:00,2024,9,10,1,False,Autumn,Lahore,Punjab,31.5204,74.3587,220.0,21.6045,39.6045,30.68367,0.0,8.1977625,32.96915,981.7033,8.964916,12.166667,,18.0,True,False,No Rain,Calm
2024-09-10 00:00:00+05:00,2024,9,10,1,False,Autumn,Lahore,Punjab,31.5204,74.3587,220.0,22.904501,38.754498,31.150331,0.0,5.140979,24.902872,983.2419,5.22325,0.33333334,,15.849997,True,False,No Rain,Calm
2024-09-10 00:00:00+05:00,2024,9,10,1,False,Autumn,Lahore,Punjab,31.5204,74.3587,220.0,22.8045,39.4045,31.61492,0.0,5.327954,14.7966795,980.5381,-0.21633331,1.6666666,,16.599998,True,False,No Rain,Calm
2024-09-10 00:00:00+05:00,2024,9,10,1,False,Autumn,Lahore,Punjab,31.5204,74.3587,220.0,23.154501,39.3545,31.527418,0.0,3.4485433,16.669458,978.0512,0.25658333,12.5,,16.199999,True,False,No Rain,Calm
2024-09-10 00:00:00+05:00,2024,9,10,1,False,Autumn,Lahore,Punjab,31.5204,74.3587,220.0,22.4545,40.4545,32.042004,0.0,7.925312,16.843477,979.5781,1.1440831,18.625,,17.999998,True,False,No Rain,Calm
2024-09-10 00:00:00+05:00,2024,9,10,1,False,Autumn,Lahore,Punjab,31.5204,74.3587,220.0,23.5545,40.6045,32.462833,0.0,6.377109,14.841873,979.40546,0.31283343,15.916667,,17.05,True,False,No Rain,Calm
2024-09-10 00:00:00+05:00,2024,9,10,1,False,Autumn,Lahore,Punjab,31.5204,74.3587,220.0,23.0545,39.7045,32.087833,0.0,4.417017,17.742903,980.4695,2.3503332,0.041666668,,16.649998,True,False,No Rain,Calm
2024-09-10 00:00:00+05:00,2024,9,10,1,False,Autumn,Lahore,Punjab,31.5204,74.3587,220.0,23.9545,41.804497,33.52325,0.0,4.391359,14.20522,978.7754,0.9086667,0.041666668,,17.849997,True,False,No Rain,Calm
2024-09-10 00:00:00+05:00,2024,9,10,1,False,Autumn,Lahore,Punjab,31.5204,74.3587,220.0,24.654501,40.804497,32.94825,0.0,7.7957726,21.999275,978.538,6.9378333,1.0,,16.149996,True,False,No Rain,Calm
2024-09-10 00:00:00+05:00,2024,9,10,1,False,Autumn,Lahore,Punjab,31.5204,74.3587,220.0,26.2545,40.9545,33.754498,0.0,9.385013,26.822664,980.2366,10.708667,27.791666,,14.699999,True,False,No Rain,Calm
2024-09-10 00:00:00+05:00,2024,9,10,1,False,Autumn,Lahore,Punjab,31.5204,74.3587,220.0,27.2545,39.054497,31.88575,0.0,9.751548,35.02271,981.67505,14.008666,45.791668,,11.799997,True,False,No Rain,Calm
2024-09-10 00:00:00+05:00,2024,9,10,1,False,Autumn,Lahore,Punjab,31.5204,74.3587,220.0,23.7545,32.254498,28.366999,0.3,7.965891,51.850277,983.38776,17.231583,83.791664,,8.499998,False,False,Light,Calm
2024-09-10 00:00:00+05:00,2024,9,10,1,False,Autumn,Lahore,Punjab,31.5204,74.3587,220.0,23.5045,33.004498,28.556581,0.3,6.337957,51.18559,980.93,16.796164,71.583336,,9.499998,False,False,Light,Calm
2024-09-10 00:00:00+05:00,2024,9,10,1,False,Autumn,Lahore,Punjab,31.5204,74.3587,220.0,23.154501,34.054497,27.054499,14.000001,5.5723643,59.707287,979.281,18.016998,72.25,,10.899996,False,False,Moderate,Calm
2024-09-10 00:00:00+05:00,2024,9,10,1,False,Autumn,Lahore,Punjab,31.5204,74.3587,220.0,21.9545,30.3545,26.03158,0.4,6.696362,64.122246,981.0677,18.5295,70.666664,,8.4,False,False,Light,Calm
2024-09-10 00:00:00+05:00,2024,9,10,1,False,Autumn,Lahore,Punjab,31.5204,74.3587,220.0,21.8045,35.254498,28.752413,0.0,4.9934545,52.61522,980.6662,16.883665,57.75,,13.449997,True,False,No Rain,Calm
2024-09-10 00:00:00+05:00,2024,9,10,1,False,Autumn,Lahore,Punjab,31.5204,74.3587,220.0,24.7045,35.1545,29.798248,0.3,6.8096004,46.549168,980.01373,16.775331,38.708332,,10.449999,True,False,Light,Calm
2024-09-10 00:00:00+05:00,2024,9,10,1,False,Autumn,Lahore,Punjab,31.5204,74.3587,220.0,24.8045,34.754498,28.856583,0.4,5.6435814,54.803955,980.768,18.427416,41.0,,9.949997,False,False,Light,Calm
2024-09-10 00:00:00+05:00,2024,9,10,1,False,Autumn,Lahore,Punjab,31.5204,74.3587,220.0,23.2045,33.4545,28.464914,0.0,5.643953,59.66989,982.43024,19.425333,31.833334,,10.249998,False,False,No Rain,Calm
2024-09-10 00:00:00+05:00,2024,9,10,1,False,Autumn,Lahore,Punjab,31.5204,74.3587,220.0,25.1045,34.9045,30.462831,0.7,4.188146,50.33023,981.25323,18.114916,41.25,,9.799999,False,False,Light,Calm
2024-09-10 00:00:00+05:00,2024,9,10,1,False,Autumn,Lahore,Punjab,31.5204,74.3587,220.0,25.3045,37.2045,29.325335,7.1,5.0856624,54.757977,979.72723,18.70033,25.083334,,11.899998,True,False,Moderate,Calm
2024-09-10 00:00:00+05:00,2024,9,10,1,False,Autumn,Lahore,Punjab,31.5204,74.3587,220.0,23.5045,37.6045,29.871162,0.0,4.987719,46.219982,978.3259,15.867,10.708333,,14.1,True,False,No Rain,Calm
2024-09-10 00:00:00+05:00,2024,9,10,1,False,Autumn,Lahore,Punjab,31.5204,74.3587,220.0,23.654501,38.2045,31.887835,0.0,5.807392,35.155704,978.0613,12.739918,10.291667,,14.549997,True,False,No Rain,Calm
2024-09-10 00:00:00+05:00,2024,9,10,1,False,Autumn,Lahore,Punjab,31.5204,74.3587,220.0,24.7545,41.304497,33.4545,0.0,3.7812665,31.489576,978.25586,12.633666,7.375,,16.549997,True,False,No Rain,Calm
2024-09-10 00:00:00+05:00,2024,9,10,1,False,Autumn,Lahore,Punjab,31.5204,74.3587,220.0,26.6045,42.754498,35.323254,0.0,4.2743335,25.838678,977.5554,11.367001,6.0833335,,16.149998,True,False,No Rain,Calm
2024-09-10 00:00:00+05:00,2024,9,10,1,False,Autumn,Lahore,Punjab,31.5204,74.3587,220.0,27.904501,42.1045,34.92533,0.0,7.176575,27.082281,976.5101,12.196167,17.458334,,14.199999,True,False,No Rain,Calm
2024-09-10 00:00:00+05:00,2024,9,10,1,False,Autumn,Lahore,Punjab,31.5204,74.3587,220.0,26.5545,43.2045,35.31283,0.0,6.1888356,27.47139,975.78516,12.208668,1.875,,16.649998,True,False,No Rain,Calm
2024-09-10 00:00:00+05:00,2024,9,10,1,False,Autumn,Lahore,Punjab,31.5204,74.3587,220.0,27.5545,43.804497,36.302414,0.0,6.24156,27.141863,975.47125,13.094085,5.1666665,,16.249996,True,False,No Rain,Calm
2024-09-10 00:00:00+05:00,2024,9,10,1,False,Autumn,Lahore,Punjab,31.5204,74.3587,220.0,26.8545,39.9045,31.364914,9.1,10.52683,47.582386,976.3123,18.458666,16.583334,,13.049999,True,False,Moderate,Breezy
2024-09-10 00:00:00+05:00,2024,9,10,1,False,Autumn,Lahore,Punjab,31.5204,74.3587,220.0,24.9545,41.8545,34.26075,0.0,6.507893,37.17979,974.76807,15.579501,14.416667,,16.9,True,False,No Rain,Calm
2024-09-10 00:00:00+05:00,2024,9,10,1,False,Autumn,Lahore,Punjab,31.5204,74.3587,220.0,28.5545,41.9545,34.708668,0.0,7.6013565,36.321877,974.6652,16.9795,17.166666,,13.399998,True,False,No Rain,Calm
2024-09-10 00:00:00+05:00,2024,9,10,1,False,Autumn,Lahore,Punjab,31.5204,74.3587,220.0,27.7545,41.254498,34.092,0.0,10.335647,39.511948,974.8515,17.441996,0.041666668,,13.499998,True,False,No Rain,Breezy
2024-09-10 00:00:00+05:00,2024,9,10,1,False,Autumn,Lahore,Punjab,31.5204,74.3587,220.0,28.654501,40.4045,34.352413,0.0,10.459267,42.950474,974.56415,19.244085,26.708334,,11.749998,True,False,No Rain,Breezy
2024-09-10 00:00:00+05:00,2024,9,10,1,False,Autumn,Lahore,Punjab,31.5204,74.3587,220.0,24.904501,37.6545,30.883665,6.0,10.464618,56.76184,975.8421,20.398249,75.416664,,12.749998,True,False,Moderate,Breezy
2024-09-10 00:00:00+05:00,2024,9,10,1,False,Autumn,Lahore,Punjab,31.5204,74.3587,220.0,24.3545,36.504498,29.860748,0.1,9.706141,55.59883,978.9475,19.029497,8.833333,,12.149998,True,False,Light,Calm
2024-09-10 00:00:00+05:00,2024,9,10,1,False,Autumn,Lahore,Punjab,31.5204,74.3587,220.0,24.5545,38.804497,32.267,0.0,4.394139,45.906204,977.55884,17.944082,0.0,,14.249996,True,False,No Rain,Calm
2024-09-10 00:00:00+05:00,2024,9,10,1,False,Autumn,Lahore,Punjab,31.5204,74.3587,220.0,27.654501,39.8545,34.37116,0.0,5.5225945,39.376957,974.5693,17.792002,9.583333,,12.199999,True,False,No Rain,Calm
2024-09-10 00:00:00+05:00,2024,9,10,1,False,Autumn,Lahore,Punjab,31.5204,74.3587,220.0,29.0545,41.6045,35.154495,0.0,4.941103,33.2723,972.84424,15.37325,17.958334,,12.549999,True,False,No Rain,Calm
2024-09-10 00:00:00+05:00,2024,9,10,1,False,Autumn,Lahore,Punjab,31.5204,74.3587,220.0,28.1045,41.304497,34.66283,1.0,5.928364,29.678736,970.65607,13.825332,18.666666,,13.199997,True,False,Light,Calm
2024-09-10 00:00:00+05:00,2024,9,10,1,False,Autumn,Lahore,Punjab,31.5204,74.3587,220.0,27.5545,37.7045,32.787834,0.2,10.048802,35.314995,970.09845,15.033665,17.833334,,10.149998,True,False,Light,Breezy
2024-09-10 00:00:00+05:00,2024,9,10,1,False,Autumn,Lahore,Punjab,31.5204,74.3587,220.0,27.4545,40.004498,31.885744,0.2,12.020295,40.0145,971.9212,15.9524145,22.25,,12.549997,True,False,Light,Breezy
2024-09-10 00:00:00+05:00,2024,9,10,1,False,Autumn,Lahore,Punjab,31.5204,74.3587,220.0,23.5045,37.6545,31.756584,0.0,9.080167,31.451262,974.0429,10.837833,8.833333,,14.15,True,False,No Rain,Calm
2024-09-10 00:00:00+05:00,2024,9,10,1,False,Autumn,Lahore,Punjab,31.5204,74.3587,220.0,26.2545,38.4545,32.912834,0.0,5.7409043,24.410616,972.80963,8.850334,33.75,,12.199999,True,False,No Rain,Calm
2024-09-10 00:00:00+05:00,2024,9,10,1,False,Autumn,Lahore,Punjab,31.5204,74.3587,220.0,24.8545,36.054497,29.848251,0.0,10.714999,40.66226,975.50494,14.2795,12.583333,,11.199997,True,False,No Rain,Breezy
2024-09-10 00:00:00+05:00,2024,9,10,1,False,Autumn,Lahore,Punjab,31.5204,74.3587,220.0,23.2045,35.4045,29.131584,0.0,8.718375,45.83743,978.6578,15.469083,14.0,,12.199999,True,False,No Rain,Calm
2024-09-10 00:00:00+05:00,2024,9,10,1,False,Autumn,Lahore,Punjab,31.5204,74.3587,220.0,23.4545,37.3545,30.833672,0.0,5.509258,40.877228,981.2351,14.956581,2.7916667,,13.9,True,False,No Rain,Calm
2024-09-10 00:00:00+05:00,2024,9,10,1,False,Autumn,Lahore,Punjab,31.5204,74.3587,220.0,27.0045,40.304497,33.62533,0.0,4.755424,34.474094,980.2519,14.983668,0.8333333,,13.299997,True,False,No Rain,Calm
2024-09-10 00:00:00+05:00,2024,9,10,1,False,Autumn,Lahore,Punjab,31.5204,74.3587,220.0,27.7545,42.9545,35.896168,0.0,5.9013114,33.01826,978.18585,15.975331,4.2916665,,15.199999,True,False,No Rain,Calm
2024-09-10 00:00:00+05:00,2024,9,10,1,False,Autumn,Lahore,Punjab,31.5204,74.3587,220.0,29.7545,44.254498,37.973248,0.0,5.9103703,25.327957,976.67694,13.187835,4.6666665,,14.499998,True,False,No Rain,Calm
2024-09-10 00:00:00+05:00,2024,9,10,1,False,Autumn,Lahore,Punjab,31.5204,74.3587,220.0,32.054497,45.6045,38.610752,0.0,6.9044013,21.497284,974.7002,12.037834,7.375,,13.550003,True,False,No Rain,Calm
2024-09-10 00:00:00+05:00,2024,9,10,1,False,Autumn,Lahore,Punjab,31.5204,74.3587,220.0,33.2045,44.4045,38.744083,0.0,8.647443,20.200743,973.2513,11.617,1.2916666,,11.200001,True,False,No Rain,Calm
2024-09-10 00:00:00+05:00,2024,9,10,1,False,Autumn,Lahore,Punjab,31.5204,74.3587,220.0,30.7545,46.4045,39.10866,0.0,6.7732797,22.575417,974.065,12.125332,3.0833333,,15.65,True,False,No Rain,Calm
2024-09-10 00:00:00+05:00,2024,9,10,1,False,Autumn,Lahore,Punjab,31.5204,74.3587,220.0,31.404501,46.004498,39.671165,0.0,6.9605136,18.28315,973.94507,10.331582,6.3333335,,14.599997,True,False,No Rain,Calm
2024-09-10 00:00:00+05:00,2024,9,10,1,False,Autumn,Lahore,Punjab,31.5204,74.3587,220.0,31.6045,43.1545,37.98158,0.0,8.272599,29.104242,974.96387,16.092001,10.416667,,11.549999,True,False,No Rain,Calm
2024-09-10 00:00:00+05:00,2024,9,10,1,False,Autumn,Lahore,Punjab,31.5204,74.3587,220.0,30.1045,42.3545,36.660748,0.0,6.967442,37.947933,973.9641,18.969082,15.916667,,12.25,True,False,No Rain,Calm
2024-09-10 00:00:00+05:00,2024,9,10,1,False,Autumn,Lahore,Punjab,31.5204,74.3587,220.0,32.6545,43.004498,36.42117,0.0,5.605148,33.285454,972.226,16.894083,90.333336,,10.349998,True,False,No Rain,Calm
2024-09-10 00:00:00+05:00,2024,9,10,1,False,Autumn,Lahore,Punjab,31.5204,74.3587,220.0,28.154501,36.6045,31.49408,0.9,5.831756,59.194653,973.93854,22.3545,95.958336,,8.449999,True,False,Light,Calm
2024-09-10 00:00:00+05:00,2024,9,10,1,False,Autumn,Lahore,Punjab,31.5204,74.3587,220.0,25.6045,33.7045,29.706583,3.1,7.386457,67.36791,974.9348,22.7295,57.25,,8.099998,False,False,Light,Calm
2024-09-10 00:00:00+05:00,2024,9,10,1,False,Autumn,Lahore,Punjab,31.5204,74.3587,220.0,26.4545,39.6045,33.0545,0.0,4.9487634,54.45807,972.7098,21.489914,2.4166667,,13.15,True,False,No Rain,Calm
2024-09-10 00:00:00+05:00,2024,9,10,1,False,Autumn,Lahore,Punjab,31.5204,74.3587,220.0,29.5045,40.054497,34.767,0.1,6.3339095,49.18516,970.95355,22.142,8.875,,10.549997,True,False,Light,Calm
2024-09-10 00:00:00+05:00,2024,9,10,1,False,Autumn,Lahore,Punjab,31.5204,74.3587,220.0,30.904501,39.4545,34.883663,0.3,8.257187,51.40288,972.8461,23.079498,16.0,,8.549997,True,False,Light,Calm
2024-09-10 00:00:00+05:00,2024,9,10,1,False,Autumn,Lahore,Punjab,31.5204,74.3587,220.0,30.0545,39.054497,34.162834,0.3,9.181724,58.410717,974.00616,24.467001,51.958332,,8.999996,True,False,Light,Calm
2024-09-10 00:00:00+05:00,2024,9,10,1,False,Autumn,Lahore,Punjab,31.5204,74.3587,220.0,27.3045,34.9045,30.70033,17.800001,7.9222274,76.26851,973.28613,25.908667,86.291664,,7.5999985,False,False,Moderate,Calm
2024-09-10 00:00:00+05:00,2024,9,10,1,False,Autumn,Lahore,Punjab,31.5204,74.3587,220.0,27.654501,36.504498,32.121166,1.1,5.9447064,74.292336,971.1513,26.639914,30.333334,,8.849997,True,False,Light,Calm
2024-09-10 00:00:00+05:00,2024,9,10,1,False,Autumn,Lahore,Punjab,31.5204,74.3587,220.0,26.1045,37.504498,32.025333,1.7,8.169741,73.02902,970.2246,26.19825,31.291666,,11.399998,True,False,Light,Calm
2024-09-10 00:00:00+05:00,2024,9,10,1,False,Autumn,Lahore,Punjab,31.5204,74.3587,220.0,26.7045,34.1545,30.542,9.8,10.657128,80.4036,973.2007,26.685753,77.916664,,7.449999,False,False,Moderate,Breezy
2024-09-10 00:00:00+05:00,2024,9,10,1,False,Autumn,Lahore,Punjab,31.5204,74.3587,220.0,25.904501,32.254498,28.44825,6.0999994,7.4732876,85.42135,976.30615,25.646166,85.833336,,6.3499966,False,False,Moderate,Calm
2024-09-10 00:00:00+05:00,2024,9,10,1,False,Autumn,Lahore,Punjab,31.5204,74.3587,220.0,24.904501,32.804497,29.279495,8.1,6.50609,84.60299,975.5871,26.283669,78.916664,,7.899996,False,False,Moderate,Calm
2024-09-10 00:00:00+05:00,2024,9,10,1,False,Autumn,Lahore,Punjab,31.5204,74.3587,220.0,26.5545,35.554497,31.477417,2.3,6.827851,75.617775,973.147,26.381586,24.166666,,8.999996,True,False,Light,Calm
2024-09-10 00:00:00+05:00,2024,9,10,1,False,Autumn,Lahore,Punjab,31.5204,74.3587,220.0,24.8045,36.2045,30.156586,4.8,7.4652524,78.64434,970.2121,25.735754,41.166668,,11.399998,True,False,Light,Calm
2024-09-10 00:00:00+05:00,2024,9,10,1,False,Autumn,Lahore,Punjab,31.5204,74.3587,220.0,25.2045,34.1045,29.064917,7.3,8.872671,84.47766,971.1241,26.079498,35.75,,8.9,False,False,Moderate,Calm
2024-09-10 00:00:00+05:00,2024,9,10,1,False,Autumn,Lahore,Punjab,31.5204,74.3587,220.0,25.654501,33.004498,29.058664,0.6,10.376136,82.210396,973.32623,25.594086,62.583332,,7.3499966,False,False,Light,Breezy
2024-09-10 00:00:00+05:00,2024,9,10,1,False,Autumn,Lahore,Punjab,31.5204,74.3587,220.0,26.2545,34.1545,30.360748,0.8000001,5.38654,77.853264,973.7014,25.835752,13.125,,7.8999996,False,False,Light,Calm
2024-09-10 00:00:00+05:00,2024,9,10,1,False,Autumn,Lahore,Punjab,31.5204,74.3587,220.0,25.8545,33.7045,30.092001,5.3999996,6.7620583,78.82693,974.2417,25.914915,23.833334,,7.8499985,False,False,Moderate,Calm
2024-09-10 00:00:00+05:00,2024,9,10,1,False,Autumn,Lahore,Punjab,31.5204,74.3587,220.0,27.0045,34.8545,31.037834,1.8000001,5.821457,77.398506,973.9504,26.425337,20.625,,7.8500004,False,False,Light,Calm
2024-09-10 00:00:00+05:00,2024,9,10,1,False,Autumn,Lahore,Punjab,31.5204,74.3587,220.0,25.8545,36.304497,31.431585,5.9999995,7.5529704,77.7585,972.366,26.848253,88.5,,10.449997,True,False,Moderate,Calm
2024-09-10 00:00:00+05:00,2024,9,10,1,False,Autumn,Lahore,Punjab,31.5204,74.3587,220.0,26.0045,33.2045,29.592001,6.6999993,8.310439,82.91961,972.23517,26.294085,81.916664,,7.199999,False,False,Moderate,Calm
2024-09-10 00:00:00+05:00,2024,9,10,1,False,Autumn,Lahore,Punjab,31.5204,74.3587,220.0,25.5545,33.4045,29.166998,22.1,5.605184,83.718605,973.3264,25.977419,93.875,,7.8499985,False,False,Heavy,Calm
2024-09-10 00:00:00+05:00,2024,9,10,1,False,Autumn,Lahore,Punjab,31.5204,74.3587,220.0,25.5545,32.754498,28.996162,22.7,5.031198,83.90759,973.65936,25.891996,94.166664,,7.199997,False,False,Heavy,Calm
2024-09-10 00:00:00+05:00,2024,9,10,1,False,Autumn,Lahore,Punjab,31.5204,74.3587,220.0,25.6045,32.004498,28.771166,29.400003,4.9611754,84.19655,974.38544,25.762835,92.666664,,6.3999977,False,False,Heavy,Calm
2024-09-10 00:00:00+05:00,2024,9,10,1,False,Autumn,Lahore,Punjab,31.5204,74.3587,220.0,24.7045,30.0545,27.246168,6.3999996,8.029105,86.88715,976.18115,24.800331,70.791664,,5.3500004,False,False,Moderate,Calm
2024-09-10 00:00:00+05:00,2024,9,10,1,False,Autumn,Lahore,Punjab,31.5204,74.3587,220.0,24.9545,33.054497,29.08367,0.0,4.973241,77.037476,976.2663,24.335749,23.416666,,8.099997,False,False,No Rain,Calm
2024-09-10 00:00:00+05:00,2024,9,10,1,False,Autumn,Lahore,Punjab,31.5204,74.3587,220.0,26.2545,34.1045,30.02742,0.0,3.7223942,74.726265,976.42725,24.781584,37.25,,7.8500004,False,False,No Rain,Calm
2024-09-10 00:00:00+05:00,2024,9,10,1,False,Autumn,Lahore,Punjab,31.5204,74.3587,220.0,26.5545,32.504498,29.604502,0.2,4.5797367,79.24801,976.62646,25.50242,77.25,,5.949997,False,False,Light,Calm
2024-09-10 00:00:00+05:00,2024,9,10,1,False,Autumn,Lahore,Punjab,31.5204,74.3587,220.0,26.654501,32.1045,28.919083,2.5,5.910158,80.02786,975.7017,25.006584,88.791664,,5.449999,False,False,Light,Calm
2024-09-10 00:00:00+05:00,2024,9,10,1,False,Autumn,Lahore,Punjab,31.5204,74.3587,220.0,24.654501,32.554497,27.721163,38.8,9.070337,85.990875,974.43866,25.071169,90.041664,,7.899996,False,False,Heavy,Calm
2024-09-10 00:00:00+05:00,2024,9,10,1,False,Autumn,Lahore,Punjab,31.5204,74.3587,220.0,24.8045,31.1045,27.700335,27.600004,14.572411,86.28329,973.5232,25.11075,94.083336,,6.299999,False,False,Heavy,Breezy
2024-09-10 00:00:00+05:00,2024,9,10,1,False,Autumn,Lahore,Punjab,31.5204,74.3587,220.0,26.5545,32.1545,28.552416,11.900002,9.115033,86.293434,976.64825,25.998251,70.25,,5.5999985,False,False,Moderate,Calm
2024-09-10 00:00:00+05:00,2024,9,10,1,False,Autumn,Lahore,Punjab,31.5204,74.3587,220.0,26.5045,32.1545,29.173256,3.0,4.5497684,81.88882,977.1978,25.675331,88.291664,,5.6499996,False,False,Light,Calm
2024-09-10 00:00:00+05:00,2024,9,10,1,False,Autumn,Lahore,Punjab,31.5204,74.3587,220.0,26.7045,35.004498,30.764915,0.1,4.7719035,76.362434,973.82294,25.858665,11.791667,,8.299997,True,False,Light,Calm
2024-09-10 00:00:00+05:00,2024,9,10,1,False,Autumn,Lahore,Punjab,31.5204,74.3587,220.0,27.0545,34.4045,30.67325,0.0,5.4698963,75.389496,972.88525,25.608665,32.583332,,7.3499985,False,False,No Rain,Calm
2024-09-10 00:00:00+05:00,2024,9,10,1,False,Autumn,Lahore,Punjab,31.5204,74.3587,220.0,26.904501,33.254498,29.679499,0.3,7.9122906,78.55036,974.876,25.356583,97.916664,,6.3499966,False,False,Light,Calm
2024-09-10 00:00:00+05:00,2024,9,10,1,False,Autumn,Lahore,Punjab,31.5204,74.3587,220.0,26.2545,32.254498,28.842001,0.8000001,7.2972107,84.62168,974.0493,25.921167,65.291664,,5.999998,False,False,Light,Calm
2024-09-10 00:00:00+05:00,2024,9,10,1,False,Autumn,Lahore,Punjab,31.5204,74.3587,220.0,25.1045,32.7045,28.181581,11.900001,6.265152,86.69401,971.01685,25.639915,70.916664,,7.5999985,False,False,Moderate,Calm
2024-09-10 00:00:00+05:00,2024,9,10,1,False,Autumn,Lahore,Punjab,31.5204,74.3587,220.0,24.7045,32.754498,28.231583,9.800002,4.8432183,86.08604,970.8499,25.581583,70.333336,,8.049997,False,False,Moderate,Calm
2024-09-10 00:00:00+05:00,2024,9,10,1,False,Autumn,Lahore,Punjab,31.5204,74.3587,220.0,24.654501,32.804497,28.98575,10.7,3.349055,81.842995,970.6292,25.381582,70.0,,8.149996,False,False,Moderate,Calm
2024-09-10 00:00:00+05:00,2024,9,10,1,False,Autumn,Lahore,Punjab,31.5204,74.3587,220.0,26.7045,34.6045,30.817001,0.5,2.7897623,79.76482,971.5994,26.714918,37.666668,,7.8999996,False,False,Light,Calm
2024-09-10 00:00:00+05:00,2024,9,10,1,False,Autumn,Lahore,Punjab,31.5204,74.3587,220.0,28.7545,35.054497,31.796167,0.1,3.3296025,76.584656,971.4451,26.985748,56.041668,,6.2999973,True,False,Light,Calm
2024-09-10 00:00:00+05:00,2024,9,10,1,False,Autumn,Lahore,Punjab,31.5204,74.3587,220.0,27.3045,35.754498,31.729498,0.1,4.8694654,76.45477,971.0611,26.800333,23.5,,8.449997,True,False,Light,Calm
2024-09-10 00:00:00+05:00,2024,9,10,1,False,Autumn,Lahore,Punjab,31.5204,74.3587,220.0,26.0545,33.2045,29.987831,13.299999,9.549851,84.20629,971.3841,26.931581,79.5,,7.1499977,False,False,Moderate,Calm
2024-09-10 00:00:00+05:00,2024,9,10,1,False,Autumn,Lahore,Punjab,31.5204,74.3587,220.0,26.0545,31.5045,28.752419,15.900002,9.7506485,85.40136,973.5628,25.967001,57.708332,,5.449999,False,False,Moderate,Calm
2024-09-10 00:00:00+05:00,2024,9,10,1,False,Autumn,Lahore,Punjab,31.5204,74.3587,220.0,26.3545,30.8545,28.317001,3.7,8.681932,85.4623,974.1504,25.6045,68.916664,,4.5,False,False,Light,Calm
2024-09-10 00:00:00+05:00,2024,9,10,1,False,Autumn,Lahore,Punjab,31.5204,74.3587,220.0,26.0045,29.8045,27.300333,17.8,7.388473,92.12063,974.62134,25.881586,99.166664,,3.8000011,False,False,Moderate,Calm
2024-09-10 00:00:00+05:00,2024,9,10,1,False,Autumn,Lahore,Punjab,31.5204,74.3587,220.0,26.0045,32.6045,28.977415,0.2,4.640088,84.527725,974.9458,25.935747,59.083332,,6.6000004,False,False,Light,Calm
2024-09-10 00:00:00+05:00,2024,9,10,1,False,Autumn,Lahore,Punjab,31.5204,74.3587,220.0,26.3045,34.2045,30.014921,2.2,4.1864524,82.34691,975.719,26.498247,29.708334,,7.8999977,False,False,Light,Calm
2024-09-10 00:00:00+05:00,2024,9,10,1,False,Autumn,Lahore,Punjab,31.5204,74.3587,220.0,25.6045,35.1045,30.504501,0.2,6.2295814,77.05993,976.3145,25.810751,43.875,,9.5,True,False,Light,Calm
2024-09-10 00:00:00+05:00,2024,9,10,1,False,Autumn,Lahore,Punjab,31.5204,74.3587,220.0,26.0045,34.1545,29.844086,1.8,7.3304124,79.31913,976.2869,25.723251,51.666668,,8.15,False,False,Light,Calm
2024-09-10 00:00:00+05:00,2024,9,10,1,False,Autumn,Lahore,Punjab,31.5204,74.3587,220.0,24.7045,33.7045,28.837831,0.5,6.5980945,80.06515,977.5752,24.856585,13.916667,,8.999998,False,False,Light,Calm
2024-09-10 00:00:00+05:00,2024,9,10,1,False,Autumn,Lahore,Punjab,31.5204,74.3587,220.0,25.3545,34.6545,29.625334,0.1,5.3627014,78.39493,976.7197,25.162834,8.125,,9.299999,False,False,Light,Calm
2024-09-10 00:00:00+05:00,2024,9,10,1,False,Autumn,Lahore,Punjab,31.5204,74.3587,220.0,26.5045,36.054497,31.033667,0.8,5.907334,73.459175,977.1893,25.3545,28.208334,,9.549997,True,False,Light,Calm
2024-09-10 00:00:00+05:00,2024,9,10,1,False,Autumn,Lahore,Punjab,31.5204,74.3587,220.0,26.654501,34.7045,30.014917,3.3,5.4159484,77.99259,979.66626,25.600334,26.708334,,8.049997,False,False,Light,Calm
2024-09-10 00:00:00+05:00,2024,9,10,1,False,Autumn,Lahore,Punjab,31.5204,74.3587,220.0,27.1045,35.7045,31.317,0.3,3.1479027,73.50868,978.1551,25.692003,27.708334,,8.599998,True,False,Light,Calm
2024-09-10 00:00:00+05:00,2024,9,10,1,False,Autumn,Lahore,Punjab,31.5204,74.3587,220.0,27.9545,37.3545,32.40867,0.0,6.3889294,66.981064,976.1469,24.987831,78.541664,,9.4,True,False,No Rain,Calm
2024-09-10 00:00:00+05:00,2024,9,10,1,False,Autumn,Lahore,Punjab,31.5204,74.3587,220.0,27.0545,30.2545,28.539917,19.3,6.0468764,84.07552,976.0461,25.512833,99.75,,3.1999989,False,False,Moderate,Calm
2024-09-10 00:00:00+05:00,2024,9,10,1,False,Autumn,Lahore,Punjab,31.5204,74.3587,220.0,26.5545,35.504498,30.91075,0.2,4.336958,74.94292,975.35425,25.564917,88.208336,,8.949997,True,False,Light,Calm
2024-09-10 00:00:00+05:00,2024,9,10,1,False,Autumn,Lahore,Punjab,31.5204,74.3587,220.0,26.5545,29.404501,28.16075,15.5,6.5320206,87.38592,978.3851,25.833664,100.0,,2.8500004,False,False,Moderate,Calm
2024-09-10 00:00:00+05:00,2024,9,10,1,False,Autumn,Lahore,Punjab,31.5204,74.3587,220.0,25.904501,32.554497,28.929502,0.4,3.665899,82.566505,977.86035,25.471163,90.125,,6.649996,False,False,Light,Calm
2024-09-10 00:00:00+05:00,2024,9,10,1,False,Autumn,Lahore,Punjab,31.5204,74.3587,220.0,26.654501,33.254498,29.964918,1.6000001,5.1345024,80.82481,976.1059,26.175331,50.833332,,6.5999966,False,False,Light,Calm
2024-09-10 00:00:00+05:00,2024,9,10,1,False,Autumn,Lahore,Punjab,31.5204,74.3587,220.0,26.5045,33.9045,29.769087,0.3,8.711063,80.71644,977.35406,25.908667,73.666664,,7.3999996,False,False,Light,Calm
2024-09-10 00:00:00+05:00,2024,9,10,1,False,Autumn,Lahore,Punjab,31.5204,74.3587,220.0,24.654501,29.9545,27.906584,11.300001,8.254495,88.091774,979.58344,25.71283,83.833336,,5.299999,False,False,Moderate,Calm
2024-09-10 00:00:00+05:00,2024,9,10,1,False,Autumn,Lahore,Punjab,31.5204,74.3587,220.0,26.2045,34.004498,29.862833,0.0,5.570393,77.90211,978.31665,25.264917,38.625,,7.7999973,False,False,No Rain,Calm
2024-09-10 00:00:00+05:00,2024,9,10,1,False,Autumn,Lahore,Punjab,31.5204,74.3587,220.0,24.8545,32.304497,28.394083,15.599999,6.564255,82.43772,977.858,24.939917,22.208334,,7.449997,False,False,Moderate,Calm
2024-09-10 00:00:00+05:00,2024,9,10,1,False,Autumn,Lahore,Punjab,31.5204,74.3587,220.0,25.3045,33.4545,29.431585,0.2,4.134274,79.09116,977.7898,25.181587,5.6666665,,8.149998,False,False,Light,Calm
2024-09-10 00:00:00+05:00,2024,9,10,1,False,Autumn,Lahore,Punjab,31.5204,74.3587,220.0,26.4545,34.004498,30.279501,0.1,3.0419524,77.22761,974.67084,25.623251,9.25,,7.5499973,False,False,Light,Calm
2024-09-10 00:00:00+05:00,2024,9,10,1,False,Autumn,Lahore,Punjab,31.5204,74.3587,220.0,25.654501,32.754498,29.081581,14.1,8.094707,83.998985,974.54,26.010752,48.791668,,7.0999966,False,False,Moderate,Calm
2024-09-10 00:00:00+05:00,2024,9,10,1,False,Autumn,Lahore,Punjab,31.5204,74.3587,220.0,24.9545,29.6045,26.93992,12.799999,7.230112,87.9231,976.8554,24.706587,99.541664,,4.6499996,False,False,Moderate,Calm
2024-09-10 00:00:00+05:00,2024,9,10,1,False,Autumn,Lahore,Punjab,31.5204,74.3587,220.0,22.8045,25.404501,24.314917,55.699997,9.110066,93.75381,977.0961,23.239914,99.416664,,2.6000004,False,False,Heavy,Calm
2024-09-10 00:00:00+05:00,2024,9,10,1,False,Autumn,Lahore,Punjab,31.5204,74.3587,220.0,23.0045,28.7045,25.560753,50.399994,9.684343,90.29754,976.9704,23.825335,95.458336,,5.700001,False,False,Heavy,Calm
2024-09-10 00:00:00+05:00,2024,9,10,1,False,Autumn,Lahore,Punjab,31.5204,74.3587,220.0,24.904501,31.3045,27.589918,15.099999,7.445666,86.75626,977.7037,25.050331,55.916668,,6.3999996,False,False,Moderate,Calm
2024-09-10 00:00:00+05:00,2024,9,10,1,False,Autumn,Lahore,Punjab,31.5204,74.3587,220.0,25.3045,33.1545,29.042,0.4,4.961964,83.88026,976.8323,25.817003,21.541666,,7.8499985,False,False,Light,Calm
2024-09-10 00:00:00+05:00,2024,9,10,1,False,Autumn,Lahore,Punjab,31.5204,74.3587,220.0,24.8545,32.4545,28.319084,11.2,8.0947485,87.24595,977.7465,25.906584,61.333332,,7.5999985,False,False,Moderate,Calm
2024-09-10 00:00:00+05:00,2024,9,10,1,False,Autumn,Lahore,Punjab,31.5204,74.3587,220.0,25.0045,29.1045,26.696167,33.699997,9.042911,90.82189,980.25323,25.035751,95.416664,,4.1000004,False,False,Heavy,Calm
2024-09-10 00:00:00+05:00,2024,9,10,1,False,Autumn,Lahore,Punjab,31.5204,74.3587,220.0,24.5545,26.5545,25.352417,25.6,8.145441,94.01675,978.16486,24.306585,89.083336,,2.0,False,False,Heavy,Calm
2024-09-10 00:00:00+05:00,2024,9,10,1,False,Autumn,Lahore,Punjab,31.5204,74.3587,220.0,22.5545,29.1045,25.619081,25.100002,11.181558,87.108,975.47925,23.2295,75.375,,6.549999,False,False,Heavy,Breezy
2024-09-10 00:00:00+05:00,2024,9,10,1,False,Autumn,Lahore,Punjab,31.5204,74.3587,220.0,22.7545,27.7045,24.977417,63.09999,11.317061,86.5058,976.82916,22.496168,77.458336,,4.950001,False,False,Heavy,Breezy
2024-09-10 00:00:00+05:00,2024,9,10,1,False,Autumn,Lahore,Punjab,31.5204,74.3587,220.0,22.5545,28.904501,25.175333,3.1999998,8.8723345,86.61083,978.7955,22.696167,54.583332,,6.3500004,False,False,Light,Calm
2024-09-10 00:00:00+05:00,2024,9,10,1,False,Autumn,Lahore,Punjab,31.5204,74.3587,220.0,22.5545,30.904501,26.633669,0.4,6.658453,85.46598,980.645,23.804502,25.583334,,8.35,False,False,Light,Calm
2024-09-10 00:00:00+05:00,2024,9,10,1,False,Autumn,Lahore,Punjab,31.5204,74.3587,220.0,24.0045,32.554497,28.373247,0.0,2.8079364,80.271614,980.3183,24.314917,35.25,,8.549997,False,False,No Rain,Calm
2024-09-10 00:00:00+05:00,2024,9,10,1,False,Autumn,Lahore,Punjab,31.5204,74.3587,220.0,26.0045,32.7045,28.83992,0.2,4.317866,78.91363,980.65765,24.610748,65.125,,6.699999,False,False,Light,Calm
2024-09-10 00:00:00+05:00,2024,9,10,1,False,Autumn,Lahore,Punjab,31.5204,74.3587,220.0,25.404501,31.3545,27.55242,4.299999,5.2657747,86.414185,980.11505,24.985748,99.5,,5.949999,False,False,Light,Calm
2024-09-10 00:00:00+05:00,2024,9,10,1,False,Autumn,Lahore,Punjab,31.5204,74.3587,220.0,23.8045,30.4545,26.496168,6.9999995,5.4296,90.02082,980.6673,24.66908,74.75,,6.6499996,False,False,Moderate,Calm
2024-09-10 00:00:00+05:00,2024,9,10,1,False,Autumn,Lahore,Punjab,31.5204,74.3587,220.0,24.404501,32.1545,28.098253,0.8,3.7800293,83.50613,981.9712,24.844086,12.166667,,7.749998,False,False,Light,Calm
2024-09-10 00:00:00+05:00,2024,9,10,1,False,Autumn,Lahore,Punjab,31.5204,74.3587,220.0,26.0545,32.554497,28.900337,0.0,7.560549,78.342804,980.752,24.527418,3.7083333,,6.499996,False,False,No Rain,Calm
2024-09-10 00:00:00+05:00,2024,9,10,1,False,Autumn,Lahore,Punjab,31.5204,74.3587,220.0,24.8045,32.504498,28.427416,0.0,5.869699,78.78845,979.4982,24.189917,2.5,,7.699997,False,False,No Rain,Calm
2024-09-10 00:00:00+05:00,2024,9,10,1,False,Autumn,Lahore,Punjab,31.5204,74.3587,220.0,25.404501,32.6545,28.925331,0.0,4.7363935,77.87822,980.823,24.450333,5.9166665,,7.249998,False,False,No Rain,Calm
2024-09-10 00:00:00+05:00,2024,9,10,1,False,Autumn,Lahore,Punjab,31.5204,74.3587,220.0,25.3545,33.554497,29.494081,0.0,3.0390103,75.60302,981.2624,24.439919,3.4166667,,8.199997,False,False,No Rain,Calm
2024-09-10 00:00:00+05:00,2024,9,10,1,False,Autumn,Lahore,Punjab,31.5204,74.3587,220.0,25.5545,34.504498,30.0045,0.0,3.4727135,72.27685,980.6198,24.083664,3.2083333,,8.949997,False,False,No Rain,Calm
2024-09-10 00:00:00+05:00,2024,9,10,1,False,Autumn,Lahore,Punjab,31.5204,74.3587,220.0,26.2045,34.7045,30.225332,0.0,4.3153853,72.45525,978.6216,24.45033,10.291667,,8.499998,False,False,No Rain,Calm
2024-09-10 00:00:00+05:00,2024,9,10,1,False,Autumn,Lahore,Punjab,31.5204,74.3587,220.0,25.2545,34.1045,29.933668,0.3,6.1447144,72.39048,978.98486,24.119081,11.791667,,8.85,False,False,Light,Calm
2024-09-10 00:00:00+05:00,2024,9,10,1,False,Autumn,Lahore,Punjab,31.5204,74.3587,220.0,25.4545,35.3545,30.704504,0.0,3.8405921,66.88076,979.7117,23.342001,5.1666665,,9.9,True,False,No Rain,Calm
2024-09-10 00:00:00+05:00,2024,9,10,1,False,Autumn,Lahore,Punjab,31.5204,74.3587,220.0,25.654501,35.6045,30.941996,0.0,5.2004614,64.27512,979.83234,22.935747,11.041667,,9.949999,True,False,No Rain,Calm
2024-09-10 00:00:00+05:00,2024,9,10,1,False,Autumn,Lahore,Punjab,31.5204,74.3587,220.0,23.904501,36.304497,30.0045,0.3,3.950538,64.552505,980.9444,21.985748,21.375,,12.399996,True,False,Light,Calm
2024-09-10 00:00:00+05:00,2024,9,10,1,False,Autumn,Lahore,Punjab,31.5204,74.3587,220.0,25.154501,37.1545,30.956587,0.0,3.781813,61.181217,980.53906,21.364914,4.875,,11.999998,True,False,No Rain,Calm
2024-09-10 00:00:00+05:00,2024,9,10,1,False,Autumn,Lahore,Punjab,31.5204,74.3587,220.0,26.904501,37.4545,32.04408,0.0,4.9968786,54.960407,979.3781,21.137833,3.1666667,,10.549997,True,False,No Rain,Calm
2024-09-10 00:00:00+05:00,2024,9,10,1,False,Autumn,Lahore,Punjab,31.5204,74.3587,220.0,26.4545,37.804497,32.306583,0.0,5.766004,51.474293,979.90674,19.925331,1.7916666,,11.349997,True,False,No Rain,Calm
2024-09-10 00:00:00+05:00,2024,9,10,1,False,Autumn,Lahore,Punjab,31.5204,74.3587,220.0,26.904501,37.6045,32.262833,0.0,5.9931073,48.222763,979.65936,18.946165,0.041666668,,10.699999,True,False,No Rain,Calm
2024-09-10 00:00:00+05:00,2024,9,10,1,False,Autumn,Lahore,Punjab,31.5204,74.3587,220.0,26.4545,36.9545,31.692001,0.0,5.667565,53.15524,978.1958,20.296164,0.45833334,,10.499998,True,False,No Rain,Calm
2024-09-10 00:00:00+05:00,2024,9,10,1,False,Autumn,Lahore,Punjab,31.5204,74.3587,220.0,26.4545,37.304497,31.660753,0.0,4.0797834,52.281006,979.2867,19.731583,3.0416667,,10.849997,True,False,No Rain,Calm
2024-09-10 00:00:00+05:00,2024,9,10,1,False,Autumn,Lahore,Punjab,31.5204,74.3587,220.0,27.5045,36.754498,31.831583,0.0,4.9576025,54.806046,980.7161,21.152416,0.0,,9.249998,True,False,No Rain,Calm
2024-09-10 00:00:00+05:00,2024,9,10,1,False,Autumn,Lahore,Punjab,31.5204,74.3587,220.0,25.9545,37.754498,31.627419,0.0,4.4578094,52.49777,982.8489,19.714916,0.16666667,,11.799997,True,False,No Rain,Calm
2024-09-10 00:00:00+05:00,2024,9,10,1,False,Autumn,Lahore,Punjab,31.5204,74.3587,220.0,25.2045,35.7045,31.012833,0.0,4.282301,58.038746,981.9638,21.552414,2.0416667,,10.499998,True,False,No Rain,Calm
2024-09-10 00:00:00+05:00,2024,9,10,1,False,Autumn,Lahore,Punjab,31.5204,74.3587,220.0,26.1045,34.9545,30.660751,0.1,3.6838357,65.43812,980.30664,23.079498,10.375,,8.849998,False,False,Light,Calm
2024-09-10 00:00:00+05:00,2024,9,10,1,False,Autumn,Lahore,Punjab,31.5204,74.3587,220.0,25.7545,36.9545,31.171164,0.0,3.6725852,60.878902,978.1987,21.667,6.7083335,,11.199999,True,False,No Rain,Calm
2024-09-10 00:00:00+05:00,2024,9,10,1,False,Autumn,Lahore,Punjab,31.5204,74.3587,220.0,24.8545,34.254498,29.644083,0.0,5.772707,64.43199,978.39233,21.804499,10.083333,,9.399998,False,False,No Rain,Calm
2024-09-10 00:00:00+05:00,2024,9,10,1,False,Autumn,Lahore,Punjab,31.5204,74.3587,220.0,23.1045,34.9545,29.239912,1.5,5.496345,66.80935,981.87085,21.810747,9.25,,11.849998,False,False,Light,Calm
2024-09-10 00:00:00+05:00,2024,9,10,1,False,Autumn,Lahore,Punjab,31.5204,74.3587,220.0,22.6045,31.3545,27.327417,1.0,6.3619466,73.24392,985.5989,21.817,13.625,,8.75,False,False,Light,Calm
2024-09-10 00:00:00+05:00,2024,9,10,1,False,Autumn,Lahore,Punjab,31.5204,74.3587,220.0,23.5045,31.404501,26.731585,2.2,5.8232,69.78071,983.49347,20.502417,14.625,,7.9000015,False,False,Light,Calm
2024-09-10 00:00:00+05:00,2024,9,10,1,False,Autumn,Lahore,Punjab,31.5204,74.3587,220.0,20.2045,28.404501,24.43367,11.900001,6.825376,71.42585,981.87036,18.691998,19.083334,,8.200001,False,False,Moderate,Calm
2024-09-10 00:00:00+05:00,2024,9,10,1,False,Autumn,Lahore,Punjab,31.5204,74.3587,220.0,18.2545,23.654501,20.977411,15.5,9.480699,87.80418,983.4983,18.779501,79.916664,,5.4000015,False,False,Moderate,Calm
2024-09-10 00:00:00+05:00,2024,9,10,1,False,Autumn,Lahore,Punjab,31.5204,74.3587,220.0,17.5045,25.5045,20.804499,4.0,6.8552876,82.38606,985.4968,17.446165,43.333332,,8.0,False,False,Light,Calm
2024-09-10 00:00:00+05:00,2024,9,10,1,False,Autumn,Lahore,Punjab,31.5204,74.3587,220.0,17.8045,26.8045,21.935747,0.0,4.6397905,77.59092,986.88007,17.42325,17.875,,9.0,False,False,No Rain,Calm
2024-09-10 00:00:00+05:00,2024,9,10,1,False,Autumn,Lahore,Punjab,31.5204,74.3587,220.0,19.0545,27.7045,22.923248,0.0,3.5092146,69.35464,988.154,16.608664,2.0416667,,8.65,False,False,No Rain,Calm
2024-09-10 00:00:00+05:00,2024,9,10,1,False,Autumn,Lahore,Punjab,31.5204,74.3587,220.0,19.1045,29.2545,23.894083,0.0,4.3607316,67.02116,986.3575,16.935747,2.25,,10.15,False,False,No Rain,Calm
2024-09-10 00:00:00+05:00,2024,9,10,1,False,Autumn,Lahore,Punjab,31.5204,74.3587,220.0,19.8545,29.8545,24.525335,0.0,5.543628,65.18643,986.7032,17.167002,0.0,,10.0,False,False,No Rain,Calm
2024-09-10 00:00:00+05:00,2024,9,10,1,False,Autumn,Lahore,Punjab,31.5204,74.3587,220.0,20.404501,30.654501,25.106583,0.0,4.9788194,61.398746,986.0441,16.621164,0.0,,10.25,False,False,No Rain,Calm
2024-09-10 00:00:00+05:00,2024,9,10,1,False,Autumn,Lahore,Punjab,31.5204,74.3587,220.0,19.654501,31.3045,25.041998,0.0,3.400944,59.18984,986.7735,15.762832,0.0,,11.65,False,False,No Rain,Calm
2024-09-10 00:00:00+05:00,2024,9,10,1,False,Autumn,Lahore,Punjab,31.5204,74.3587,220.0,19.654501,31.6045,25.577415,0.0,3.075775,57.519733,985.7654,15.7295,0.0,,11.949999,False,False,No Rain,Calm
2024-09-10 00:00:00+05:00,2024,9,10,1,False,Autumn,Lahore,Punjab,31.5204,74.3587,220.0,20.0545,32.254498,25.975336,0.0,3.153021,57.327488,986.1719,15.989914,5.5833335,,12.199997,False,False,No Rain,Calm
2024-09-10 00:00:00+05:00,2024,9,10,1,False,Autumn,Lahore,Punjab,31.5204,74.3587,220.0,21.2545,32.004498,26.425333,0.0,3.4230373,54.783535,986.18555,15.750332,0.0,,10.749998,False,False,No Rain,Calm
2024-09-10 00:00:00+05:00,2024,9,10,1,False,Autumn,Lahore,Punjab,31.5204,74.3587,220.0,20.7045,32.1545,26.248247,0.0,3.0514734,56.91495,987.434,16.114916,0.0,,11.449999,False,False,No Rain,Calm
2024-09-10 00:00:00+05:00,2024,9,10,1,False,Autumn,Lahore,Punjab,31.5204,74.3587,220.0,20.654501,32.1045,26.194084,0.0,3.186947,57.776768,986.9908,16.302416,0.9583333,,11.449999,False,False,No Rain,Calm
2024-09-10 00:00:00+05:00,2024,9,10,1,False,Autumn,Lahore,Punjab,31.5204,74.3587,220.0,20.0545,32.304497,25.942,0.0,3.6404896,59.92631,986.4287,16.523249,0.041666668,,12.249996,False,False,No Rain,Calm
2024-09-10 00:00:00+05:00,2024,9,10,1,False,Autumn,Lahore,Punjab,31.5204,74.3587,220.0,20.2045,32.554497,25.871164,0.0,2.9381583,52.6693,986.62213,13.979499,0.5833333,,12.349997,False,False,No Rain,Calm
2024-09-10 00:00:00+05:00,2024,9,10,1,False,Autumn,Lahore,Punjab,31.5204,74.3587,220.0,19.7045,31.904501,25.727417,0.0,5.1334558,49.167236,988.18286,12.952416,6.25,,12.200001,False,False,No Rain,Calm
2024-09-10 00:00:00+05:00,2024,9,10,1,False,Autumn,Lahore,Punjab,31.5204,74.3587,220.0,19.8045,31.3545,25.09825,0.0,5.0621247,51.33516,988.3545,13.173251,1.0833334,,11.549999,False,False,No Rain,Calm
2024-09-10 00:00:00+05:00,2024,9,10,1,False,Autumn,Lahore,Punjab,31.5204,74.3587,220.0,19.3545,32.304497,25.237833,0.0,3.5632305,54.089794,987.4263,13.7795,0.6666667,,12.949997,False,False,No Rain,Calm
2024-09-10 00:00:00+05:00,2024,9,10,1,False,Autumn,Lahore,Punjab,31.5204,74.3587,220.0,19.1045,32.2045,25.264914,0.0,3.146829,60.10411,987.2132,15.673249,2.2083333,,13.099998,False,False,No Rain,Calm
2024-09-10 00:00:00+05:00,2024,9,10,1,False,Autumn,Lahore,Punjab,31.5204,74.3587,220.0,19.0545,31.9545,24.885756,0.0,3.1355133,62.695217,986.6907,16.302416,0.7916667,,12.9,False,False,No Rain,Calm
2024-09-10 00:00:00+05:00,2024,9,10,1,False,Autumn,Peshawar,KPK,34.0151,71.5249,349.0,23.836,33.236,27.825584,0.0,4.020167,73.62113,962.73267,22.323502,12.166667,,9.4,False,False,No Rain,Calm
2024-09-10 00:00:00+05:00,2024,9,10,1,False,Autumn,Peshawar,KPK,34.0151,71.5249,349.0,23.536,33.986,28.210997,0.0,4.8871913,71.10111,963.56915,21.967249,6.75,,10.450001,False,False,No Rain,Calm
2024-09-10 00:00:00+05:00,2024,9,10,1,False,Autumn,Peshawar,KPK,34.0151,71.5249,349.0,23.636,35.886,29.150581,0.0,5.2019353,65.1575,960.7962,21.335999,0.9583333,,12.250002,True,False,No Rain,Calm
2024-09-10 00:00:00+05:00,2024,9,10,1,False,Autumn,Peshawar,KPK,34.0151,71.5249,349.0,23.986,33.586002,28.600584,0.0,5.000303,67.20485,960.5141,21.629747,7.6666665,,9.600002,False,False,No Rain,Calm
2024-09-10 00:00:00+05:00,2024,9,10,1,False,Autumn,Peshawar,KPK,34.0151,71.5249,349.0,21.636,30.586,25.152662,16.5,7.942364,75.060036,963.85126,20.104748,58.166668,,8.950001,False,False,Moderate,Calm
2024-09-10 00:00:00+05:00,2024,9,10,1,False,Autumn,Peshawar,KPK,34.0151,71.5249,349.0,20.685999,33.236,26.692247,0.3,3.9828558,63.983685,964.4288,18.738083,17.416666,,12.550001,False,False,Light,Calm
2024-09-10 00:00:00+05:00,2024,9,10,1,False,Autumn,Peshawar,KPK,34.0151,71.5249,349.0,20.286,33.936,27.05892,0.0,3.5816023,66.11503,965.50446,19.752668,14.083333,,13.650002,False,False,No Rain,Calm
2024-09-10 00:00:00+05:00,2024,9,10,1,False,Autumn,Peshawar,KPK,34.0151,71.5249,349.0,22.286,34.636,27.835999,0.0,3.7532263,59.231403,967.0327,18.01308,14.916667,,12.350002,False,False,No Rain,Calm
2024-09-10 00:00:00+05:00,2024,9,10,1,False,Autumn,Peshawar,KPK,34.0151,71.5249,349.0,20.685999,34.686,27.20475,0.0,3.661401,58.357372,966.72687,17.665167,6.6666665,,14.000002,False,False,No Rain,Calm
2024-09-10 00:00:00+05:00,2024,9,10,1,False,Autumn,Peshawar,KPK,34.0151,71.5249,349.0,21.786,35.936,28.131834,0.0,4.4834304,58.283344,967.49713,18.440166,2.375,,14.150002,True,False,No Rain,Calm
2024-09-10 00:00:00+05:00,2024,9,10,1,False,Autumn,Peshawar,KPK,34.0151,71.5249,349.0,20.986,35.686,27.777664,0.0,4.5720954,57.032444,965.5529,17.856833,0.0,,14.700001,True,False,No Rain,Calm
2024-09-10 00:00:00+05:00,2024,9,10,1,False,Autumn,Peshawar,KPK,34.0151,71.5249,349.0,22.136,34.636,28.304749,0.0,4.6512423,67.66289,966.592,21.31725,0.0,,12.500002,False,False,No Rain,Calm
2024-09-10 00:00:00+05:00,2024,9,10,1,False,Autumn,Peshawar,KPK,34.0151,71.5249,349.0,24.685999,35.436,29.571417,0.0,5.479431,66.40589,966.41095,22.24225,0.0,,10.750002,True,False,No Rain,Calm
2024-09-10 00:00:00+05:00,2024,9,10,1,False,Autumn,Peshawar,KPK,34.0151,71.5249,349.0,25.036,35.786003,30.173506,0.0,4.9962277,66.341515,966.64307,22.840166,0.0,,10.750004,True,False,No Rain,Calm
2024-09-10 00:00:00+05:00,2024,9,10,1,False,Autumn,Peshawar,KPK,34.0151,71.5249,349.0,25.836,36.436,30.544333,0.0,6.0416913,66.52906,964.76166,23.177668,0.0,,10.6,True,False,No Rain,Calm
2024-09-10 00:00:00+05:00,2024,9,10,1,False,Autumn,Peshawar,KPK,34.0151,71.5249,349.0,25.536,36.636,30.723503,0.0,5.144531,66.3595,964.37897,23.192247,3.3333333,,11.100002,True,False,No Rain,Calm
2024-09-10 00:00:00+05:00,2024,9,10,1,False,Autumn,Peshawar,KPK,34.0151,71.5249,349.0,25.486,33.736,28.790169,2.1999998,7.4536567,71.086655,964.7176,22.735998,22.75,,8.25,False,False,Light,Calm
2024-09-10 00:00:00+05:00,2024,9,10,1,False,Autumn,Peshawar,KPK,34.0151,71.5249,349.0,21.486,27.935999,24.252668,25.6,6.038985,77.63973,966.6206,19.94225,66.083336,,6.449999,False,False,Heavy,Calm
2024-09-10 00:00:00+05:00,2024,9,10,1,False,Autumn,Peshawar,KPK,34.0151,71.5249,349.0,20.935999,30.886,26.154745,0.0,5.5290465,67.11831,967.5992,19.171417,12.916667,,9.950001,False,False,No Rain,Calm
2024-09-10 00:00:00+05:00,2024,9,10,1,False,Autumn,Peshawar,KPK,34.0151,71.5249,349.0,21.736,33.086002,27.104752,0.0,4.0462136,63.681965,970.2132,18.938082,12.5,,11.350002,False,False,No Rain,Calm
2024-09-10 00:00:00+05:00,2024,9,10,1,False,Autumn,Peshawar,KPK,34.0151,71.5249,349.0,21.536,34.986,27.386003,0.0,3.861149,60.261395,969.16534,18.221415,4.9583335,,13.450001,False,False,No Rain,Calm
2024-09-10 00:00:00+05:00,2024,9,10,1,False,Autumn,Peshawar,KPK,34.0151,71.5249,349.0,20.836,35.036003,27.004753,0.0,4.460541,60.376236,965.66284,17.540167,0.33333334,,14.200003,True,False,No Rain,Calm
2024-09-10 00:00:00+05:00,2024,9,10,1,False,Autumn,Peshawar,KPK,34.0151,71.5249,349.0,21.435999,34.986,27.127665,0.0,4.146215,59.80197,965.8161,17.9235,0.0,,13.550001,False,False,No Rain,Calm
2024-09-10 00:00:00+05:00,2024,9,10,1,False,Autumn,Peshawar,KPK,34.0151,71.5249,349.0,20.935999,34.836002,27.194334,0.0,5.0826383,53.483448,964.7441,16.344334,0.0,,13.900003,False,False,No Rain,Calm
2024-09-10 00:00:00+05:00,2024,9,10,1,False,Autumn,Peshawar,KPK,34.0151,71.5249,349.0,21.136,33.936,27.221418,0.0,4.661536,64.93992,965.76605,19.469334,7.0833335,,12.800001,False,False,No Rain,Calm
2024-09-10 00:00:00+05:00,2024,9,10,1,False,Autumn,Peshawar,KPK,34.0151,71.5249,349.0,21.636,31.685999,25.417246,6.1,5.073206,73.05541,968.5898,19.867247,26.916666,,10.049999,False,False,Moderate,Calm
2024-09-10 00:00:00+05:00,2024,9,10,1,False,Autumn,Peshawar,KPK,34.0151,71.5249,349.0,19.986,32.036003,25.504753,0.0,4.2423353,61.006474,972.8033,16.633915,13.583333,,12.050003,False,False,No Rain,Calm
2024-09-10 00:00:00+05:00,2024,9,10,1,False,Autumn,Peshawar,KPK,34.0151,71.5249,349.0,19.685999,33.136,25.356833,2.0,7.6706376,54.4893,974.35034,14.198501,53.458332,,13.450003,False,False,Light,Calm
2024-09-10 00:00:00+05:00,2024,9,10,1,False,Autumn,Peshawar,KPK,34.0151,71.5249,349.0,18.536,29.286,23.252668,1.2,7.0561256,62.51183,975.2496,14.758918,24.375,,10.75,False,False,Light,Calm
2024-09-10 00:00:00+05:00,2024,9,10,1,False,Autumn,Peshawar,KPK,34.0151,71.5249,349.0,17.286,31.735998,23.581833,0.0,5.5135975,48.308086,972.5212,11.0026655,15.333333,,14.449999,False,False,No Rain,Calm
2024-09-10 00:00:00+05:00,2024,9,10,1,False,Autumn,Peshawar,KPK,34.0151,71.5249,349.0,16.736,31.985998,23.833918,0.0,4.489522,47.43636,971.0762,11.1901655,3.5416667,,15.249998,False,False,No Rain,Calm
2024-09-10 00:00:00+05:00,2024,9,10,1,False,Autumn,Peshawar,KPK,34.0151,71.5249,349.0,16.486,33.136,24.021414,0.0,3.847561,50.49821,970.4143,11.881833,1.0416666,,16.650002,False,False,No Rain,Calm
2024-09-10 00:00:00+05:00,2024,9,10,1,False,Autumn,Peshawar,KPK,34.0151,71.5249,349.0,17.185999,32.036003,23.725584,0.0,4.1595764,60.676403,970.3138,14.565166,1.75,,14.850004,False,False,No Rain,Calm
2024-09-10 00:00:00+05:00,2024,9,10,1,False,Autumn,Peshawar,KPK,34.0151,71.5249,349.0,18.086,31.735998,24.550581,0.0,3.8507335,62.12209,971.45264,16.11725,4.5833335,,13.649998,False,False,No Rain,Calm
2024-09-10 00:00:00+05:00,2024,9,10,1,False,Autumn,Peshawar,KPK,34.0151,71.5249,349.0,18.836,31.336,24.596415,0.0,4.162845,61.238388,972.7525,15.608917,12.916667,,12.5,False,False,No Rain,Calm
2024-09-10 00:00:00+05:00,2024,9,10,1,False,Autumn,Peshawar,KPK,34.0151,71.5249,349.0,17.435999,32.286003,24.413084,0.0,4.2328362,54.007595,971.0129,13.708916,0.5416667,,14.850004,False,False,No Rain,Calm
2024-09-10 00:00:00+05:00,2024,9,10,1,False,Autumn,Peshawar,KPK,34.0151,71.5249,349.0,17.486,32.086002,24.652666,0.0,4.299643,56.284687,969.4155,14.581834,0.9166667,,14.600002,False,False,No Rain,Calm
2024-09-10 00:00:00+05:00,2024,9,10,1,False,Autumn,Peshawar,KPK,34.0151,71.5249,349.0,17.986,31.735998,24.529749,0.0,4.2863073,57.985477,970.95264,14.852665,3.4583333,,13.749998,False,False,No Rain,Calm
2024-09-10 00:00:00+05:00,2024,9,10,1,False,Autumn,Peshawar,KPK,34.0151,71.5249,349.0,18.136,32.586002,24.465166,0.0,4.1017666,55.233734,971.2198,13.77975,9.916667,,14.450003,False,False,No Rain,Calm
2024-09-10 00:00:00+05:00,2024,9,10,1,False,Autumn,Peshawar,KPK,34.0151,71.5249,349.0,17.435999,32.686,24.085999,0.0,4.9668803,54.204758,971.1534,13.340167,1.0,,15.250002,False,False,No Rain,Calm
2024-09-10 00:00:00+05:00,2024,9,10,1,False,Autumn,Peshawar,KPK,34.0151,71.5249,349.0,17.685999,30.586,23.788086,0.0,4.4517064,66.060265,972.39606,16.525581,5.625,,12.900002,False,False,No Rain,Calm
2024-09-10 00:00:00+05:00,2024,9,10,1,False,Autumn,Peshawar,KPK,34.0151,71.5249,349.0,18.586,31.136,24.27558,0.0,4.9562783,63.265865,973.0708,16.171415,0.7916667,,12.549999,False,False,No Rain,Calm
2024-09-10 00:00:00+05:00,2024,9,10,1,False,Autumn,Peshawar,KPK,34.0151,71.5249,349.0,18.136,29.036,23.13183,1.8000001,3.6906242,72.13782,974.559,17.494333,11.458333,,10.9,False,False,Light,Calm
2024-09-10 00:00:00+05:00,2024,9,10,1,False,Autumn,Peshawar,KPK,34.0151,71.5249,349.0,17.836,27.586,22.217249,0.0,5.546126,68.24084,975.062,15.594331,27.291666,,9.75,False,False,No Rain,Calm
2024-09-10 00:00:00+05:00,2024,9,10,1,False,Autumn,Peshawar,KPK,34.0151,71.5249,349.0,17.636,30.736,24.240166,0.1,3.265233,54.52553,974.36646,13.290168,10.666667,,13.1,False,False,Light,Calm
2024-09-10 00:00:00+05:00,2024,9,10,1,False,Autumn,Peshawar,KPK,34.0151,71.5249,349.0,15.785999,31.735998,23.913084,0.0,4.187451,46.330196,972.3042,11.165165,6.8333335,,15.949999,False,False,No Rain,Calm
2024-09-10 00:00:00+05:00,2024,9,10,1,False,Autumn,Peshawar,KPK,34.0151,71.5249,349.0,17.386,33.136,24.304749,0.0,4.302836,45.07957,971.12134,10.773501,0.083333336,,15.750002,False,False,No Rain,Calm
2024-09-10 00:00:00+05:00,2024,9,10,1,False,Autumn,Peshawar,KPK,34.0151,71.5249,349.0,16.336,31.836,23.060999,0.0,3.7009542,60.334507,969.8907,13.827667,32.791668,,15.5,False,False,No Rain,Calm
2024-09-10 00:00:00+05:00,2024,9,10,1,False,Autumn,Peshawar,KPK,34.0151,71.5249,349.0,17.935999,28.185999,22.713083,2.4,5.329771,66.91207,969.51514,15.7734995,24.833334,,10.25,False,False,Light,Calm
2024-09-10 00:00:00+05:00,2024,9,10,1,False,Autumn,Peshawar,KPK,34.0151,71.5249,349.0,17.336,25.736,21.217249,0.70000005,4.934045,78.0279,971.8934,16.869331,19.791666,,8.4,False,False,Light,Calm
2024-09-10 00:00:00+05:00,2024,9,10,1,False,Autumn,Peshawar,KPK,34.0151,71.5249,349.0,17.286,29.286,22.138083,0.0,4.7897615,63.79771,973.059,13.919332,4.625,,12.0,False,False,No Rain,Calm
2024-09-10 00:00:00+05:00,2024,9,10,1,False,Autumn,Peshawar,KPK,34.0151,71.5249,349.0,13.936,31.486,21.60058,0.0,5.0485005,52.925472,973.404,10.248498,0.0,,17.55,False,False,No Rain,Calm
2024-09-10 00:00:00+05:00,2024,9,10,1,False,Autumn,Peshawar,KPK,34.0151,71.5249,349.0,13.3359995,29.935999,20.396414,0.0,3.2706845,52.39532,972.05304,9.24225,25.458334,,16.599998,False,False,No Rain,Calm
2024-09-10 00:00:00+05:00,2024,9,10,1,False,Autumn,Peshawar,KPK,34.0151,71.5249,349.0,14.186,29.036,20.696417,0.0,2.8979337,67.407196,973.45026,13.494334,23.166666,,14.849999,False,False,No Rain,Calm
2024-09-10 00:00:00+05:00,2024,9,10,1,False,Autumn,Peshawar,KPK,34.0151,71.5249,349.0,16.336,28.636,21.288082,0.0,3.5349286,65.58282,975.2513,13.833917,4.7083335,,12.299999,False,False,No Rain,Calm
2024-09-10 00:00:00+05:00,2024,9,10,1,False,Autumn,Peshawar,KPK,34.0151,71.5249,349.0,14.8359995,29.435999,21.410997,0.0,3.9595602,61.10962,972.9887,12.890166,1.5,,14.599999,False,False,No Rain,Calm
2024-09-10 00:00:00+05:00,2024,9,10,1,False,Autumn,Peshawar,KPK,34.0151,71.5249,349.0,15.785999,28.236,21.540169,0.0,4.114266,68.05048,975.33,14.869332,33.416668,,12.450001,False,False,No Rain,Calm
2024-09-10 00:00:00+05:00,2024,9,10,1,False,Autumn,Peshawar,KPK,34.0151,71.5249,349.0,18.435999,30.136,22.946417,0.0,4.1755033,64.39533,975.3755,15.269333,26.833334,,11.700001,False,False,No Rain,Calm
2024-09-10 00:00:00+05:00,2024,9,10,1,False,Autumn,Peshawar,KPK,34.0151,71.5249,349.0,16.386,28.236,22.002665,0.0,3.6468973,73.52223,974.512,16.631834,47.833332,,11.85,False,False,No Rain,Calm
2024-09-10 00:00:00+05:00,2024,9,10,1,False,Autumn,Peshawar,KPK,34.0151,71.5249,349.0,17.586,29.086,22.271416,0.0,4.271371,73.19094,974.58307,16.692247,38.958332,,11.5,False,False,No Rain,Calm
2024-09-10 00:00:00+05:00,2024,9,10,1,False,Autumn,Peshawar,KPK,34.0151,71.5249,349.0,17.185999,28.586,22.00683,0.0,4.864755,69.729866,974.7526,15.7422495,5.0416665,,11.400002,False,False,No Rain,Calm
2024-09-10 00:00:00+05:00,2024,9,10,1,False,Autumn,Peshawar,KPK,34.0151,71.5249,349.0,16.336,27.486,21.54225,2.4,3.9436827,73.23562,975.0281,15.917249,19.916666,,11.15,False,False,Light,Calm
2024-09-10 00:00:00+05:00,2024,9,10,1,False,Autumn,Peshawar,KPK,34.0151,71.5249,349.0,15.685999,23.036,18.586,11.0,5.6765785,80.806366,975.5982,14.927665,25.583334,,7.3500004,False,False,Moderate,Calm
2024-09-10 00:00:00+05:00,2024,9,10,1,False,Autumn,Peshawar,KPK,34.0151,71.5249,349.0,13.136,26.336,18.846418,0.0,4.3877482,71.41763,975.614,12.683917,8.625,,13.200001,False,False,No Rain,Calm
2024-09-10 00:00:00+05:00,2024,9,10,1,False,Autumn,Peshawar,KPK,34.0151,71.5249,349.0,12.386,24.486,17.802664,0.0,2.0525506,75.085526,972.7902,12.790166,24.5,,12.1,False,False,No Rain,Calm
2024-09-10 00:00:00+05:00,2024,9,10,1,False,Autumn,Peshawar,KPK,34.0151,71.5249,349.0,12.636,22.036,17.071415,0.0,3.4069989,75.85706,975.83453,12.450584,31.583334,,9.4,False,False,No Rain,Calm
2024-09-10 00:00:00+05:00,2024,9,10,1,False,Autumn,Peshawar,KPK,34.0151,71.5249,349.0,13.436,20.636,16.37975,0.5,3.3565323,80.8206,976.16437,12.738083,71.291664,,7.2,False,False,Light,Calm
2024-09-10 00:00:00+05:00,2024,9,10,1,False,Autumn,Peshawar,KPK,34.0151,71.5249,349.0,11.936,21.986,15.888083,0.0,2.5209343,82.12328,974.6018,12.377666,21.375,,10.05,False,False,No Rain,Calm
2024-09-10 00:00:00+05:00,2024,9,10,1,False,Autumn,Peshawar,KPK,34.0151,71.5249,349.0,10.136,23.036,15.265166,0.0,2.873679,76.80712,974.8361,10.650583,0.041666668,,12.9,False,False,No Rain,Calm
2024-09-10 00:00:00+05:00,2024,9,10,1,False,Autumn,Peshawar,KPK,34.0151,71.5249,349.0,8.936,22.435999,14.733917,0.0,1.7713305,72.186295,975.2851,9.110999,23.666666,,13.499999,False,True,No Rain,Calm
2024-09-10 00:00:00+05:00,2024,9,10,1,False,Autumn,Peshawar,KPK,34.0151,71.5249,349.0,8.3359995,21.935999,14.5026655,0.0,1.4549211,72.02744,976.1004,9.058917,2.9166667,,13.599999,False,True,No Rain,Calm
2024-09-10 00:00:00+05:00,2024,9,10,1,False,Autumn,Peshawar,KPK,34.0151,71.5249,349.0,8.486,21.586,14.34225,0.0,1.4306345,71.343346,974.7398,8.871416,2.0833333,,13.1,False,True,No Rain,Calm
2024-09-10 00:00:00+05:00,2024,9,10,1,False,Autumn,Peshawar,KPK,34.0151,71.5249,349.0,9.486,22.185999,15.371418,0.0,1.9689392,70.7973,974.66846,9.7109995,0.33333334,,12.699999,False,True,No Rain,Calm
2024-09-10 00:00:00+05:00,2024,9,10,1,False,Autumn,Peshawar,KPK,34.0151,71.5249,349.0,9.986,21.435999,15.038083,0.0,1.5409368,75.74521,974.1074,10.483917,6.1666665,,11.449999,False,True,No Rain,Calm
2024-09-10 00:00:00+05:00,2024,9,10,1,False,Autumn,Peshawar,KPK,34.0151,71.5249,349.0,10.486,19.886,15.135998,0.3,2.4436018,78.46204,975.15106,11.150584,54.041668,,9.4,False,False,Light,Calm
2024-09-10 00:00:00+05:00,2024,9,10,1,False,Autumn,Peshawar,KPK,34.0151,71.5249,349.0,10.736,21.286,14.94225,1.5,2.9882038,80.793236,976.8059,11.406833,4.125,,10.549999,False,False,Light,Calm
2024-09-10 00:00:00+05:00,2024,9,10,1,False,Autumn,Peshawar,KPK,34.0151,71.5249,349.0,9.035999,21.586,14.263082,0.0,2.4824948,74.93035,975.17267,9.27975,4.0416665,,12.550001,False,True,No Rain,Calm
2024-09-10 00:00:00+05:00,2024,9,10,1,False,Autumn,Peshawar,KPK,34.0151,71.5249,349.0,7.6860003,21.236,13.748498,0.0,1.7380685,71.322685,974.6164,8.175584,0.25,,13.549999,False,True,No Rain,Calm
2024-09-10 00:00:00+05:00,2024,9,10,1,False,Autumn,Peshawar,KPK,34.0151,71.5249,349.0,6.986,21.036,13.544333,0.0,2.222076,69.80305,974.0723,7.6859994,0.0,,14.049999,False,True,No Rain,Calm
2024-09-10 00:00:00+05:00,2024,9,10,1,False,Autumn,Peshawar,KPK,34.0151,71.5249,349.0,7.886,20.486,13.660996,0.0,2.4665048,71.17332,975.8528,8.163085,28.583334,,12.6,False,True,No Rain,Calm
2024-09-10 00:00:00+05:00,2024,9,10,1,False,Autumn,Peshawar,KPK,34.0151,71.5249,349.0,9.3359995,16.435999,12.758916,0.0,2.9960444,75.723045,977.8064,8.467251,78.291664,,7.0999994,False,True,No Rain,Calm
2024-09-10 00:00:00+05:00,2024,9,10,1,False,Autumn,Peshawar,KPK,34.0151,71.5249,349.0,7.9860005,20.386,13.163082,0.0,1.990674,73.387146,975.6174,7.988083,0.7083333,,12.4,False,True,No Rain,Calm
2024-09-10 00:00:00+05:00,2024,9,10,1,False,Autumn,Peshawar,KPK,34.0151,71.5249,349.0,7.7360005,21.136,13.565166,0.0,3.000254,71.70911,973.72394,8.071416,12.375,,13.4,False,True,No Rain,Calm
2024-09-10 00:00:00+05:00,2024,9,10,1,False,Autumn,Peshawar,KPK,34.0151,71.5249,349.0,8.035999,19.536,12.948501,0.0,3.1619627,75.909485,974.87103,8.327668,11.583333,,11.5,False,True,No Rain,Calm
2024-09-10 00:00:00+05:00,2024,9,10,1,False,Autumn,Peshawar,KPK,34.0151,71.5249,349.0,7.636,21.336,13.431832,0.0,2.7010908,69.3212,977.9294,7.156832,6.125,,13.700001,False,True,No Rain,Calm
2024-09-10 00:00:00+05:00,2024,9,10,1,False,Autumn,Peshawar,KPK,34.0151,71.5249,349.0,6.1860003,21.336,12.077664,0.0,3.0698202,65.735405,975.7205,5.0193334,0.25,,15.15,False,True,No Rain,Calm
2024-09-10 00:00:00+05:00,2024,9,10,1,False,Autumn,Peshawar,KPK,34.0151,71.5249,349.0,5.236,19.136,11.475583,0.0,1.2201344,59.99841,973.4665,3.3235,0.0,,13.9,False,True,No Rain,Calm
2024-09-10 00:00:00+05:00,2024,9,10,1,False,Autumn,Peshawar,KPK,34.0151,71.5249,349.0,4.1860003,18.336,10.715167,0.0,2.2652013,58.973923,972.94293,2.2526662,24.083334,,14.15,False,True,No Rain,Calm
2024-09-10 00:00:00+05:00,2024,9,10,1,False,Autumn,Peshawar,KPK,34.0151,71.5249,349.0,4.0360003,17.236,10.169333,0.0,2.130948,61.71338,970.9812,2.490167,24.208334,,13.2,False,True,No Rain,Calm
2024-09-10 00:00:00+05:00,2024,9,10,1,False,Autumn,Peshawar,KPK,34.0151,71.5249,349.0,5.736,18.636,10.448501,0.0,4.021439,59.373226,972.7271,1.6339169,57.0,,12.9,False,True,No Rain,Calm
2024-09-10 00:00:00+05:00,2024,9,10,1,False,Autumn,Peshawar,KPK,34.0151,71.5249,349.0,2.4859998,16.586,8.4735,0.0,4.561073,53.73907,975.69293,-1.6431665,0.083333336,,14.1,False,True,No Rain,Calm
2024-09-10 00:00:00+05:00,2024,9,10,1,False,Autumn,Peshawar,KPK,34.0151,71.5249,349.0,3.386,16.236,8.917251,0.0,1.7951962,60.43741,977.6709,0.95683336,43.25,,12.85,False,True,No Rain,Calm
2024-09-10 00:00:00+05:00,2024,9,10,1,False,Autumn,Peshawar,KPK,34.0151,71.5249,349.0,3.586,16.486,8.977666,0.0,2.0322063,63.710934,976.58936,1.7505833,16.291666,,12.9,False,True,No Rain,Calm
2024-09-10 00:00:00+05:00,2024,9,10,1,False,Autumn,Peshawar,KPK,34.0151,71.5249,349.0,3.386,16.185999,9.088083,0.0,2.8747003,59.861694,976.1352,1.1401666,4.875,,12.799999,False,True,No Rain,Calm
2024-09-10 00:00:00+05:00,2024,9,10,1,False,Autumn,Peshawar,KPK,34.0151,71.5249,349.0,2.6859999,18.586,9.477666,0.0,2.6829941,61.200016,979.30615,1.5151666,10.416667,,15.900001,False,True,No Rain,Calm
2024-09-10 00:00:00+05:00,2024,9,10,1,False,Autumn,Peshawar,KPK,34.0151,71.5249,349.0,4.1860003,18.685999,10.013083,0.0,1.9576136,56.77225,977.05664,1.0547501,49.041668,,14.499998,False,True,No Rain,Calm
2024-09-10 00:00:00+05:00,2024,9,10,1,False,Autumn,Peshawar,KPK,34.0151,71.5249,349.0,3.4359999,16.736,9.277665,0.0,1.6420264,62.206516,977.63257,1.8089167,73.291664,,13.3,False,True,No Rain,Calm
2024-09-10 00:00:00+05:00,2024,9,10,1,False,Autumn,Peshawar,KPK,34.0151,71.5249,349.0,3.086,18.236,9.931834,0.0,1.716967,61.48476,976.64606,2.2630832,39.458332,,15.15,False,True,No Rain,Calm
2024-09-10 00:00:00+05:00,2024,9,10,1,False,Autumn,Peshawar,KPK,34.0151,71.5249,349.0,3.686,17.886,9.529751,0.0,1.7452288,62.359955,976.0608,2.0443332,12.375,,14.2,False,True,No Rain,Calm
2024-09-10 00:00:00+05:00,2024,9,10,1,False,Autumn,Peshawar,KPK,34.0151,71.5249,349.0,4.9360003,16.286,9.386001,0.0,1.6127366,63.49973,975.3089,2.4734998,66.416664,,11.349998,False,True,No Rain,Calm
2024-09-10 00:00:00+05:00,2024,9,10,1,False,Autumn,Peshawar,KPK,34.0151,71.5249,349.0,2.2359998,17.185999,8.4922495,0.0,2.6033494,61.083157,974.5039,0.86516666,0.0,,14.949999,False,True,No Rain,Calm
2024-09-10 00:00:00+05:00,2024,9,10,1,False,Autumn,Peshawar,KPK,34.0151,71.5249,349.0,2.336,16.636,8.483916,0.0,1.8213892,59.18573,976.356,0.53391665,0.0,,14.299999,False,True,No Rain,Calm
2024-09-10 00:00:00+05:00,2024,9,10,1,False,Autumn,Peshawar,KPK,34.0151,71.5249,349.0,1.6859999,15.785999,7.883917,0.0,1.4537023,61.687607,975.247,0.5818333,56.75,,14.099999,False,True,No Rain,Calm
2024-09-10 00:00:00+05:00,2024,9,10,1,False,Autumn,Peshawar,KPK,34.0151,71.5249,349.0,3.7359998,15.5859995,9.431832,0.0,2.1540906,64.4262,974.3459,2.8130834,99.916664,,11.849999,False,True,No Rain,Calm
2024-09-10 00:00:00+05:00,2024,9,10,1,False,Autumn,Peshawar,KPK,34.0151,71.5249,349.0,4.386,15.785999,9.675584,0.0,3.1283739,63.255985,975.89984,2.6651666,29.333334,,11.4,False,True,No Rain,Calm
2024-09-10 00:00:00+05:00,2024,9,10,1,False,Autumn,Peshawar,KPK,34.0151,71.5249,349.0,3.4359999,16.786,9.013084,0.0,1.850447,68.79692,978.0718,2.9901667,0.0,,13.349999,False,True,No Rain,Calm
2024-09-10 00:00:00+05:00,2024,9,10,1,False,Autumn,Peshawar,KPK,34.0151,71.5249,349.0,2.1859999,16.736,8.448499,0.0,1.86614,59.740566,979.5263,0.4359999,9.208333,,14.55,False,True,No Rain,Calm
2024-09-10 00:00:00+05:00,2024,9,10,1,False,Autumn,Peshawar,KPK,34.0151,71.5249,349.0,2.4359999,18.236,9.008918,0.0,2.0387626,61.50858,979.8574,1.2735001,0.5416667,,15.8,False,True,No Rain,Calm
2024-09-10 00:00:00+05:00,2024,9,10,1,False,Autumn,Peshawar,KPK,34.0151,71.5249,349.0,3.4859998,15.186,8.802667,0.0,3.7738655,63.59038,978.6758,1.8714167,15.833333,,11.7,False,True,No Rain,Calm
2024-09-10 00:00:00+05:00,2024,9,10,1,False,Autumn,Peshawar,KPK,34.0151,71.5249,349.0,2.036,15.236,8.375582,0.0,2.706466,74.22379,978.7485,3.7505836,1.2083334,,13.2,False,True,No Rain,Calm
2024-09-10 00:00:00+05:00,2024,9,10,1,False,Autumn,Peshawar,KPK,34.0151,71.5249,349.0,2.886,17.036,9.27975,0.0,2.1647289,72.49762,981.2266,4.0776663,26.083334,,14.15,False,True,No Rain,Calm
2024-09-10 00:00:00+05:00,2024,9,10,1,False,Autumn,Peshawar,KPK,34.0151,71.5249,349.0,3.386,16.986,9.179751,0.0,1.5867437,70.24687,978.2959,3.5860004,13.291667,,13.6,False,True,No Rain,Calm
2024-09-10 00:00:00+05:00,2024,9,10,1,False,Autumn,Peshawar,KPK,34.0151,71.5249,349.0,3.586,17.136,9.706833,0.0,2.4892237,69.74686,979.18463,4.0630836,16.875,,13.549999,False,True,No Rain,Calm
2024-09-10 00:00:00+05:00,2024,9,10,1,False,Autumn,Peshawar,KPK,34.0151,71.5249,349.0,4.736,14.936,9.82975,0.3,1.7601081,71.81396,978.22797,4.7693334,69.5,,10.2,False,True,Light,Calm
2024-09-10 00:00:00+05:00,2024,9,10,1,False,Autumn,Peshawar,KPK,34.0151,71.5249,349.0,7.086,18.185999,11.208916,0.7,3.1427546,66.777214,977.7444,4.6693335,76.416664,,11.099998,False,True,Light,Calm
2024-09-10 00:00:00+05:00,2024,9,10,1,False,Autumn,Peshawar,KPK,34.0151,71.5249,349.0,6.336,18.836,11.313083,0.6,2.5193808,74.035835,977.39386,6.419334,27.5,,12.5,False,True,Light,Calm
2024-09-10 00:00:00+05:00,2024,9,10,1,False,Autumn,Peshawar,KPK,34.0151,71.5249,349.0,6.7860003,13.986,9.869334,2.3999999,3.2553437,77.16694,974.60834,5.8485007,35.875,,7.2,False,True,Light,Calm
2024-09-10 00:00:00+05:00,2024,9,10,1,False,Autumn,Peshawar,KPK,34.0151,71.5249,349.0,4.886,17.636,10.1735,0.0,4.0269723,60.685863,975.687,1.6026667,1.9166666,,12.75,False,True,No Rain,Calm
2024-09-10 00:00:00+05:00,2024,9,10,1,False,Autumn,Peshawar,KPK,34.0151,71.5249,349.0,3.4859998,17.185999,9.325583,0.0,3.0757964,36.368866,978.3144,-6.3181667,1.125,,13.699999,False,True,No Rain,Calm
2024-09-10 00:00:00+05:00,2024,9,10,1,False,Autumn,Peshawar,KPK,34.0151,71.5249,349.0,2.7359998,17.336,9.446416,0.0,2.8786278,28.074167,977.6448,-8.78275,0.29166666,,14.6,False,True,No Rain,Calm
2024-09-10 00:00:00+05:00,2024,9,10,1,False,Autumn,Peshawar,KPK,34.0151,71.5249,349.0,4.336,19.236,10.446416,0.0,4.249443,37.21979,974.2659,-4.3202496,7.5,,14.9,False,True,No Rain,Calm
2024-09-10 00:00:00+05:00,2024,9,10,1,False,Autumn,Peshawar,KPK,34.0151,71.5249,349.0,3.4359999,18.486,9.977667,0.0,1.909561,37.315388,976.61694,-4.8139997,1.875,,15.05,False,True,No Rain,Calm
2024-09-10 00:00:00+05:00,2024,9,10,1,False,Autumn,Peshawar,KPK,34.0151,71.5249,349.0,3.536,19.935999,9.9297495,0.0,2.1867259,41.892708,978.08014,-3.1139996,13.333333,,16.4,False,True,No Rain,Calm
2024-09-10 00:00:00+05:00,2024,9,10,1,False,Autumn,Peshawar,KPK,34.0151,71.5249,349.0,3.536,16.086,8.823499,0.0,3.0896523,51.167007,977.5667,-0.9764996,56.208332,,12.55,False,True,No Rain,Calm
2024-09-10 00:00:00+05:00,2024,9,10,1,False,Autumn,Peshawar,KPK,34.0151,71.5249,349.0,2.9359999,16.386,8.988083,0.0,3.312054,63.504765,980.1108,2.0797503,0.75,,13.45,False,True,No Rain,Calm
2024-09-10 00:00:00+05:00,2024,9,10,1,False,Autumn,Peshawar,KPK,34.0151,71.5249,349.0,2.4359999,17.636,9.008916,0.0,2.118781,60.19927,979.32275,0.5276667,8.416667,,15.2,False,True,No Rain,Calm
2024-09-10 00:00:00+05:00,2024,9,10,1,False,Autumn,Peshawar,KPK,34.0151,71.5249,349.0,3.286,14.886,8.883916,0.0,2.24326,46.748062,977.60944,-2.3285835,90.0,,11.599999,False,True,No Rain,Calm
2024-09-10 00:00:00+05:00,2024,9,10,1,False,Autumn,Peshawar,KPK,34.0151,71.5249,349.0,3.1859999,18.786,10.150584,0.0,2.0089293,46.54292,978.6416,-1.5723337,17.125,,15.599999,False,True,No Rain,Calm
2024-09-10 00:00:00+05:00,2024,9,10,1,False,Autumn,Peshawar,KPK,34.0151,71.5249,349.0,3.9859998,17.036,9.958917,0.0,3.5213318,55.612446,979.45337,0.7693333,37.166668,,13.049999,False,True,No Rain,Calm
2024-09-10 00:00:00+05:00,2024,9,10,1,False,Autumn,Peshawar,KPK,34.0151,71.5249,349.0,4.886,18.236,11.004749,0.0,3.7746227,64.09476,981.7073,3.5234997,75.541664,,13.35,False,True,No Rain,Calm
2024-09-10 00:00:00+05:00,2024,9,10,1,False,Autumn,Peshawar,KPK,34.0151,71.5249,349.0,7.4360003,19.185999,12.527667,0.0,2.6604922,54.292343,976.86865,2.8193333,72.583336,,11.749998,False,True,No Rain,Calm
2024-09-10 00:00:00+05:00,2024,9,10,1,False,Autumn,Peshawar,KPK,34.0151,71.5249,349.0,8.636,14.886,11.379749,0.0,4.763286,56.791885,977.5909,2.8151665,83.25,,6.25,False,True,No Rain,Calm
2024-09-10 00:00:00+05:00,2024,9,10,1,False,Autumn,Peshawar,KPK,34.0151,71.5249,349.0,5.0360003,16.086,10.006833,1.0,3.4049358,65.53009,977.26465,3.1380835,44.791668,,11.05,False,True,Light,Calm
2024-09-10 00:00:00+05:00,2024,9,10,1,False,Autumn,Peshawar,KPK,34.0151,71.5249,349.0,4.386,19.786,11.010999,0.0,2.9717362,63.917377,975.17914,3.1776667,0.041666668,,15.4,False,True,No Rain,Calm
2024-09-10 00:00:00+05:00,2024,9,10,1,False,Autumn,Peshawar,KPK,34.0151,71.5249,349.0,4.2860003,20.435999,11.469333,0.0,4.6053443,47.914524,974.22363,-1.0785834,0.20833333,,16.149998,False,True,No Rain,Calm
2024-09-10 00:00:00+05:00,2024,9,10,1,False,Autumn,Peshawar,KPK,34.0151,71.5249,349.0,5.136,21.086,11.821416,0.0,4.801594,31.907198,976.41876,-5.7223334,0.0,,15.950001,False,True,No Rain,Calm
2024-09-10 00:00:00+05:00,2024,9,10,1,False,Autumn,Peshawar,KPK,34.0151,71.5249,349.0,4.586,21.986,11.125584,0.0,3.495856,32.247967,976.4446,-5.959833,0.125,,17.4,False,True,No Rain,Calm
2024-09-10 00:00:00+05:00,2024,9,10,1,False,Autumn,Peshawar,KPK,34.0151,71.5249,349.0,2.4859998,21.886,10.736,0.0,2.2600868,34.445606,974.4926,-6.061918,0.0,,19.4,False,True,No Rain,Calm
2024-09-10 00:00:00+05:00,2024,9,10,1,False,Autumn,Peshawar,KPK,34.0151,71.5249,349.0,3.086,21.786,11.004749,0.0,1.9621879,38.69632,973.5307,-4.205667,0.16666667,,18.699999,False,True,No Rain,Calm
2024-09-10 00:00:00+05:00,2024,9,10,1,False,Autumn,Peshawar,KPK,34.0151,71.5249,349.0,4.236,21.236,11.604749,0.0,1.6625367,47.222424,972.49274,-1.0244164,0.0,,17.0,False,True,No Rain,Calm
2024-09-10 00:00:00+05:00,2024,9,10,1,False,Autumn,Peshawar,KPK,34.0151,71.5249,349.0,4.836,20.586,12.236001,0.1,2.728957,42.74206,970.88916,-1.1410831,49.375,,15.75,False,True,Light,Calm
2024-09-10 00:00:00+05:00,2024,9,10,1,False,Autumn,Peshawar,KPK,34.0151,71.5249,349.0,8.436,18.935999,13.275582,0.0,6.262701,62.10657,974.0473,5.4443336,47.291668,,10.499999,False,True,No Rain,Calm
2024-09-10 00:00:00+05:00,2024,9,10,1,False,Autumn,Peshawar,KPK,34.0151,71.5249,349.0,5.6860003,19.836,11.9235,0.0,3.6027272,61.4424,973.65356,3.5485003,0.41666666,,14.15,False,True,No Rain,Calm
2024-09-10 00:00:00+05:00,2024,9,10,1,False,Autumn,Peshawar,KPK,34.0151,71.5249,349.0,4.486,20.336,11.84225,0.0,4.304842,48.016266,971.5852,-0.6514999,0.20833333,,15.85,False,True,No Rain,Calm
2024-09-10 00:00:00+05:00,2024,9,10,1,False,Autumn,Peshawar,KPK,34.0151,71.5249,349.0,7.086,19.786,12.046416,0.0,3.293666,45.19501,974.16534,-0.76399976,24.958334,,12.699999,False,True,No Rain,Calm
2024-09-10 00:00:00+05:00,2024,9,10,1,False,Autumn,Peshawar,KPK,34.0151,71.5249,349.0,4.886,21.986,12.071416,0.0,3.2867277,45.809666,976.5391,-1.1910833,1.125,,17.1,False,True,No Rain,Calm
2024-09-10 00:00:00+05:00,2024,9,10,1,False,Autumn,Peshawar,KPK,34.0151,71.5249,349.0,5.6860003,20.935999,12.511001,0.0,3.8505566,42.542824,972.3108,-1.1515001,2.1666667,,15.249998,False,True,No Rain,Calm
2024-09-10 00:00:00+05:00,2024,9,10,1,False,Autumn,Peshawar,KPK,34.0151,71.5249,349.0,7.136,18.935999,12.231832,0.0,6.415174,51.7476,975.71954,1.8047501,12.708333,,11.799999,False,True,No Rain,Calm
2024-09-10 00:00:00+05:00,2024,9,10,1,False,Autumn,Peshawar,KPK,34.0151,71.5249,349.0,5.236,19.685999,11.963084,0.0,3.1341755,41.06843,975.1705,-2.2369168,12.708333,,14.449999,False,True,No Rain,Calm
2024-09-10 00:00:00+05:00,2024,9,10,1,False,Autumn,Peshawar,KPK,34.0151,71.5249,349.0,5.486,20.336,12.335999,0.0,3.0640824,36.93446,978.7798,-4.2952504,18.75,,14.85,False,True,No Rain,Calm
2024-09-10 00:00:00+05:00,2024,9,10,1,False,Autumn,Peshawar,KPK,34.0151,71.5249,349.0,4.986,22.536,12.727668,0.0,2.873413,28.25144,977.3687,-6.8785834,54.541668,,17.55,False,True,No Rain,Calm
2024-09-10 00:00:00+05:00,2024,9,10,1,False,Autumn,Peshawar,KPK,34.0151,71.5249,349.0,7.0360003,24.586,14.6797495,0.0,2.5726764,28.244482,974.9527,-5.111916,41.333332,,17.55,False,True,No Rain,Calm
2024-09-10 00:00:00+05:00,2024,9,10,1,False,Autumn,Peshawar,KPK,34.0151,71.5249,349.0,8.186,24.786,16.133917,0.0,2.9229507,36.5984,974.33,-0.2994167,50.833332,,16.599998,False,True,No Rain,Calm
2024-09-10 00:00:00+05:00,2024,9,10,1,False,Autumn,Peshawar,KPK,34.0151,71.5249,349.0,11.8359995,19.236,15.471417,0.70000005,5.741932,44.05551,974.4401,2.9609997,78.25,,7.4000006,False,False,Light,Calm
2024-09-10 00:00:00+05:00,2024,9,10,1,False,Autumn,Peshawar,KPK,34.0151,71.5249,349.0,8.3359995,19.286,13.200582,0.1,3.2098722,71.92728,975.8411,7.4172497,21.0,,10.95,False,True,Light,Calm
2024-09-10 00:00:00+05:00,2024,9,10,1,False,Autumn,Peshawar,KPK,34.0151,71.5249,349.0,6.986,20.935999,13.250583,0.0,2.188286,59.641445,975.7237,4.311,1.4583334,,13.949999,False,True,No Rain,Calm
2024-09-10 00:00:00+05:00,2024,9,10,1,False,Autumn,Peshawar,KPK,34.0151,71.5249,349.0,4.886,21.435999,12.7734995,0.0,2.8777168,39.15002,975.44434,-2.7848332,21.958334,,16.55,False,True,No Rain,Calm
2024-09-10 00:00:00+05:00,2024,9,10,1,False,Autumn,Peshawar,KPK,34.0151,71.5249,349.0,6.236,22.836,14.2235,0.0,1.9668927,34.870174,973.39264,-2.6244166,65.75,,16.6,False,True,No Rain,Calm
2024-09-10 00:00:00+05:00,2024,9,10,1,False,Autumn,Peshawar,KPK,34.0151,71.5249,349.0,7.9860005,24.435999,16.340166,0.0,3.4888353,35.245277,970.5571,-0.43483338,19.541666,,16.449999,False,True,No Rain,Calm
2024-09-10 00:00:00+05:00,2024,9,10,1,False,Autumn,Peshawar,KPK,34.0151,71.5249,349.0,9.236,21.286,15.002667,0.0,3.2909553,51.09985,972.76245,4.346417,20.958334,,12.049999,False,True,No Rain,Calm
2024-09-10 00:00:00+05:00,2024,9,10,1,False,Autumn,Peshawar,KPK,34.0151,71.5249,349.0,8.436,23.036,15.210999,0.0,3.40236,48.610584,976.76904,3.1089165,0.8333333,,14.599999,False,True,No Rain,Calm
2024-09-10 00:00:00+05:00,2024,9,10,1,False,Autumn,Peshawar,KPK,34.0151,71.5249,349.0,8.386,23.685999,16.240166,0.0,4.5068393,33.955956,976.217,-1.239,39.416668,,15.299999,False,True,No Rain,Calm
2024-09-10 00:00:00+05:00,2024,9,10,1,False,Autumn,Peshawar,KPK,34.0151,71.5249,349.0,10.035999,23.786,16.352667,8.1,5.1960263,38.489338,972.6956,0.67974997,79.458336,,13.75,False,False,Moderate,Calm
2024-09-10 00:00:00+05:00,2024,9,10,1,False,Autumn,Peshawar,KPK,34.0151,71.5249,349.0,8.986,15.886,12.492248,6.9,6.9866333,75.51321,973.7885,8.038083,58.166668,,6.8999996,False,True,Moderate,Calm
2024-09-10 00:00:00+05:00,2024,9,10,1,False,Autumn,Peshawar,KPK,34.0151,71.5249,349.0,6.2860003,19.636,12.590165,0.0,2.094312,75.85746,979.2364,7.8297505,58.375,,13.349999,False,True,No Rain,Calm
2024-09-10 00:00:00+05:00,2024,9,10,1,False,Autumn,Peshawar,KPK,34.0151,71.5249,349.0,8.436,23.185999,14.425582,0.0,4.152621,56.854855,976.1623,4.94225,15.083333,,14.749999,False,True,No Rain,Calm
2024-09-10 00:00:00+05:00,2024,9,10,1,False,Autumn,Peshawar,KPK,34.0151,71.5249,349.0,6.736,22.886,14.365167,0.0,2.8691847,61.74222,976.85596,6.1422496,27.208334,,16.15,False,True,No Rain,Calm
2024-09-10 00:00:00+05:00,2024,9,10,1,False,Autumn,Peshawar,KPK,34.0151,71.5249,349.0,8.236,24.886,16.415167,0.4,3.603698,58.45989,978.2952,6.7235,56.916668,,16.65,False,True,Light,Calm
2024-09-10 00:00:00+05:00,2024,9,10,1,False,Autumn,Peshawar,KPK,34.0151,71.5249,349.0,12.186,15.636,13.921416,25.9,5.2389197,86.571625,979.5795,11.667249,100.0,,3.4499998,False,False,Heavy,Calm
2024-09-10 00:00:00+05:00,2024,9,10,1,False,Autumn,Peshawar,KPK,34.0151,71.5249,349.0,11.785999,16.086,13.51933,5.2,3.589551,87.81341,978.09503,11.438083,99.333336,,4.300001,False,False,Moderate,Calm
2024-09-10 00:00:00+05:00,2024,9,10,1,False,Autumn,Peshawar,KPK,34.0151,71.5249,349.0,10.785999,16.136,13.129749,1.2,4.097322,87.1899,974.4619,10.938084,97.916664,,5.3500004,False,False,Light,Calm
2024-09-10 00:00:00+05:00,2024,9,10,1,False,Autumn,Peshawar,KPK,34.0151,71.5249,349.0,10.535999,17.935999,13.646417,1.5000001,4.2356663,79.15678,971.01056,9.831833,43.791668,,7.3999996,False,False,Light,Calm
2024-09-10 00:00:00+05:00,2024,9,10,1,False,Autumn,Peshawar,KPK,34.0151,71.5249,349.0,8.436,19.286,13.263081,0.0,2.6886368,76.67035,975.94244,8.823501,20.333334,,10.849999,False,True,No Rain,Calm
2024-09-10 00:00:00+05:00,2024,9,10,1,False,Autumn,Peshawar,KPK,34.0151,71.5249,349.0,6.4360003,20.986,13.331834,10.5,3.326021,70.52238,973.2551,7.2422504,36.583332,,14.549999,False,True,Moderate,Calm
2024-09-10 00:00:00+05:00,2024,9,10,1,False,Autumn,Peshawar,KPK,34.0151,71.5249,349.0,8.386,13.486,11.290165,6.8999996,5.3371162,85.651436,971.68866,8.87975,79.458336,,5.1000004,False,True,Moderate,Calm
2024-09-10 00:00:00+05:00,2024,9,10,1,False,Autumn,Peshawar,KPK,34.0151,71.5249,349.0,6.336,17.286,11.083916,0.0,2.80612,78.595116,975.5107,6.900585,29.708334,,10.949999,False,True,No Rain,Calm
2024-09-10 00:00:00+05:00,2024,9,10,1,False,Autumn,Peshawar,KPK,34.0151,71.5249,349.0,4.136,22.136,12.171417,0.0,5.4132447,62.39214,975.7432,4.3485003,19.708334,,18.0,False,True,No Rain,Calm
2024-09-10 00:00:00+05:00,2024,9,10,1,False,Autumn,Peshawar,KPK,34.0151,71.5249,349.0,5.4360003,22.786,13.915166,0.0,2.6733863,61.376984,971.2854,5.49225,9.916667,,17.349998,False,True,No Rain,Calm
2024-09-10 00:00:00+05:00,2024,9,10,1,False,Autumn,Peshawar,KPK,34.0151,71.5249,349.0,8.3359995,24.536,16.460999,0.0,2.4963388,58.640045,970.89154,7.0422482,28.125,,16.2,False,True,No Rain,Calm
2024-09-10 00:00:00+05:00,2024,9,10,1,False,Autumn,Peshawar,KPK,34.0151,71.5249,349.0,10.686,29.736,19.321415,0.0,6.7502265,33.38136,969.13104,-1.1098334,17.125,,19.05,False,False,No Rain,Calm
2024-09-10 00:00:00+05:00,2024,9,10,1,False,Autumn,Peshawar,KPK,34.0151,71.5249,349.0,11.436,27.036,19.190165,0.0,3.420584,44.55496,972.1966,5.863083,81.125,,15.599999,False,False,No Rain,Calm
2024-09-10 00:00:00+05:00,2024,9,10,1,False,Autumn,Peshawar,KPK,34.0151,71.5249,349.0,15.636,20.586,17.917248,2.9,6.6330147,63.05092,979.02484,10.361001,88.375,,4.950001,False,False,Light,Calm
2024-09-10 00:00:00+05:00,2024,9,10,1,False,Autumn,Peshawar,KPK,34.0151,71.5249,349.0,12.3359995,26.685999,19.150581,2.0,4.081516,60.89603,976.80927,9.856833,50.25,,14.349999,False,False,Light,Calm
2024-09-10 00:00:00+05:00,2024,9,10,1,False,Autumn,Peshawar,KPK,34.0151,71.5249,349.0,13.535999,25.536,19.450583,0.4,3.4435177,65.19668,971.9326,11.500584,49.166668,,12.0,False,False,Light,Calm
2024-09-10 00:00:00+05:00,2024,9,10,1,False,Autumn,Peshawar,KPK,34.0151,71.5249,349.0,13.5859995,26.036,19.35683,0.0,4.3029084,59.27834,969.2038,10.115167,17.708334,,12.45,False,False,No Rain,Calm
2024-09-10 00:00:00+05:00,2024,9,10,1,False,Autumn,Peshawar,KPK,34.0151,71.5249,349.0,13.936,23.386,18.063084,1.4000001,5.387197,60.73286,971.4775,9.833917,80.375,,9.45,False,False,Light,Calm
2024-09-10 00:00:00+05:00,2024,9,10,1,False,Autumn,Peshawar,KPK,34.0151,71.5249,349.0,12.285999,24.086,17.958914,0.0,4.601931,61.600834,973.08887,9.561,58.958332,,11.800001,False,False,No Rain,Calm
2024-09-10 00:00:00+05:00,2024,9,10,1,False,Autumn,Peshawar,KPK,34.0151,71.5249,349.0,11.535999,27.236,19.675581,0.0,4.1701865,50.784332,974.0578,7.11725,16.625,,15.700001,False,False,No Rain,Calm
2024-09-10 00:00:00+05:00,2024,9,10,1,False,Autumn,Peshawar,KPK,34.0151,71.5249,349.0,11.8359995,28.236,20.146416,0.0,2.5579138,40.319088,973.3047,5.383917,7.5833335,,16.400002,False,False,No Rain,Calm
2024-09-10 00:00:00+05:00,2024,9,10,1,False,Autumn,Peshawar,KPK,34.0151,71.5249,349.0,13.986,29.336,21.408918,0.0,3.238128,37.64276,973.17255,5.1505833,12.791667,,15.35,False,False,No Rain,Calm
2024-09-10 00:00:00+05:00,2024,9,10,1,False,Autumn,Peshawar,KPK,34.0151,71.5249,349.0,14.785999,28.586,21.529749,0.1,4.3275867,37.67617,974.1093,5.3818336,34.208332,,13.800001,False,False,Light,Calm
2024-09-10 00:00:00+05:00,2024,9,10,1,False,Autumn,Peshawar,KPK,34.0151,71.5249,349.0,13.436,29.336,21.64225,0.0,3.047352,38.31142,976.8846,4.9630837,2.0833333,,15.900001,False,False,No Rain,Calm
2024-09-10 00:00:00+05:00,2024,9,10,1,False,Autumn,Peshawar,KPK,34.0151,71.5249,349.0,13.936,31.786001,22.442251,0.0,4.1481533,31.230276,975.11884,1.6755837,0.0,,17.850002,False,False,No Rain,Calm
2024-09-10 00:00:00+05:00,2024,9,10,1,False,Autumn,Peshawar,KPK,34.0151,71.5249,349.0,13.5859995,32.886,23.267248,0.0,3.732897,29.224405,973.2788,1.4860001,43.041668,,19.300003,False,False,No Rain,Calm
2024-09-10 00:00:00+05:00,2024,9,10,1,False,Autumn,Peshawar,KPK,34.0151,71.5249,349.0,14.636,32.536003,23.342249,0.0,4.039446,40.408794,973.9851,7.019333,27.041666,,17.900003,False,False,No Rain,Calm
2024-09-10 00:00:00+05:00,2024,9,10,1,False,Autumn,Peshawar,KPK,34.0151,71.5249,349.0,15.886,30.986,23.735998,0.0,3.7478933,44.145107,973.95123,9.488083,79.916664,,15.1,False,False,No Rain,Calm
2024-09-10 00:00:00+05:00,2024,9,10,1,False,Autumn,Peshawar,KPK,34.0151,71.5249,349.0,17.685999,30.136,22.427666,1.8000001,6.395699,48.36884,971.48126,10.152666,55.625,,12.450001,False,False,Light,Calm
2024-09-10 00:00:00+05:00,2024,9,10,1,False,Autumn,Peshawar,KPK,34.0151,71.5249,349.0,15.736,22.786,18.498499,6.7,5.6956935,76.98249,968.80646,13.950582,73.416664,,7.049999,False,False,Moderate,Calm
2024-09-10 00:00:00+05:00,2024,9,10,1,False,Autumn,Peshawar,KPK,34.0151,71.5249,349.0,12.8359995,23.886,18.173498,8.5,6.3089986,68.995674,967.42584,11.613083,35.0,,11.05,False,False,Moderate,Calm
2024-09-10 00:00:00+05:00,2024,9,10,1,False,Autumn,Peshawar,KPK,34.0151,71.5249,349.0,10.986,22.136,16.485998,0.1,6.2458797,57.20354,971.4041,5.7922497,17.041666,,11.15,False,False,Light,Calm
2024-09-10 00:00:00+05:00,2024,9,10,1,False,Autumn,Peshawar,KPK,34.0151,71.5249,349.0,8.3359995,27.136,18.031834,0.0,7.0781746,38.180058,972.8679,-0.99733335,3.6666667,,18.8,False,True,No Rain,Calm
2024-09-10 00:00:00+05:00,2024,9,10,1,False,Autumn,Peshawar,KPK,34.0151,71.5249,349.0,10.136,30.736,20.1485,0.0,4.2447824,35.588413,971.41473,1.0818334,0.0,,20.6,False,False,No Rain,Calm
2024-09-10 00:00:00+05:00,2024,9,10,1,False,Autumn,Peshawar,KPK,34.0151,71.5249,349.0,12.3359995,30.886,21.354746,0.0,4.553393,24.825354,972.5141,-2.9348335,0.0,,18.55,False,False,No Rain,Calm
2024-09-10 00:00:00+05:00,2024,9,10,1,False,Autumn,Peshawar,KPK,34.0151,71.5249,349.0,11.736,32.636,22.223501,0.0,5.1961007,21.16027,970.77246,-5.1765003,0.0,,20.900002,False,False,No Rain,Calm
2024-09-10 00:00:00+05:00,2024,9,10,1,False,Autumn,Peshawar,KPK,34.0151,71.5249,349.0,12.936,32.536003,22.956835,0.0,4.2678127,27.980124,971.2646,0.60475,28.708334,,19.600002,False,False,No Rain,Calm
2024-09-10 00:00:00+05:00,2024,9,10,1,False,Autumn,Peshawar,KPK,34.0151,71.5249,349.0,16.136,24.836,20.583916,0.6,8.682343,45.790035,975.5997,8.083917,73.333336,,8.700001,False,False,Light,Calm
2024-09-10 00:00:00+05:00,2024,9,10,1,False,Autumn,Peshawar,KPK,34.0151,71.5249,349.0,12.186,30.736,21.60475,0.0,3.6337907,46.829525,974.8,7.26725,34.333332,,18.55,False,False,No Rain,Calm
2024-09-10 00:00:00+05:00,2024,9,10,1,False,Autumn,Peshawar,KPK,34.0151,71.5249,349.0,14.0859995,34.886,24.733917,0.0,3.7962272,40.76183,969.8188,8.546417,28.958334,,20.800003,False,False,No Rain,Calm
2024-09-10 00:00:00+05:00,2024,9,10,1,False,Autumn,Peshawar,KPK,34.0151,71.5249,349.0,17.986,38.036003,27.873497,0.0,2.810256,42.78224,967.8103,11.40475,65.75,,20.050003,True,False,No Rain,Calm
2024-09-10 00:00:00+05:00,2024,9,10,1,False,Autumn,Peshawar,KPK,34.0151,71.5249,349.0,21.036,37.236,29.181833,0.0,3.810517,40.88944,969.1788,12.738084,59.666668,,16.2,True,False,No Rain,Calm
2024-09-10 00:00:00+05:00,2024,9,10,1,False,Autumn,Peshawar,KPK,34.0151,71.5249,349.0,21.486,30.185999,27.004751,0.0,6.5186048,46.60754,972.91626,14.404747,79.5,,8.699999,False,False,No Rain,Calm
2024-09-10 00:00:00+05:00,2024,9,10,1,False,Autumn,Peshawar,KPK,34.0151,71.5249,349.0,21.486,34.486,28.161003,0.0,4.95464,43.89375,971.5107,13.371415,77.333336,,13.0,False,False,No Rain,Calm
2024-09-10 00:00:00+05:00,2024,9,10,1,False,Autumn,Peshawar,KPK,34.0151,71.5249,349.0,20.935999,34.686,27.761002,0.0,4.711972,36.74905,965.5203,10.329751,43.625,,13.750002,False,False,No Rain,Calm
2024-09-10 00:00:00+05:00,2024,9,10,1,False,Autumn,Peshawar,KPK,34.0151,71.5249,349.0,20.236,31.286,26.006834,0.4,6.5903645,37.504017,965.3931,9.877666,16.875,,11.049999,False,False,Light,Calm
2024-09-10 00:00:00+05:00,2024,9,10,1,False,Autumn,Peshawar,KPK,34.0151,71.5249,349.0,18.286,34.286003,26.602667,0.0,3.1078844,37.84743,967.71625,9.444332,2.4583333,,16.000004,False,False,No Rain,Calm
2024-09-10 00:00:00+05:00,2024,9,10,1,False,Autumn,Peshawar,KPK,34.0151,71.5249,349.0,19.986,35.686,28.100584,0.0,3.7288578,37.2046,969.29315,11.194333,1.2083334,,15.700001,True,False,No Rain,Calm
2024-09-10 00:00:00+05:00,2024,9,10,1,False,Autumn,Peshawar,KPK,34.0151,71.5249,349.0,21.336,39.486,30.3985,0.0,3.5868282,36.0967,967.9592,11.969333,0.041666668,,18.15,True,False,No Rain,Calm
2024-09-10 00:00:00+05:00,2024,9,10,1,False,Autumn,Peshawar,KPK,34.0151,71.5249,349.0,21.435999,39.986,30.835999,0.0,3.6526976,26.616568,968.45703,7.0485,1.1666666,,18.550001,True,False,No Rain,Calm
2024-09-10 00:00:00+05:00,2024,9,10,1,False,Autumn,Peshawar,KPK,34.0151,71.5249,349.0,21.935999,36.036003,28.47975,0.0,6.181893,43.88962,968.3648,14.323501,35.333332,,14.100004,True,False,No Rain,Calm
2024-09-10 00:00:00+05:00,2024,9,10,1,False,Autumn,Peshawar,KPK,34.0151,71.5249,349.0,21.286,34.986,28.588087,0.2,2.2183874,47.304337,967.5297,14.956833,28.208334,,13.700001,False,False,Light,Calm
2024-09-10 00:00:00+05:00,2024,9,10,1,False,Autumn,Peshawar,KPK,34.0151,71.5249,349.0,21.336,31.786001,27.202665,4.5,10.006708,44.74384,965.41364,13.558917,65.5,,10.450001,False,False,Light,Breezy
2024-09-10 00:00:00+05:00,2024,9,10,1,False,Autumn,Peshawar,KPK,34.0151,71.5249,349.0,19.435999,25.586,22.306831,5.6,6.797114,64.630745,965.04266,14.958916,24.833334,,6.1500015,False,False,Moderate,Calm
2024-09-10 00:00:00+05:00,2024,9,10,1,False,Autumn,Peshawar,KPK,34.0151,71.5249,349.0,17.536,31.136,24.410997,0.2,9.206383,46.04947,966.02655,10.9735,7.2916665,,13.6,False,False,Light,Calm
2024-09-10 00:00:00+05:00,2024,9,10,1,False,Autumn,Peshawar,KPK,34.0151,71.5249,349.0,17.836,34.536003,26.57767,0.0,6.1013694,32.617107,969.987,5.7068334,11.25,,16.700003,False,False,No Rain,Calm
2024-09-10 00:00:00+05:00,2024,9,10,1,False,Autumn,Peshawar,KPK,34.0151,71.5249,349.0,18.136,35.936,27.450583,0.0,4.2931585,21.85451,970.9117,1.7443331,9.166667,,17.800001,True,False,No Rain,Calm
2024-09-10 00:00:00+05:00,2024,9,10,1,False,Autumn,Peshawar,KPK,34.0151,71.5249,349.0,18.336,36.186,27.990164,0.0,3.7927258,22.446146,968.1403,2.5068333,35.625,,17.85,True,False,No Rain,Calm
2024-09-10 00:00:00+05:00,2024,9,10,1,False,Autumn,Peshawar,KPK,34.0151,71.5249,349.0,20.036,36.736,28.53808,0.0,4.4888453,22.277754,965.6248,1.9109999,38.291668,,16.7,True,False,No Rain,Calm
2024-09-10 00:00:00+05:00,2024,9,10,1,False,Autumn,Peshawar,KPK,34.0151,71.5249,349.0,18.836,36.486,28.300583,0.0,4.3877425,21.243912,967.6719,1.9255834,11.583333,,17.65,True,False,No Rain,Calm
2024-09-10 00:00:00+05:00,2024,9,10,1,False,Autumn,Peshawar,KPK,34.0151,71.5249,349.0,22.136,36.386,29.427666,0.0,6.611628,20.187372,968.10034,3.3505833,23.583334,,14.250002,True,False,No Rain,Calm
2024-09-10 00:00:00+05:00,2024,9,10,1,False,Autumn,Peshawar,KPK,34.0151,71.5249,349.0,20.586,39.336002,30.438082,0.0,4.152311,18.034498,967.9167,1.2964165,0.083333336,,18.750002,True,False,No Rain,Calm
2024-09-10 00:00:00+05:00,2024,9,10,1,False,Autumn,Peshawar,KPK,34.0151,71.5249,349.0,20.986,42.186,31.838081,0.0,4.0057216,15.020909,965.68463,-0.23274992,0.9166667,,21.2,True,False,No Rain,Calm
2024-09-10 00:00:00+05:00,2024,9,10,1,False,Autumn,Peshawar,KPK,34.0151,71.5249,349.0,22.086,41.036003,32.069332,0.0,4.4944673,20.19205,964.8049,4.80475,13.5,,18.950003,True,False,No Rain,Calm
2024-09-10 00:00:00+05:00,2024,9,10,1,False,Autumn,Peshawar,KPK,34.0151,71.5249,349.0,24.185999,39.936,31.702665,0.0,4.963476,32.274227,966.7788,11.896416,72.541664,,15.750002,True,False,No Rain,Calm
2024-09-10 00:00:00+05:00,2024,9,10,1,False,Autumn,Peshawar,KPK,34.0151,71.5249,349.0,24.086,36.586002,30.331833,0.2,5.2630706,37.861744,968.18134,13.7839155,59.0,,12.500002,True,False,Light,Calm
2024-09-10 00:00:00+05:00,2024,9,10,1,False,Autumn,Peshawar,KPK,34.0151,71.5249,349.0,22.836,37.036003,28.629747,2.0,5.1478314,45.458843,969.08057,14.8984995,79.875,,14.200003,True,False,Light,Calm
2024-09-10 00:00:00+05:00,2024,9,10,1,False,Autumn,Peshawar,KPK,34.0151,71.5249,349.0,22.236,31.636,27.133919,1.2,4.270472,51.566296,967.5491,15.965165,55.875,,9.4,False,False,Light,Calm
2024-09-10 00:00:00+05:00,2024,9,10,1,False,Autumn,Peshawar,KPK,34.0151,71.5249,349.0,23.086,31.786001,26.544334,6.2999997,4.4977756,57.08788,966.44586,16.944332,95.791664,,8.700001,False,False,Moderate,Calm
2024-09-10 00:00:00+05:00,2024,9,10,1,False,Autumn,Peshawar,KPK,34.0151,71.5249,349.0,20.336,33.036003,26.890165,0.0,4.155048,57.90845,967.0205,16.827663,42.166668,,12.700003,False,False,No Rain,Calm
2024-09-10 00:00:00+05:00,2024,9,10,1,False,Autumn,Peshawar,KPK,34.0151,71.5249,349.0,20.685999,35.736,28.496416,0.0,4.1070523,49.285748,966.3951,15.438083,10.458333,,15.050001,True,False,No Rain,Calm
2024-09-10 00:00:00+05:00,2024,9,10,1,False,Autumn,Peshawar,KPK,34.0151,71.5249,349.0,22.036,35.686,29.325583,0.6,4.5279117,48.29057,965.6491,16.277666,34.333332,,13.650002,True,False,Light,Calm
2024-09-10 00:00:00+05:00,2024,9,10,1,False,Autumn,Peshawar,KPK,34.0151,71.5249,349.0,23.685999,31.086,26.706833,1.5,4.492579,61.49776,967.21185,18.406832,67.041664,,7.4000015,False,False,Light,Calm
2024-09-10 00:00:00+05:00,2024,9,10,1,False,Autumn,Peshawar,KPK,34.0151,71.5249,349.0,22.185999,29.536,25.10058,6.4,3.7889528,74.65331,969.75726,20.029749,67.666664,,7.3500004,False,False,Moderate,Calm
2024-09-10 00:00:00+05:00,2024,9,10,1,False,Autumn,Peshawar,KPK,34.0151,71.5249,349.0,20.136,34.386,27.625582,0.3,2.329843,59.98261,967.48755,17.985998,33.791668,,14.250002,False,False,Light,Calm
2024-09-10 00:00:00+05:00,2024,9,10,1,False,Autumn,Peshawar,KPK,34.0151,71.5249,349.0,20.736,34.686,27.673502,0.0,3.5518591,53.45384,965.83765,16.206833,31.541666,,13.950001,False,False,No Rain,Calm
2024-09-10 00:00:00+05:00,2024,9,10,1,False,Autumn,Peshawar,KPK,34.0151,71.5249,349.0,20.036,32.586002,26.704752,1.2,3.071388,56.702084,965.24884,16.702665,41.541668,,12.550003,False,False,Light,Calm
2024-09-10 00:00:00+05:00,2024,9,10,1,False,Autumn,Peshawar,KPK,34.0151,71.5249,349.0,20.086,37.536003,29.479752,0.0,3.2580054,41.527546,965.07983,12.59225,5.8333335,,17.450003,True,False,No Rain,Calm
2024-09-10 00:00:00+05:00,2024,9,10,1,False,Autumn,Peshawar,KPK,34.0151,71.5249,349.0,22.486,39.636,31.556833,0.0,4.3118906,29.415894,965.1335,9.656834,17.666666,,17.150002,True,False,No Rain,Calm
2024-09-10 00:00:00+05:00,2024,9,10,1,False,Autumn,Peshawar,KPK,34.0151,71.5249,349.0,23.136,42.436,33.208916,0.0,4.4021335,25.724909,964.2474,8.881833,1.0416666,,19.300001,True,False,No Rain,Calm
2024-09-10 00:00:00+05:00,2024,9,10,1,False,Autumn,Peshawar,KPK,34.0151,71.5249,349.0,24.586,42.886,34.071423,0.0,5.1685395,23.86062,963.0586,7.406833,0.041666668,,18.300001,True,False,No Rain,Calm
2024-09-10 00:00:00+05:00,2024,9,10,1,False,Autumn,Peshawar,KPK,34.0151,71.5249,349.0,24.986,43.486,34.37975,0.0,4.636198,22.196398,962.3415,7.1651664,0.0,,18.5,True,False,No Rain,Calm
2024-09-10 00:00:00+05:00,2024,9,10,1,False,Autumn,Peshawar,KPK,34.0151,71.5249,349.0,25.636,43.386,35.277668,0.0,5.123366,22.776644,961.7736,9.133916,33.5,,17.750002,True,False,No Rain,Calm
2024-09-10 00:00:00+05:00,2024,9,10,1,False,Autumn,Peshawar,KPK,34.0151,71.5249,349.0,27.036,41.686,34.590168,0.0,4.4964943,26.604559,962.70215,11.244334,14.083333,,14.650002,True,False,No Rain,Calm
2024-09-10 00:00:00+05:00,2024,9,10,1,False,Autumn,Peshawar,KPK,34.0151,71.5249,349.0,25.986,43.186,35.390163,0.0,3.7802255,24.898607,961.5954,10.715167,1.1666666,,17.2,True,False,No Rain,Calm
2024-09-10 00:00:00+05:00,2024,9,10,1,False,Autumn,Peshawar,KPK,34.0151,71.5249,349.0,25.886,45.186,36.200584,0.0,6.6831055,18.328087,960.79565,5.038083,0.5,,19.300001,True,False,No Rain,Calm
2024-09-10 00:00:00+05:00,2024,9,10,1,False,Autumn,Peshawar,KPK,34.0151,71.5249,349.0,27.136,44.936,36.15475,0.0,5.0471554,18.558172,960.55096,6.61725,0.0,,17.800001,True,False,No Rain,Calm
2024-09-10 00:00:00+05:00,2024,9,10,1,False,Autumn,Peshawar,KPK,34.0151,71.5249,349.0,27.486,42.436,34.898502,0.0,4.105389,30.544188,960.6193,13.940166,14.25,,14.950001,True,False,No Rain,Calm
2024-09-10 00:00:00+05:00,2024,9,10,1,False,Autumn,Peshawar,KPK,34.0151,71.5249,349.0,27.786,37.386,32.2735,0.0,6.381799,40.646957,961.96686,16.8485,13.375,,9.600002,True,False,No Rain,Calm
2024-09-10 00:00:00+05:00,2024,9,10,1,False,Autumn,Peshawar,KPK,34.0151,71.5249,349.0,23.886,37.586002,31.346415,0.0,4.658794,40.8036,965.6198,15.531833,10.041667,,13.700003,True,False,No Rain,Calm
2024-09-10 00:00:00+05:00,2024,9,10,1,False,Autumn,Peshawar,KPK,34.0151,71.5249,349.0,25.636,39.636,33.22767,0.0,4.4613857,37.36877,963.728,15.813083,33.916668,,14.000002,True,False,No Rain,Calm
2024-09-10 00:00:00+05:00,2024,9,10,1,False,Autumn,Peshawar,KPK,34.0151,71.5249,349.0,27.386,36.286003,30.79225,0.4,6.4587703,47.34648,962.03937,18.123499,57.125,,8.900003,True,False,Light,Calm
2024-09-10 00:00:00+05:00,2024,9,10,1,False,Autumn,Peshawar,KPK,34.0151,71.5249,349.0,24.336,39.536003,32.188084,0.0,4.020338,40.19535,960.0417,14.89225,45.125,,15.200003,True,False,No Rain,Calm
2024-09-10 00:00:00+05:00,2024,9,10,1,False,Autumn,Peshawar,KPK,34.0151,71.5249,349.0,24.685999,37.536003,30.821417,6.4,5.9590435,41.128773,958.1894,15.446416,40.958332,,12.850004,True,False,Moderate,Calm
2024-09-10 00:00:00+05:00,2024,9,10,1,False,Autumn,Peshawar,KPK,34.0151,71.5249,349.0,21.786,34.336002,28.848501,3.1000001,8.551867,42.287495,958.78937,13.996415,73.458336,,12.550003,False,False,Light,Calm
2024-09-10 00:00:00+05:00,2024,9,10,1,False,Autumn,Peshawar,KPK,34.0151,71.5249,349.0,21.536,32.186,27.352669,0.9000001,7.47554,47.757412,961.7155,14.377666,34.041668,,10.650002,False,False,Light,Calm
2024-09-10 00:00:00+05:00,2024,9,10,1,False,Autumn,Peshawar,KPK,34.0151,71.5249,349.0,19.836,35.836002,28.481834,0.0,5.8450813,38.679302,961.39716,10.904751,0.16666667,,16.000002,True,False,No Rain,Calm
2024-09-10 00:00:00+05:00,2024,9,10,1,False,Autumn,Peshawar,KPK,34.0151,71.5249,349.0,20.685999,37.236,29.883917,0.0,6.8339715,28.221863,959.5911,7.6839175,4.0833335,,16.550001,True,False,No Rain,Calm
2024-09-10 00:00:00+05:00,2024,9,10,1,False,Autumn,Peshawar,KPK,34.0151,71.5249,349.0,21.986,35.536003,29.14225,0.0,7.1345043,36.037006,961.64404,11.388083,4.9166665,,13.550003,True,False,No Rain,Calm
2024-09-10 00:00:00+05:00,2024,9,10,1,False,Autumn,Peshawar,KPK,34.0151,71.5249,349.0,22.736,35.186,29.067251,0.0,6.745512,39.431408,964.52295,13.127666,8.875,,12.450001,True,False,No Rain,Calm
2024-09-10 00:00:00+05:00,2024,9,10,1,False,Autumn,Peshawar,KPK,34.0151,71.5249,349.0,23.435999,37.036003,30.565168,0.0,5.009683,39.731533,967.67426,14.565167,4.4166665,,13.600004,True,False,No Rain,Calm
2024-09-10 00:00:00+05:00,2024,9,10,1,False,Autumn,Peshawar,KPK,34.0151,71.5249,349.0,24.786,39.986,32.8235,0.0,5.0593767,39.68797,966.1668,16.338085,13.791667,,15.200001,True,False,No Rain,Calm
2024-09-10 00:00:00+05:00,2024,9,10,1,False,Autumn,Peshawar,KPK,34.0151,71.5249,349.0,26.786,41.936,35.250584,0.0,4.1978097,34.347176,964.66534,15.2839155,15.041667,,15.150002,True,False,No Rain,Calm
2024-09-10 00:00:00+05:00,2024,9,10,1,False,Autumn,Peshawar,KPK,34.0151,71.5249,349.0,26.886,43.136,35.456837,0.0,5.119042,26.722086,963.9492,11.869334,6.2916665,,16.250002,True,False,No Rain,Calm
2024-09-10 00:00:00+05:00,2024,9,10,1,False,Autumn,Peshawar,KPK,34.0151,71.5249,349.0,27.935999,44.086002,36.348503,0.0,5.902334,26.77374,961.4389,12.923499,7.5416665,,16.150003,True,False,No Rain,Calm
2024-09-10 00:00:00+05:00,2024,9,10,1,False,Autumn,Peshawar,KPK,34.0151,71.5249,349.0,28.435999,45.686,37.35683,0.0,5.1262813,24.67211,959.3591,11.694333,8.5,,17.250002,True,False,No Rain,Calm
2024-09-10 00:00:00+05:00,2024,9,10,1,False,Autumn,Peshawar,KPK,34.0151,71.5249,349.0,28.036,45.986,37.402668,0.0,4.7962246,23.152779,960.1904,10.644332,3.2083333,,17.95,True,False,No Rain,Calm
2024-09-10 00:00:00+05:00,2024,9,10,1,False,Autumn,Peshawar,KPK,34.0151,71.5249,349.0,27.536,45.686,37.017246,0.0,4.9657593,20.865215,960.1573,9.2318325,22.666666,,18.150002,True,False,No Rain,Calm
2024-09-10 00:00:00+05:00,2024,9,10,1,False,Autumn,Peshawar,KPK,34.0151,71.5249,349.0,29.685999,43.786003,36.408916,0.0,10.516219,22.687094,962.54517,10.636,58.666668,,14.100004,True,False,No Rain,Breezy
2024-09-10 00:00:00+05:00,2024,9,10,1,False,Autumn,Peshawar,KPK,34.0151,71.5249,349.0,28.736,40.986,35.16725,0.0,5.913958,25.747042,961.99677,11.958916,27.625,,12.25,True,False,No Rain,Calm
2024-09-10 00:00:00+05:00,2024,9,10,1,False,Autumn,Peshawar,KPK,34.0151,71.5249,349.0,29.185999,42.736,36.06725,0.0,6.2207355,20.814234,958.7412,9.0547495,60.75,,13.550001,True,False,No Rain,Calm
2024-09-10 00:00:00+05:00,2024,9,10,1,False,Autumn,Peshawar,KPK,34.0151,71.5249,349.0,29.386,40.586002,34.625584,0.1,7.0050683,30.586527,959.68756,14.188083,32.916668,,11.200003,True,False,Light,Calm
2024-09-10 00:00:00+05:00,2024,9,10,1,False,Autumn,Peshawar,KPK,34.0151,71.5249,349.0,28.286,41.336002,35.421417,0.0,5.129876,29.002039,959.78815,13.656835,7.875,,13.050003,True,False,No Rain,Calm
2024-09-10 00:00:00+05:00,2024,9,10,1,False,Autumn,Peshawar,KPK,34.0151,71.5249,349.0,28.685999,42.586002,35.483917,0.0,5.88278,38.654285,958.12177,18.138083,0.041666668,,13.900003,True,False,No Rain,Calm
2024-09-10 00:00:00+05:00,2024,9,10,1,False,Autumn,Peshawar,KPK,34.0151,71.5249,349.0,29.486,44.286003,37.100582,0.0,5.286846,35.04428,955.86743,18.211,0.20833333,,14.800003,True,False,No Rain,Calm
2024-09-10 00:00:00+05:00,2024,9,10,1,False,Autumn,Peshawar,KPK,34.0151,71.5249,349.0,31.185999,44.086002,38.148502,0.0,7.2984676,33.70431,957.2356,18.294333,6.0833335,,12.900003,True,False,No Rain,Calm
2024-09-10 00:00:00+05:00,2024,9,10,1,False,Autumn,Peshawar,KPK,34.0151,71.5249,349.0,29.036,41.136,35.76725,0.0,9.570836,46.781265,959.14655,22.13183,19.541666,,12.100002,True,False,No Rain,Calm
2024-09-10 00:00:00+05:00,2024,9,10,1,False,Autumn,Peshawar,KPK,34.0151,71.5249,349.0,27.236,38.736,32.617252,0.1,6.7048664,57.104828,959.79315,22.529749,50.083332,,11.5,True,False,Light,Calm
2024-09-10 00:00:00+05:00,2024,9,10,1,False,Autumn,Peshawar,KPK,34.0151,71.5249,349.0,27.536,41.336002,34.958916,1.3,5.4954166,51.809895,956.8984,22.723497,16.75,,13.800003,True,False,Light,Calm
2024-09-10 00:00:00+05:00,2024,9,10,1,False,Autumn,Peshawar,KPK,34.0151,71.5249,349.0,30.386,43.536003,36.79017,0.0,4.6553726,47.285385,955.139,22.581831,9.333333,,13.150003,True,False,No Rain,Calm
2024-09-10 00:00:00+05:00,2024,9,10,1,False,Autumn,Peshawar,KPK,34.0151,71.5249,349.0,26.236,34.186,30.99433,7.1999993,8.819318,70.7994,959.2663,24.871416,59.166668,,7.950001,False,False,Moderate,Calm
2024-09-10 00:00:00+05:00,2024,9,10,1,False,Autumn,Peshawar,KPK,34.0151,71.5249,349.0,24.336,30.536,27.746412,14.000002,8.596467,84.67492,962.7461,24.833916,91.416664,,6.199999,False,False,Moderate,Calm
2024-09-10 00:00:00+05:00,2024,9,10,1,False,Autumn,Peshawar,KPK,34.0151,71.5249,349.0,24.536,32.836002,28.633919,3.6999998,4.6905627,81.17695,962.11017,24.87142,58.041668,,8.300003,False,False,Light,Calm
2024-09-10 00:00:00+05:00,2024,9,10,1,False,Autumn,Peshawar,KPK,34.0151,71.5249,349.0,24.685999,33.786003,29.165167,15.700001,5.57402,80.21842,959.78,25.165169,55.416668,,9.100004,False,False,Moderate,Calm
2024-09-10 00:00:00+05:00,2024,9,10,1,False,Autumn,Peshawar,KPK,34.0151,71.5249,349.0,24.185999,36.136,29.935999,14.900001,7.5599084,75.14324,955.64886,24.688086,41.833332,,11.950003,True,False,Moderate,Calm
2024-09-10 00:00:00+05:00,2024,9,10,1,False,Autumn,Peshawar,KPK,34.0151,71.5249,349.0,24.586,35.136,29.833921,1.7,6.2511716,71.86013,956.86865,23.846415,50.458332,,10.550001,True,False,Light,Calm
2024-09-10 00:00:00+05:00,2024,9,10,1,False,Autumn,Peshawar,KPK,34.0151,71.5249,349.0,24.486,35.736,30.01725,3.9,6.862738,74.12998,958.8007,24.465164,41.958332,,11.25,True,False,Light,Calm
2024-09-10 00:00:00+05:00,2024,9,10,1,False,Autumn,Peshawar,KPK,34.0151,71.5249,349.0,23.886,31.586,27.41725,8.8,5.1721253,83.77742,960.2801,24.271414,75.416664,,7.700001,False,False,Moderate,Calm
2024-09-10 00:00:00+05:00,2024,9,10,1,False,Autumn,Peshawar,KPK,34.0151,71.5249,349.0,25.136,34.836002,30.036001,2.5,4.339997,78.05639,960.1884,25.546415,27.375,,9.700003,False,False,Light,Calm
2024-09-10 00:00:00+05:00,2024,9,10,1,False,Autumn,Peshawar,KPK,34.0151,71.5249,349.0,27.086,35.086002,30.775587,0.6,5.5745397,77.91691,959.31866,26.296415,24.375,,8.000002,True,False,Light,Calm
2024-09-10 00:00:00+05:00,2024,9,10,1,False,Autumn,Peshawar,KPK,34.0151,71.5249,349.0,25.986,34.686,30.611,4.1,7.187826,80.15801,957.4754,26.646416,70.5,,8.700001,False,False,Light,Calm
2024-09-10 00:00:00+05:00,2024,9,10,1,False,Autumn,Peshawar,KPK,34.0151,71.5249,349.0,25.986,32.136,28.790163,14.300001,6.636663,84.85955,958.0095,25.890162,93.541664,,6.1500015,False,False,Moderate,Calm
2024-09-10 00:00:00+05:00,2024,9,10,1,False,Autumn,Peshawar,KPK,34.0151,71.5249,349.0,26.736,31.435999,28.919329,5.7999997,4.216105,84.384315,959.2002,25.9485,69.291664,,4.699999,False,False,Moderate,Calm
2024-09-10 00:00:00+05:00,2024,9,10,1,False,Autumn,Peshawar,KPK,34.0151,71.5249,349.0,24.636,32.436,28.400583,10.000002,7.1108947,83.41771,959.1734,25.171417,55.25,,7.800001,False,False,Moderate,Calm
2024-09-10 00:00:00+05:00,2024,9,10,1,False,Autumn,Peshawar,KPK,34.0151,71.5249,349.0,23.486,32.636,27.598495,11.9,7.4290657,81.74087,960.20135,23.981834,70.125,,9.150002,False,False,Moderate,Calm
2024-09-10 00:00:00+05:00,2024,9,10,1,False,Autumn,Peshawar,KPK,34.0151,71.5249,349.0,23.836,28.736,25.927666,7.2000003,6.874548,86.24329,962.71625,23.37558,86.875,,4.8999996,False,False,Moderate,Calm
2024-09-10 00:00:00+05:00,2024,9,10,1,False,Autumn,Peshawar,KPK,34.0151,71.5249,349.0,22.086,31.985998,26.796415,8.4,4.7575564,79.22642,963.22656,22.621416,58.708332,,9.899998,False,False,Moderate,Calm
2024-09-10 00:00:00+05:00,2024,9,10,1,False,Autumn,Peshawar,KPK,34.0151,71.5249,349.0,22.586,33.836002,28.342249,4.3,4.8810697,79.26449,962.93243,24.111,19.25,,11.250002,False,False,Light,Calm
2024-09-10 00:00:00+05:00,2024,9,10,1,False,Autumn,Peshawar,KPK,34.0151,71.5249,349.0,25.136,34.136,28.763083,3.1,4.222163,76.76139,962.51996,24.04225,20.625,,9.000002,False,False,Light,Calm
2024-09-10 00:00:00+05:00,2024,9,10,1,False,Autumn,Peshawar,KPK,34.0151,71.5249,349.0,24.086,32.286003,27.75683,16.199999,4.493556,78.53595,962.7737,23.433916,57.75,,8.200003,False,False,Moderate,Calm
2024-09-10 00:00:00+05:00,2024,9,10,1,False,Autumn,Peshawar,KPK,34.0151,71.5249,349.0,25.386,30.786,27.427668,1.0,3.7032826,82.294044,962.18085,23.929749,90.208336,,5.3999996,False,False,Light,Calm
2024-09-10 00:00:00+05:00,2024,9,10,1,False,Autumn,Peshawar,KPK,34.0151,71.5249,349.0,24.086,29.435999,26.367247,5.2999997,3.5036151,82.04633,962.0234,22.973497,71.583336,,5.3499985,False,False,Moderate,Calm
2024-09-10 00:00:00+05:00,2024,9,10,1,False,Autumn,Peshawar,KPK,34.0151,71.5249,349.0,24.086,30.736,26.952667,24.8,5.584103,82.201744,963.7668,23.496416,57.875,,6.6499996,False,False,Heavy,Calm
2024-09-10 00:00:00+05:00,2024,9,10,1,False,Autumn,Peshawar,KPK,34.0151,71.5249,349.0,24.136,33.086002,28.696419,0.0,3.5455287,79.95829,963.8195,24.642252,25.291666,,8.950003,False,False,No Rain,Calm
2024-09-10 00:00:00+05:00,2024,9,10,1,False,Autumn,Peshawar,KPK,34.0151,71.5249,349.0,25.786,35.736,30.617249,0.0,3.764534,74.389305,959.7945,25.083916,23.875,,9.950001,True,False,No Rain,Calm
2024-09-10 00:00:00+05:00,2024,9,10,1,False,Autumn,Peshawar,KPK,34.0151,71.5249,349.0,26.185999,36.486,31.78392,0.0,4.523529,71.28205,957.858,25.598495,5.7083335,,10.300001,True,False,No Rain,Calm
2024-09-10 00:00:00+05:00,2024,9,10,1,False,Autumn,Peshawar,KPK,34.0151,71.5249,349.0,26.636,36.336002,29.91308,4.1000004,8.128686,77.298515,959.7768,25.254747,45.416668,,9.700003,True,False,Light,Calm
2024-09-10 00:00:00+05:00,2024,9,10,1,False,Autumn,Peshawar,KPK,34.0151,71.5249,349.0,25.586,32.486,28.275587,2.3000002,7.7522864,81.791115,959.5866,24.696413,75.166664,,6.8999996,False,False,Light,Calm
2024-09-10 00:00:00+05:00,2024,9,10,1,False,Autumn,Peshawar,KPK,34.0151,71.5249,349.0,23.736,32.436,27.204752,7.0,6.1672573,82.12017,957.5928,23.604752,89.75,,8.700001,False,False,Moderate,Calm
2024-09-10 00:00:00+05:00,2024,9,10,1,False,Autumn,Peshawar,KPK,34.0151,71.5249,349.0,24.836,33.186,28.842249,0.3,3.3220146,76.01796,957.2325,23.846418,43.5,,8.35,False,False,Light,Calm
2024-09-10 00:00:00+05:00,2024,9,10,1,False,Autumn,Peshawar,KPK,34.0151,71.5249,349.0,25.185999,35.436,30.629747,0.0,4.5435586,70.08873,956.69464,24.040167,11.041667,,10.250002,True,False,No Rain,Calm
2024-09-10 00:00:00+05:00,2024,9,10,1,False,Autumn,Peshawar,KPK,34.0151,71.5249,349.0,26.685999,37.036003,31.78392,0.1,5.057693,66.96502,957.9663,24.390165,13.5,,10.350004,True,False,Light,Calm
2024-09-10 00:00:00+05:00,2024,9,10,1,False,Autumn,Peshawar,KPK,34.0151,71.5249,349.0,27.386,38.136,32.769333,0.0,5.159003,65.253174,957.33624,24.825583,7.5416665,,10.750002,True,False,No Rain,Calm
2024-09-10 00:00:00+05:00,2024,9,10,1,False,Autumn,Peshawar,KPK,34.0151,71.5249,349.0,27.986,38.386,33.194332,0.0,5.3104005,62.670254,956.4219,24.619331,7.9166665,,10.400002,True,False,No Rain,Calm
2024-09-10 00:00:00+05:00,2024,9,10,1,False,Autumn,Peshawar,KPK,34.0151,71.5249,349.0,25.935999,38.886,32.454746,0.0,8.335694,64.89035,956.2334,24.506834,17.625,,12.950003,True,False,No Rain,Calm
2024-09-10 00:00:00+05:00,2024,9,10,1,False,Autumn,Peshawar,KPK,34.0151,71.5249,349.0,23.786,32.986,28.011,6.2,8.079087,78.3117,959.884,23.596415,79.458336,,9.200001,False,False,Moderate,Calm
2024-09-10 00:00:00+05:00,2024,9,10,1,False,Autumn,Peshawar,KPK,34.0151,71.5249,349.0,23.536,33.036003,28.398499,20.900002,5.2031236,78.99416,960.6728,24.169329,40.583332,,9.500004,False,False,Heavy,Calm
2024-09-10 00:00:00+05:00,2024,9,10,1,False,Autumn,Peshawar,KPK,34.0151,71.5249,349.0,23.336,33.436,28.052664,6.3999996,8.558184,80.17322,960.5901,24.110998,51.875,,10.1,False,False,Moderate,Calm
2024-09-10 00:00:00+05:00,2024,9,10,1,False,Autumn,Peshawar,KPK,34.0151,71.5249,349.0,23.386,32.936,28.138083,0.3,5.650442,79.25185,961.06866,23.998495,42.833332,,9.550001,False,False,Light,Calm
2024-09-10 00:00:00+05:00,2024,9,10,1,False,Autumn,Peshawar,KPK,34.0151,71.5249,349.0,25.435999,33.836002,29.450583,0.6,5.446964,79.26783,961.4143,25.221415,16.0,,8.400003,False,False,Light,Calm
2024-09-10 00:00:00+05:00,2024,9,10,1,False,Autumn,Peshawar,KPK,34.0151,71.5249,349.0,25.636,35.686,30.11725,1.1,6.2602468,77.08739,961.52,25.402666,21.041666,,10.050001,True,False,Light,Calm
2024-09-10 00:00:00+05:00,2024,9,10,1,False,Autumn,Peshawar,KPK,34.0151,71.5249,349.0,26.536,36.786003,30.579752,0.1,6.390295,70.27924,961.4018,24.258917,19.458334,,10.250004,True,False,Light,Calm
2024-09-10 00:00:00+05:00,2024,9,10,1,False,Autumn,Peshawar,KPK,34.0151,71.5249,349.0,23.185999,32.836002,27.856833,7.2,6.1958156,76.558495,963.862,23.065168,48.291668,,9.650003,False,False,Moderate,Calm
2024-09-10 00:00:00+05:00,2024,9,10,1,False,Autumn,Peshawar,KPK,34.0151,71.5249,349.0,24.435999,34.386,29.608915,1.1,5.7761683,72.91364,962.7353,23.854746,23.791666,,9.950003,False,False,Light,Calm
2024-09-10 00:00:00+05:00,2024,9,10,1,False,Autumn,Peshawar,KPK,34.0151,71.5249,349.0,24.786,35.486,30.029753,0.0,5.516477,72.167175,963.21564,24.085997,22.541666,,10.700001,True,False,No Rain,Calm
2024-09-10 00:00:00+05:00,2024,9,10,1,False,Autumn,Peshawar,KPK,34.0151,71.5249,349.0,24.036,33.236,28.508917,13.0,4.7358274,80.592636,966.10345,24.565165,26.666666,,9.200001,False,False,Moderate,Calm
2024-09-10 00:00:00+05:00,2024,9,10,1,False,Autumn,Peshawar,KPK,34.0151,71.5249,349.0,26.386,33.236,29.435997,1.4000001,4.5232525,81.29596,963.9899,25.723495,23.166666,,6.8500004,False,False,Light,Calm
2024-09-10 00:00:00+05:00,2024,9,10,1,False,Autumn,Peshawar,KPK,34.0151,71.5249,349.0,25.685999,34.136,29.817251,3.8,4.6304355,82.8576,961.6003,26.396416,36.666668,,8.450003,False,False,Light,Calm
2024-09-10 00:00:00+05:00,2024,9,10,1,False,Autumn,Peshawar,KPK,34.0151,71.5249,349.0,27.736,36.236,31.01725,0.8,5.227406,76.14637,960.43823,26.058916,72.375,,8.5,True,False,Light,Calm
2024-09-10 00:00:00+05:00,2024,9,10,1,False,Autumn,Peshawar,KPK,34.0151,71.5249,349.0,25.636,34.436,29.606834,3.3,5.314795,82.49274,960.5969,26.098503,66.625,,8.800001,False,False,Light,Calm
2024-09-10 00:00:00+05:00,2024,9,10,1,False,Autumn,Peshawar,KPK,34.0151,71.5249,349.0,26.286,32.936,29.056833,7.7,5.9735007,83.20875,963.0981,25.765162,74.041664,,6.6500015,False,False,Moderate,Calm
2024-09-10 00:00:00+05:00,2024,9,10,1,False,Autumn,Peshawar,KPK,34.0151,71.5249,349.0,23.935999,31.636,27.306833,3.9999995,6.4270864,85.84934,963.462,24.577665,78.458336,,7.700001,False,False,Light,Calm
2024-09-10 00:00:00+05:00,2024,9,10,1,False,Autumn,Peshawar,KPK,34.0151,71.5249,349.0,23.786,32.736,27.896416,4.5,5.6533647,82.37781,962.2054,24.431833,57.291668,,8.950001,False,False,Light,Calm
2024-09-10 00:00:00+05:00,2024,9,10,1,False,Autumn,Peshawar,KPK,34.0151,71.5249,349.0,24.236,31.286,27.036001,24.000002,6.0458007,85.15772,963.80884,24.196413,63.291668,,7.049999,False,False,Heavy,Calm
2024-09-10 00:00:00+05:00,2024,9,10,1,False,Autumn,Peshawar,KPK,34.0151,71.5249,349.0,23.536,28.836,25.775581,23.7,5.795914,87.35422,966.2088,23.427668,80.833336,,5.300001,False,False,Heavy,Calm
2024-09-10 00:00:00+05:00,2024,9,10,1,False,Autumn,Peshawar,KPK,34.0151,71.5249,349.0,23.236,30.435999,26.071413,17.1,3.9342258,83.98931,965.7642,22.967253,46.375,,7.199999,False,False,Moderate,Calm
2024-09-10 00:00:00+05:00,2024,9,10,1,False,Autumn,Peshawar,KPK,34.0151,71.5249,349.0,23.685999,32.886,28.16725,0.0,2.9704497,77.73261,963.8693,23.608917,1.625,,9.200003,False,False,No Rain,Calm
2024-09-10 00:00:00+05:00,2024,9,10,1,False,Autumn,Peshawar,KPK,34.0151,71.5249,349.0,23.286,31.786001,27.702667,12.1,5.3249784,82.55424,964.02814,24.275581,29.208334,,8.500002,False,False,Moderate,Calm
2024-09-10 00:00:00+05:00,2024,9,10,1,False,Autumn,Peshawar,KPK,34.0151,71.5249,349.0,25.386,33.736,29.340166,0.0,4.6116395,77.49611,960.1745,24.700583,9.083333,,8.35,False,False,No Rain,Calm
2024-09-10 00:00:00+05:00,2024,9,10,1,False,Autumn,Peshawar,KPK,34.0151,71.5249,349.0,23.886,31.136,27.700579,7.3,5.4622626,84.12197,960.1202,24.683914,35.416668,,7.25,False,False,Moderate,Calm
2024-09-10 00:00:00+05:00,2024,9,10,1,False,Autumn,Peshawar,KPK,34.0151,71.5249,349.0,22.636,29.935999,25.933914,6.7,6.3827357,82.69267,963.7968,22.5735,60.375,,7.299999,False,False,Moderate,Calm
2024-09-10 00:00:00+05:00,2024,9,10,1,False,Autumn,Peshawar,KPK,34.0151,71.5249,349.0,21.536,33.586002,27.600584,4.2,5.941269,77.36773,963.5042,22.827665,16.0,,12.050003,False,False,Light,Calm
2024-09-10 00:00:00+05:00,2024,9,10,1,False,Autumn,Peshawar,KPK,34.0151,71.5249,349.0,24.336,34.336002,28.781832,0.0,4.7908063,73.71726,963.1329,23.242249,9.666667,,10.000002,False,False,No Rain,Calm
2024-09-10 00:00:00+05:00,2024,9,10,1,False,Autumn,Peshawar,KPK,34.0151,71.5249,349.0,23.386,33.286003,28.138083,0.0,5.216864,73.450356,964.88666,22.615166,10.583333,,9.900003,False,False,No Rain,Calm
2024-09-10 00:00:00+05:00,2024,9,10,1,False,Autumn,Peshawar,KPK,34.0151,71.5249,349.0,23.986,34.386,28.935997,0.0,3.8981955,76.25504,962.81024,23.919333,0.75,,10.400002,False,False,No Rain,Calm
2024-09-10 00:00:00+05:00,2024,9,10,1,False,Autumn,Peshawar,KPK,34.0151,71.5249,349.0,24.935999,34.936,29.656832,4.2999997,4.9558196,76.94713,962.9287,24.808914,19.333334,,10.000002,False,False,Light,Calm
2024-09-10 00:00:00+05:00,2024,9,10,1,False,Autumn,Peshawar,KPK,34.0151,71.5249,349.0,23.636,29.586,26.021414,8.6,5.003267,84.95741,967.16046,23.185999,70.708336,,5.950001,False,False,Moderate,Calm
2024-09-10 00:00:00+05:00,2024,9,10,1,False,Autumn,Peshawar,KPK,34.0151,71.5249,349.0,23.336,33.186,27.50683,4.6,5.661159,80.2756,963.9942,23.511002,30.416666,,9.85,False,False,Light,Calm
2024-09-10 00:00:00+05:00,2024,9,10,1,False,Autumn,Peshawar,KPK,34.0151,71.5249,349.0,21.636,31.136,26.067247,9.400001,5.20811,80.53733,962.0493,22.192245,63.333332,,9.5,False,False,Moderate,Calm
2024-09-10 00:00:00+05:00,2024,9,10,1,False,Autumn,Peshawar,KPK,34.0151,71.5249,349.0,22.036,32.136,26.492249,1.0,5.4761424,77.56514,963.3885,21.908913,35.541668,,10.100002,False,False,Light,Calm
2024-09-10 00:00:00+05:00,2024,9,10,1,False,Autumn,Peshawar,KPK,34.0151,71.5249,349.0,21.386,30.435999,26.031836,1.6000001,4.5674787,80.090996,966.31866,22.067247,42.166668,,9.049999,False,False,Light,Calm
2024-09-10 00:00:00+05:00,2024,9,10,1,False,Autumn,Peshawar,KPK,34.0151,71.5249,349.0,23.036,33.586002,27.931833,0.0,3.3162067,74.7369,967.0472,22.519331,14.208333,,10.550003,False,False,No Rain,Calm
2024-09-10 00:00:00+05:00,2024,9,10,1,False,Autumn,Peshawar,KPK,34.0151,71.5249,349.0,23.336,33.786003,28.258919,0.0,3.603881,76.686516,966.69965,23.208918,3.2083333,,10.450003,False,False,No Rain,Calm
2024-09-10 00:00:00+05:00,2024,9,10,1,False,Autumn,Peshawar,KPK,34.0151,71.5249,349.0,23.986,34.036003,28.933916,0.0,3.6127946,73.7824,966.3723,23.285997,4.1666665,,10.050003,False,False,No Rain,Calm
2024-09-10 00:00:00+05:00,2024,9,10,1,False,Autumn,Peshawar,KPK,34.0151,71.5249,349.0,23.486,32.786003,27.915167,3.7,5.73102,77.07363,966.86615,23.238083,34.166668,,9.300003,False,False,Light,Calm
2024-09-10 00:00:00+05:00,2024,9,10,1,False,Autumn,Peshawar,KPK,34.0151,71.5249,349.0,23.685999,34.386,28.542246,0.2,4.398931,72.47782,966.9368,22.573496,14.416667,,10.700003,False,False,Light,Calm
2024-09-10 00:00:00+05:00,2024,9,10,1,False,Autumn,Peshawar,KPK,34.0151,71.5249,349.0,24.435999,35.736,29.713083,0.0,3.8401983,66.025475,967.7022,21.748497,3.7083333,,11.300001,True,False,No Rain,Calm
2024-09-10 00:00:00+05:00,2024,9,10,1,False,Autumn,Peshawar,KPK,34.0151,71.5249,349.0,24.786,35.736,30.027664,0.0,5.192656,63.273335,965.87836,21.617249,0.8333333,,10.950001,True,False,No Rain,Calm
2024-09-10 00:00:00+05:00,2024,9,10,1,False,Autumn,Peshawar,KPK,34.0151,71.5249,349.0,24.636,37.236,30.623503,0.0,6.1416507,61.07152,964.01654,21.563082,3.8333333,,12.6,True,False,No Rain,Calm
2024-09-10 00:00:00+05:00,2024,9,10,1,False,Autumn,Peshawar,KPK,34.0151,71.5249,349.0,25.836,35.986,30.629747,0.0,5.846928,65.43229,965.8145,22.986,11.833333,,10.15,True,False,No Rain,Calm
2024-09-10 00:00:00+05:00,2024,9,10,1,False,Autumn,Peshawar,KPK,34.0151,71.5249,349.0,25.836,33.986,29.783918,0.3,4.7306333,70.96136,966.8129,23.677666,26.208334,,8.15,False,False,Light,Calm
2024-09-10 00:00:00+05:00,2024,9,10,1,False,Autumn,Peshawar,KPK,34.0151,71.5249,349.0,26.286,36.236,30.775583,0.0,5.2719274,67.254166,966.0088,23.631834,14.625,,9.950001,True,False,No Rain,Calm
2024-09-10 00:00:00+05:00,2024,9,10,1,False,Autumn,Peshawar,KPK,34.0151,71.5249,349.0,26.536,34.936,30.431831,0.0,7.125908,65.65226,964.096,23.004747,18.125,,8.400002,False,False,No Rain,Calm
2024-09-10 00:00:00+05:00,2024,9,10,1,False,Autumn,Peshawar,KPK,34.0151,71.5249,349.0,24.836,33.586002,29.219332,0.0,4.599375,62.13945,965.49115,20.908916,26.291666,,8.750002,False,False,No Rain,Calm
2024-09-10 00:00:00+05:00,2024,9,10,1,False,Autumn,Peshawar,KPK,34.0151,71.5249,349.0,24.086,35.886,30.483917,2.0,4.724422,58.63998,965.86743,20.777666,16.958334,,11.800001,True,False,Light,Calm
2024-09-10 00:00:00+05:00,2024,9,10,1,False,Autumn,Peshawar,KPK,34.0151,71.5249,349.0,23.685999,31.935999,28.040169,0.1,5.208816,62.41577,966.6511,20.00058,20.833334,,8.25,False,False,Light,Calm
2024-09-10 00:00:00+05:00,2024,9,10,1,False,Autumn,Peshawar,KPK,34.0151,71.5249,349.0,22.935999,34.786003,29.167252,2.4,4.5247035,60.002148,967.27686,19.588083,14.541667,,11.850004,False,False,Light,Calm
2024-09-10 00:00:00+05:00,2024,9,10,1,False,Autumn,Peshawar,KPK,34.0151,71.5249,349.0,24.435999,35.236,29.723501,0.0,3.834244,60.938396,966.6953,20.6985,4.0416665,,10.800001,True,False,No Rain,Calm
2024-09-10 00:00:00+05:00,2024,9,10,1,False,Autumn,Peshawar,KPK,34.0151,71.5249,349.0,24.636,35.836002,29.986,0.0,4.8273053,59.627117,965.3212,20.560999,2.2083333,,11.200003,True,False,No Rain,Calm
2024-09-10 00:00:00+05:00,2024,9,10,1,False,Autumn,Peshawar,KPK,34.0151,71.5249,349.0,24.886,35.736,30.185995,0.0,4.583451,62.453014,965.6231,21.679749,1.5416666,,10.85,True,False,No Rain,Calm
2024-09-10 00:00:00+05:00,2024,9,10,1,False,Autumn,Peshawar,KPK,34.0151,71.5249,349.0,25.386,36.086002,30.375582,0.0,3.1799161,61.86059,965.3942,21.410997,4.7083335,,10.700003,True,False,No Rain,Calm
2024-09-10 00:00:00+05:00,2024,9,10,1,False,Autumn,Peshawar,KPK,34.0151,71.5249,349.0,24.636,36.136,29.919333,0.0,3.4888499,62.05342,963.8218,20.850584,2.25,,11.500002,True,False,No Rain,Calm
2024-09-10 00:00:00+05:00,2024,9,10,1,False,Autumn,Peshawar,KPK,34.0151,71.5249,349.0,23.586,32.086002,27.373503,2.1,4.812979,67.26328,966.14996,20.346413,17.666666,,8.500002,False,False,Light,Calm
2024-09-10 00:00:00+05:00,2024,9,10,1,False,Autumn,Peshawar,KPK,34.0151,71.5249,349.0,21.386,34.736,27.583918,0.0,2.2819812,64.07644,967.3484,19.106833,1.7083334,,13.35,False,False,No Rain,Calm
2024-09-10 00:00:00+05:00,2024,9,10,1,False,Autumn,Peshawar,KPK,34.0151,71.5249,349.0,21.086,34.686,27.156832,0.0,2.8198092,65.45551,969.31647,19.279749,0.7083333,,13.6,False,False,No Rain,Calm
2024-09-10 00:00:00+05:00,2024,9,10,1,False,Autumn,Peshawar,KPK,34.0151,71.5249,349.0,20.636,33.936,26.890162,0.0,3.131706,65.27922,968.24493,18.890165,1.2916666,,13.300001,False,False,No Rain,Calm
2024-09-10 00:00:00+05:00,2024,9,10,1,False,Autumn,Peshawar,KPK,34.0151,71.5249,349.0,21.486,33.836002,27.404749,0.0,2.5659964,66.039894,966.7021,19.698498,6.125,,12.350002,False,False,No Rain,Calm
2024-09-10 00:00:00+05:00,2024,9,10,1,False,Autumn,Peshawar,KPK,34.0151,71.5249,349.0,21.736,34.686,27.717249,0.0,4.3509307,62.910343,964.3013,19.104748,0.625,,12.950001,False,False,No Rain,Calm
2024-09-10 00:00:00+05:00,2024,9,10,1,False,Autumn,Peshawar,KPK,34.0151,71.5249,349.0,21.586,32.236,26.800583,0.0,3.8654118,64.90424,964.83765,19.169334,21.583334,,10.65,False,False,No Rain,Calm
2024-09-10 00:00:00+05:00,2024,9,10,1,False,Autumn,Peshawar,KPK,34.0151,71.5249,349.0,21.086,32.336002,26.152666,0.0,6.1331506,64.66515,968.5871,18.383915,19.875,,11.250002,False,False,No Rain,Calm
2024-09-10 00:00:00+05:00,2024,9,10,1,False,Autumn,Peshawar,KPK,34.0151,71.5249,349.0,21.286,29.586,25.098501,0.2,4.743445,68.75182,973.0549,18.442247,21.375,,8.300001,False,False,Light,Calm
2024-09-10 00:00:00+05:00,2024,9,10,1,False,Autumn,Peshawar,KPK,34.0151,71.5249,349.0,20.636,31.386,25.760996,0.0,3.7675817,65.64419,969.64087,17.935995,5.6666665,,10.75,False,False,No Rain,Calm
2024-09-10 00:00:00+05:00,2024,9,10,1,False,Autumn,Peshawar,KPK,34.0151,71.5249,349.0,18.486,26.636,21.775583,12.5,5.489967,76.52044,968.84247,17.144333,53.208332,,8.15,False,False,Moderate,Calm
2024-09-10 00:00:00+05:00,2024,9,10,1,False,Autumn,Peshawar,KPK,34.0151,71.5249,349.0,16.435999,22.386,18.446413,6.7999997,6.711101,80.70777,971.6404,14.7985,82.416664,,5.950001,False,False,Moderate,Calm
2024-09-10 00:00:00+05:00,2024,9,10,1,False,Autumn,Peshawar,KPK,34.0151,71.5249,349.0,14.886,25.586,19.823498,0.1,3.0079393,68.90906,972.2338,13.217248,23.958334,,10.700001,False,False,Light,Calm
2024-09-10 00:00:00+05:00,2024,9,10,1,False,Autumn,Peshawar,KPK,34.0151,71.5249,349.0,14.886,28.336,20.963081,0.0,2.6114123,61.981842,973.1291,12.315166,0.29166666,,13.450001,False,False,No Rain,Calm
2024-09-10 00:00:00+05:00,2024,9,10,1,False,Autumn,Peshawar,KPK,34.0151,71.5249,349.0,14.636,28.886,21.50683,0.0,3.9564726,59.736084,973.84515,12.371417,0.5,,14.25,False,False,No Rain,Calm
2024-09-10 00:00:00+05:00,2024,9,10,1,False,Autumn,Peshawar,KPK,34.0151,71.5249,349.0,16.536,30.286,23.046417,0.0,4.735438,53.168247,972.00806,11.969333,3.125,,13.75,False,False,No Rain,Calm
2024-09-10 00:00:00+05:00,2024,9,10,1,False,Autumn,Peshawar,KPK,34.0151,71.5249,349.0,16.736,31.586,23.852667,0.0,1.8281641,45.582367,973.0214,10.063084,0.20833333,,14.85,False,False,No Rain,Calm
2024-09-10 00:00:00+05:00,2024,9,10,1,False,Autumn,Peshawar,KPK,34.0151,71.5249,349.0,15.785999,30.986,22.985998,0.0,4.248482,53.822475,971.6352,12.390167,0.0,,15.200001,False,False,No Rain,Calm
2024-09-10 00:00:00+05:00,2024,9,10,1,False,Autumn,Peshawar,KPK,34.0151,71.5249,349.0,17.086,31.086,23.506834,0.0,4.8543305,55.442005,972.1092,13.421416,0.0,,14.0,False,False,No Rain,Calm
2024-09-10 00:00:00+05:00,2024,9,10,1,False,Autumn,Peshawar,KPK,34.0151,71.5249,349.0,17.636,30.786,23.783915,0.0,5.1042614,59.084396,970.8841,14.611,0.0,,13.15,False,False,No Rain,Calm
2024-09-10 00:00:00+05:00,2024,9,10,1,False,Autumn,Peshawar,KPK,34.0151,71.5249,349.0,19.086,30.486,24.49225,0.0,4.495831,59.444244,972.05597,15.544332,0.0,,11.4,False,False,No Rain,Calm
2024-09-10 00:00:00+05:00,2024,9,10,1,False,Autumn,Peshawar,KPK,34.0151,71.5249,349.0,18.685999,31.836,24.796415,0.0,3.875643,59.507755,971.88116,15.573498,0.0,,13.150002,False,False,No Rain,Calm
2024-09-10 00:00:00+05:00,2024,9,10,1,False,Autumn,Peshawar,KPK,34.0151,71.5249,349.0,18.736,31.536,24.781832,0.0,3.98703,64.78114,973.3172,16.836,0.20833333,,12.799999,False,False,No Rain,Calm
2024-09-10 00:00:00+05:00,2024,9,10,1,False,Autumn,Peshawar,KPK,34.0151,71.5249,349.0,19.086,31.286,24.750582,0.0,4.671247,64.07203,972.63727,16.836,25.333334,,12.199999,False,False,No Rain,Calm
2024-09-10 00:00:00+05:00,2024,9,10,1,False,Autumn,Peshawar,KPK,34.0151,71.5249,349.0,18.786,30.886,24.45475,0.0,4.041045,65.39071,972.4148,16.6985,40.125,,12.1,False,False,No Rain,Calm
2024-09-10 00:00:00+05:00,2024,9,10,1,False,Autumn,Peshawar,KPK,34.0151,71.5249,349.0,17.986,31.386,24.188082,0.0,4.124478,59.042313,972.5109,14.581833,3.4166667,,13.4,False,False,No Rain,Calm
2024-09-10 00:00:00+05:00,2024,9,10,1,False,Autumn,Peshawar,KPK,34.0151,71.5249,349.0,16.586,30.685999,23.473501,0.0,3.314421,50.86879,974.56665,11.400581,5.0833335,,14.099998,False,False,No Rain,Calm
2024-09-10 00:00:00+05:00,2024,9,10,1,False,Autumn,Peshawar,KPK,34.0151,71.5249,349.0,16.185999,31.036,22.827665,0.0,2.830641,50.00983,974.4594,10.521416,0.25,,14.85,False,False,No Rain,Calm
2024-09-10 00:00:00+05:00,2024,9,10,1,False,Autumn,Peshawar,KPK,34.0151,71.5249,349.0,15.285999,30.986,22.406836,0.0,3.5324497,47.08936,973.35864,9.167249,0.0,,15.700001,False,False,No Rain,Calm
2024-09-10 00:00:00+05:00,2024,9,10,1,False,Autumn,Peshawar,KPK,34.0151,71.5249,349.0,15.436,29.986,22.217249,0.0,4.14267,50.46603,973.2198,10.481833,0.0,,14.55,False,False,No Rain,Calm
2024-09-10 00:00:00+05:00,2024,9,10,1,False,Autumn,Peshawar,KPK,34.0151,71.5249,349.0,15.935999,29.536,22.233917,0.0,4.0528426,54.101612,972.75055,11.577667,0.29166666,,13.6,False,False,No Rain,Calm
2024-09-10 00:00:00+05:00,2024,9,10,1,False,Autumn,Quetta,Balochistan,30.1798,66.975,1645.0,17.4145,31.0645,23.749916,0.0,6.0532928,13.460888,835.1775,-6.7000833,0.0,,13.650002,False,False,No Rain,Calm
2024-09-10 00:00:00+05:00,2024,9,10,1,False,Autumn,Quetta,Balochistan,30.1798,66.975,1645.0,18.0145,31.4145,24.379082,0.0,6.544019,14.598081,836.5839,-4.8709164,0.0,,13.4,False,False,No Rain,Calm
2024-09-10 00:00:00+05:00,2024,9,10,1,False,Autumn,Quetta,Balochistan,30.1798,66.975,1645.0,18.9645,30.3145,24.870752,0.0,7.028481,13.613827,836.6704,-5.2855,0.0,,11.35,False,False,No Rain,Calm
2024-09-10 00:00:00+05:00,2024,9,10,1,False,Autumn,Quetta,Balochistan,30.1798,66.975,1645.0,17.6645,30.0145,24.074915,0.0,6.900122,12.45525,834.68384,-7.5063343,0.0,,12.35,False,False,No Rain,Calm
2024-09-10 00:00:00+05:00,2024,9,10,1,False,Autumn,Quetta,Balochistan,30.1798,66.975,1645.0,15.1145,28.7145,22.091585,0.0,6.874848,15.568054,833.1851,-6.4167504,0.0,,13.6,False,False,No Rain,Calm
2024-09-10 00:00:00+05:00,2024,9,10,1,False,Autumn,Quetta,Balochistan,30.1798,66.975,1645.0,14.3645,29.3145,22.247833,0.0,7.6790824,29.457537,835.42035,0.34158325,0.0,,14.950001,False,False,No Rain,Calm
2024-09-10 00:00:00+05:00,2024,9,10,1,False,Autumn,Quetta,Balochistan,30.1798,66.975,1645.0,16.1145,29.6645,23.316584,0.0,7.324028,29.520739,837.67474,2.9728334,11.333333,,13.549999,False,False,No Rain,Calm
2024-09-10 00:00:00+05:00,2024,9,10,1,False,Autumn,Quetta,Balochistan,30.1798,66.975,1645.0,19.3645,30.8145,24.820753,0.0,8.333928,24.265198,839.85645,2.0124166,3.7916667,,11.450001,False,False,No Rain,Calm
2024-09-10 00:00:00+05:00,2024,9,10,1,False,Autumn,Quetta,Balochistan,30.1798,66.975,1645.0,19.5145,30.0645,24.847837,0.0,5.92136,21.5632,839.2083,0.25825003,0.0,,10.550001,False,False,No Rain,Calm
2024-09-10 00:00:00+05:00,2024,9,10,1,False,Autumn,Quetta,Balochistan,30.1798,66.975,1645.0,16.5145,31.5145,24.266584,0.0,7.939689,42.57391,839.3239,6.506167,0.29166666,,15.0,False,False,No Rain,Calm
2024-09-10 00:00:00+05:00,2024,9,10,1,False,Autumn,Quetta,Balochistan,30.1798,66.975,1645.0,18.3145,32.3145,25.63325,0.0,6.920433,28.418646,839.62384,1.8978329,0.0,,13.999998,False,False,No Rain,Calm
2024-09-10 00:00:00+05:00,2024,9,10,1,False,Autumn,Quetta,Balochistan,30.1798,66.975,1645.0,20.0145,33.8145,26.63117,0.0,8.851562,18.882658,839.88324,-0.56675017,0.45833334,,13.799999,False,False,No Rain,Calm
2024-09-10 00:00:00+05:00,2024,9,10,1,False,Autumn,Quetta,Balochistan,30.1798,66.975,1645.0,18.9645,33.514503,26.42492,0.0,8.744177,30.337564,840.1789,4.124918,0.16666667,,14.550003,False,False,No Rain,Calm
2024-09-10 00:00:00+05:00,2024,9,10,1,False,Autumn,Quetta,Balochistan,30.1798,66.975,1645.0,18.7145,34.114502,26.393667,0.0,8.098266,33.921505,839.87396,4.4457507,0.041666668,,15.400002,False,False,No Rain,Calm
2024-09-10 00:00:00+05:00,2024,9,10,1,False,Autumn,Quetta,Balochistan,30.1798,66.975,1645.0,20.3645,34.264503,27.522833,0.0,6.4693103,23.810448,839.1524,0.1915832,0.0,,13.900003,False,False,No Rain,Calm
2024-09-10 00:00:00+05:00,2024,9,10,1,False,Autumn,Quetta,Balochistan,30.1798,66.975,1645.0,22.2145,33.9645,27.83533,0.0,5.955942,17.026743,838.35254,-2.4042494,0.0,,11.75,False,False,No Rain,Calm
2024-09-10 00:00:00+05:00,2024,9,10,1,False,Autumn,Quetta,Balochistan,30.1798,66.975,1645.0,17.4645,32.5145,25.733252,0.0,7.7489986,34.43646,836.9714,3.216584,0.0,,15.049999,False,False,No Rain,Calm
2024-09-10 00:00:00+05:00,2024,9,10,1,False,Autumn,Quetta,Balochistan,30.1798,66.975,1645.0,16.2645,30.9145,24.262419,0.0,9.469966,37.353443,836.6589,4.860333,0.0,,14.65,False,False,No Rain,Calm
2024-09-10 00:00:00+05:00,2024,9,10,1,False,Autumn,Quetta,Balochistan,30.1798,66.975,1645.0,17.5645,29.9645,23.697836,0.0,7.4823337,25.70053,838.43066,2.2499168,0.0,,12.4,False,False,No Rain,Calm
2024-09-10 00:00:00+05:00,2024,9,10,1,False,Autumn,Quetta,Balochistan,30.1798,66.975,1645.0,17.1145,30.2645,23.464499,0.0,8.676176,40.157352,840.4985,7.299916,8.125,,13.15,False,False,No Rain,Calm
2024-09-10 00:00:00+05:00,2024,9,10,1,False,Autumn,Quetta,Balochistan,30.1798,66.975,1645.0,16.664501,29.9145,23.633253,0.0,7.2454967,41.67157,841.9939,7.139499,1.25,,13.249998,False,False,No Rain,Calm
2024-09-10 00:00:00+05:00,2024,9,10,1,False,Autumn,Quetta,Balochistan,30.1798,66.975,1645.0,17.4645,28.8145,23.835335,0.0,7.5916677,26.115732,841.19415,2.6061666,0.0,,11.35,False,False,No Rain,Calm
2024-09-10 00:00:00+05:00,2024,9,10,1,False,Autumn,Quetta,Balochistan,30.1798,66.975,1645.0,17.2145,28.9645,23.641584,0.0,9.649047,23.540764,840.8948,0.893667,0.0,,11.75,False,False,No Rain,Calm
2024-09-10 00:00:00+05:00,2024,9,10,1,False,Autumn,Quetta,Balochistan,30.1798,66.975,1645.0,17.3645,28.8145,23.447836,0.0,6.624514,19.558329,839.4062,-1.5271667,0.0,,11.450001,False,False,No Rain,Calm
2024-09-10 00:00:00+05:00,2024,9,10,1,False,Autumn,Quetta,Balochistan,30.1798,66.975,1645.0,16.7645,29.1145,23.547834,0.0,6.048453,18.610685,837.9495,-2.606333,0.0,,12.35,False,False,No Rain,Calm
2024-09-10 00:00:00+05:00,2024,9,10,1,False,Autumn,Quetta,Balochistan,30.1798,66.975,1645.0,15.8145,29.8145,23.077003,0.0,7.7705865,21.140144,838.46893,-2.37925,6.875,,14.000001,False,False,No Rain,Calm
2024-09-10 00:00:00+05:00,2024,9,10,1,False,Autumn,Quetta,Balochistan,30.1798,66.975,1645.0,15.0645,28.2645,21.654083,0.0,12.336347,54.306705,841.0661,10.068667,13.041667,,13.2,False,False,No Rain,Breezy
2024-09-10 00:00:00+05:00,2024,9,10,1,False,Autumn,Quetta,Balochistan,30.1798,66.975,1645.0,16.3645,22.8145,19.65617,2.4,8.326581,62.12237,843.50275,11.368667,39.75,,6.450001,False,False,Light,Calm
2024-09-10 00:00:00+05:00,2024,9,10,1,False,Autumn,Quetta,Balochistan,30.1798,66.975,1645.0,13.8645,23.3145,18.814503,0.0,7.9950967,43.590588,842.7896,4.262417,0.041666668,,9.450001,False,False,No Rain,Calm
2024-09-10 00:00:00+05:00,2024,9,10,1,False,Autumn,Quetta,Balochistan,30.1798,66.975,1645.0,12.6145,23.8145,18.50825,0.0,6.888395,31.626282,840.9666,-0.05424996,0.0,,11.200001,False,False,No Rain,Calm
2024-09-10 00:00:00+05:00,2024,9,10,1,False,Autumn,Quetta,Balochistan,30.1798,66.975,1645.0,12.6145,23.7645,18.356167,0.0,6.6692905,22.573372,840.0388,-4.56675,0.0,,11.15,False,False,No Rain,Calm
2024-09-10 00:00:00+05:00,2024,9,10,1,False,Autumn,Quetta,Balochistan,30.1798,66.975,1645.0,15.4645,24.3145,19.677,0.0,5.6055603,17.234037,840.86694,-6.7959175,0.0,,8.85,False,False,No Rain,Calm
2024-09-10 00:00:00+05:00,2024,9,10,1,False,Autumn,Quetta,Balochistan,30.1798,66.975,1645.0,15.9145,25.9645,19.99575,0.0,6.3342953,17.473577,840.3393,-6.1146665,0.0,,10.05,False,False,No Rain,Calm
2024-09-10 00:00:00+05:00,2024,9,10,1,False,Autumn,Quetta,Balochistan,30.1798,66.975,1645.0,14.7645,26.1145,19.927002,0.0,7.1223817,20.46088,840.3625,-5.1313334,0.0,,11.35,False,False,No Rain,Calm
2024-09-10 00:00:00+05:00,2024,9,10,1,False,Autumn,Quetta,Balochistan,30.1798,66.975,1645.0,13.1645,25.6145,19.672834,0.0,6.6570053,21.479765,841.14557,-6.0521665,0.0,,12.45,False,False,No Rain,Calm
2024-09-10 00:00:00+05:00,2024,9,10,1,False,Autumn,Quetta,Balochistan,30.1798,66.975,1645.0,12.4645,26.0145,20.13325,0.0,6.4629116,19.620562,841.7739,-6.0521665,0.083333336,,13.549999,False,False,No Rain,Calm
2024-09-10 00:00:00+05:00,2024,9,10,1,False,Autumn,Quetta,Balochistan,30.1798,66.975,1645.0,15.3645,26.4645,21.264502,0.0,6.824638,15.739002,841.1807,-6.3250833,18.75,,11.1,False,False,No Rain,Calm
2024-09-10 00:00:00+05:00,2024,9,10,1,False,Autumn,Quetta,Balochistan,30.1798,66.975,1645.0,17.1645,26.1145,21.304087,0.0,7.0644937,18.4463,841.27985,-4.010499,0.0,,8.950001,False,False,No Rain,Calm
2024-09-10 00:00:00+05:00,2024,9,10,1,False,Autumn,Quetta,Balochistan,30.1798,66.975,1645.0,15.8145,25.4645,19.95825,0.0,6.558708,20.983952,840.9683,-4.1375833,0.0,,9.650001,False,False,No Rain,Calm
2024-09-10 00:00:00+05:00,2024,9,10,1,False,Autumn,Quetta,Balochistan,30.1798,66.975,1645.0,15.1145,24.7645,19.491587,0.0,5.5319614,19.147417,841.5555,-5.4334164,0.0,,9.65,False,False,No Rain,Calm
2024-09-10 00:00:00+05:00,2024,9,10,1,False,Autumn,Quetta,Balochistan,30.1798,66.975,1645.0,14.5145,25.2145,19.908253,0.0,6.8431907,19.92729,841.37866,-4.9459167,0.0,,10.700001,False,False,No Rain,Calm
2024-09-10 00:00:00+05:00,2024,9,10,1,False,Autumn,Quetta,Balochistan,30.1798,66.975,1645.0,13.8145,25.8645,19.893667,0.0,5.5891438,21.64028,841.44574,-4.31675,0.0,,12.05,False,False,No Rain,Calm
2024-09-10 00:00:00+05:00,2024,9,10,1,False,Autumn,Quetta,Balochistan,30.1798,66.975,1645.0,12.4645,26.0645,19.214504,0.0,9.330517,33.195164,841.32574,1.4936668,12.833333,,13.6,False,False,No Rain,Calm
2024-09-10 00:00:00+05:00,2024,9,10,1,False,Autumn,Quetta,Balochistan,30.1798,66.975,1645.0,13.8145,25.9145,19.693666,0.1,9.251514,41.144253,842.44995,4.854083,13.958333,,12.099999,False,False,Light,Calm
2024-09-10 00:00:00+05:00,2024,9,10,1,False,Autumn,Quetta,Balochistan,30.1798,66.975,1645.0,13.5645,25.6145,19.908249,0.0,7.6621146,39.65082,843.5219,4.5895004,0.125,,12.05,False,False,No Rain,Calm
2024-09-10 00:00:00+05:00,2024,9,10,1,False,Autumn,Quetta,Balochistan,30.1798,66.975,1645.0,15.6145,27.0145,21.116583,0.0,6.9431605,31.832949,843.19214,3.1353333,0.8333333,,11.4,False,False,No Rain,Calm
2024-09-10 00:00:00+05:00,2024,9,10,1,False,Autumn,Quetta,Balochistan,30.1798,66.975,1645.0,14.3645,26.5645,20.733255,0.0,7.800319,36.06646,843.3274,4.6520004,0.0,,12.200001,False,False,No Rain,Calm
2024-09-10 00:00:00+05:00,2024,9,10,1,False,Autumn,Quetta,Balochistan,30.1798,66.975,1645.0,15.5145,25.1645,20.118668,0.0,4.317368,35.44703,842.6026,3.6957505,0.0,,9.65,False,False,No Rain,Calm
2024-09-10 00:00:00+05:00,2024,9,10,1,False,Autumn,Quetta,Balochistan,30.1798,66.975,1645.0,14.4145,23.7645,18.960337,0.0,6.0189133,32.532516,840.2913,1.9020001,0.5,,9.349999,False,False,No Rain,Calm
2024-09-10 00:00:00+05:00,2024,9,10,1,False,Autumn,Quetta,Balochistan,30.1798,66.975,1645.0,13.7645,22.7145,18.085337,0.0,5.100284,36.496326,840.3918,2.6457498,0.0,,8.950001,False,False,No Rain,Calm
2024-09-10 00:00:00+05:00,2024,9,10,1,False,Autumn,Quetta,Balochistan,30.1798,66.975,1645.0,13.2145,22.3645,17.789501,0.0,5.8161445,31.105047,841.66675,0.031166753,13.5,,9.15,False,False,No Rain,Calm
2024-09-10 00:00:00+05:00,2024,9,10,1,False,Autumn,Quetta,Balochistan,30.1798,66.975,1645.0,14.6645,22.7645,18.185335,0.0,5.6686482,19.64463,843.3318,-5.8417506,8.291667,,8.099999,False,False,No Rain,Calm
2024-09-10 00:00:00+05:00,2024,9,10,1,False,Autumn,Quetta,Balochistan,30.1798,66.975,1645.0,13.3145,23.6645,18.374916,0.0,6.361353,23.278193,843.7873,-3.2271671,13.583333,,10.349999,False,False,No Rain,Calm
2024-09-10 00:00:00+05:00,2024,9,10,1,False,Autumn,Quetta,Balochistan,30.1798,66.975,1645.0,14.3645,24.8145,19.329084,0.0,4.7197566,26.881838,844.1066,-0.62299997,0.0,,10.450001,False,False,No Rain,Calm
2024-09-10 00:00:00+05:00,2024,9,10,1,False,Autumn,Quetta,Balochistan,30.1798,66.975,1645.0,14.7645,25.6645,20.422834,0.0,4.7887335,25.504244,844.17694,-0.32924998,0.0,,10.9,False,False,No Rain,Calm
2024-09-10 00:00:00+05:00,2024,9,10,1,False,Autumn,Quetta,Balochistan,30.1798,66.975,1645.0,16.4645,26.1645,20.856169,0.0,5.8648953,26.316702,843.5478,0.41449997,0.0,,9.699999,False,False,No Rain,Calm
2024-09-10 00:00:00+05:00,2024,9,10,1,False,Autumn,Quetta,Balochistan,30.1798,66.975,1645.0,15.2145,26.4145,20.57075,0.0,5.736756,26.8704,843.5125,0.087416686,0.0,,11.199999,False,False,No Rain,Calm
2024-09-10 00:00:00+05:00,2024,9,10,1,False,Autumn,Quetta,Balochistan,30.1798,66.975,1645.0,14.9645,27.1645,21.274918,0.0,6.255998,27.05806,844.99384,-0.0042499304,0.0,,12.199999,False,False,No Rain,Calm
2024-09-10 00:00:00+05:00,2024,9,10,1,False,Autumn,Quetta,Balochistan,30.1798,66.975,1645.0,14.2645,25.8645,20.391584,0.0,6.870022,21.931229,844.6011,-2.8354998,0.0,,11.6,False,False,No Rain,Calm
2024-09-10 00:00:00+05:00,2024,9,10,1,False,Autumn,Quetta,Balochistan,30.1798,66.975,1645.0,13.6145,24.6145,19.12075,0.0,6.205915,26.796526,843.8633,-0.8042497,0.16666667,,11.0,False,False,No Rain,Calm
2024-09-10 00:00:00+05:00,2024,9,10,1,False,Autumn,Quetta,Balochistan,30.1798,66.975,1645.0,13.9145,23.5645,18.547834,0.0,5.4251385,29.96572,843.7637,0.10825008,4.75,,9.650001,False,False,No Rain,Calm
2024-09-10 00:00:00+05:00,2024,9,10,1,False,Autumn,Quetta,Balochistan,30.1798,66.975,1645.0,12.8145,22.1145,17.160334,0.0,5.518049,31.012194,843.8288,-0.5959166,2.9583333,,9.3,False,False,No Rain,Calm
2024-09-10 00:00:00+05:00,2024,9,10,1,False,Autumn,Quetta,Balochistan,30.1798,66.975,1645.0,10.8145,19.5145,15.0374155,0.0,6.443579,33.93285,843.03314,-1.1355,36.708332,,8.7,False,False,No Rain,Calm
2024-09-10 00:00:00+05:00,2024,9,10,1,False,Autumn,Quetta,Balochistan,30.1798,66.975,1645.0,9.1645,18.6645,13.085336,0.0,3.8089497,33.1582,841.042,-3.4729998,21.958334,,9.499999,False,True,No Rain,Calm
2024-09-10 00:00:00+05:00,2024,9,10,1,False,Autumn,Quetta,Balochistan,30.1798,66.975,1645.0,8.0645,20.6145,13.441583,0.0,2.85622,25.524033,838.7759,-6.6771665,38.083332,,12.55,False,True,No Rain,Calm
2024-09-10 00:00:00+05:00,2024,9,10,1,False,Autumn,Quetta,Balochistan,30.1798,66.975,1645.0,8.7645,21.5145,14.054084,0.0,4.028026,29.693308,839.1255,-3.9229996,35.0,,12.75,False,True,No Rain,Calm
2024-09-10 00:00:00+05:00,2024,9,10,1,False,Autumn,Quetta,Balochistan,30.1798,66.975,1645.0,7.5145,17.2645,11.997834,0.0,5.7693133,44.286774,839.38763,-0.25633326,15.666667,,9.75,False,True,No Rain,Calm
2024-09-10 00:00:00+05:00,2024,9,10,1,False,Autumn,Quetta,Balochistan,30.1798,66.975,1645.0,5.5145,16.4645,10.535334,0.0,4.7757206,53.18256,839.24316,0.4790833,0.0,,10.950001,False,True,No Rain,Calm
2024-09-10 00:00:00+05:00,2024,9,10,1,False,Autumn,Quetta,Balochistan,30.1798,66.975,1645.0,5.9145,17.8145,11.4124155,0.0,4.2258954,43.966232,839.5845,-0.9354999,0.0,,11.900001,False,True,No Rain,Calm
2024-09-10 00:00:00+05:00,2024,9,10,1,False,Autumn,Quetta,Balochistan,30.1798,66.975,1645.0,6.1645,18.2645,11.739501,0.0,3.9946887,36.805973,840.65375,-3.4042501,0.41666666,,12.099999,False,True,No Rain,Calm
2024-09-10 00:00:00+05:00,2024,9,10,1,False,Autumn,Quetta,Balochistan,30.1798,66.975,1645.0,5.6645,18.2645,11.760333,0.0,3.682257,35.52064,841.33307,-3.8354998,0.0,,12.599999,False,True,No Rain,Calm
2024-09-10 00:00:00+05:00,2024,9,10,1,False,Autumn,Quetta,Balochistan,30.1798,66.975,1645.0,7.8145,19.5645,12.814499,0.0,2.8715494,34.798367,840.6037,-2.8646662,5.1666665,,11.750001,False,True,No Rain,Calm
2024-09-10 00:00:00+05:00,2024,9,10,1,False,Autumn,Quetta,Balochistan,30.1798,66.975,1645.0,7.6145,20.0145,13.366582,0.0,3.0999959,35.356014,840.0652,-2.262583,0.0,,12.4,False,True,No Rain,Calm
2024-09-10 00:00:00+05:00,2024,9,10,1,False,Autumn,Quetta,Balochistan,30.1798,66.975,1645.0,7.3145,19.7145,13.258248,0.0,4.166718,39.046307,839.4771,-0.88133335,7.375,,12.400001,False,True,No Rain,Calm
2024-09-10 00:00:00+05:00,2024,9,10,1,False,Autumn,Quetta,Balochistan,30.1798,66.975,1645.0,7.0145,18.1645,12.152001,0.0,5.962029,42.361797,839.4995,-0.76258326,9.333333,,11.15,False,True,No Rain,Calm
2024-09-10 00:00:00+05:00,2024,9,10,1,False,Autumn,Quetta,Balochistan,30.1798,66.975,1645.0,4.9645,17.3145,10.8145,0.0,3.7575333,36.234344,839.5242,-4.75425,3.7083333,,12.35,False,True,No Rain,Calm
2024-09-10 00:00:00+05:00,2024,9,10,1,False,Autumn,Quetta,Balochistan,30.1798,66.975,1645.0,7.4645,19.0145,12.5895,0.0,5.4768257,39.124012,840.1877,-1.35425,7.375,,11.549999,False,True,No Rain,Calm
2024-09-10 00:00:00+05:00,2024,9,10,1,False,Autumn,Quetta,Balochistan,30.1798,66.975,1645.0,6.2145,18.7645,12.031166,0.0,4.3645062,44.125427,840.62225,-1.1188332,4.25,,12.549999,False,True,No Rain,Calm
2024-09-10 00:00:00+05:00,2024,9,10,1,False,Autumn,Quetta,Balochistan,30.1798,66.975,1645.0,6.1145,19.2645,11.966583,0.0,3.4930506,35.00943,839.3016,-3.8396666,0.0,,13.15,False,True,No Rain,Calm
2024-09-10 00:00:00+05:00,2024,9,10,1,False,Autumn,Quetta,Balochistan,30.1798,66.975,1645.0,8.1645,21.5145,13.743667,0.0,6.18732,36.91512,838.86664,-1.5334169,1.7916666,,13.349999,False,True,No Rain,Calm
2024-09-10 00:00:00+05:00,2024,9,10,1,False,Autumn,Quetta,Balochistan,30.1798,66.975,1645.0,7.7145,16.5145,11.199918,11.4,6.869331,74.84121,839.0244,6.6540833,54.416668,,8.799999,False,True,Moderate,Calm
2024-09-10 00:00:00+05:00,2024,9,10,1,False,Autumn,Quetta,Balochistan,30.1798,66.975,1645.0,6.6645,17.0645,11.166584,0.5,4.364308,71.00681,838.46094,5.4374166,19.083334,,10.400001,False,True,Light,Calm
2024-09-10 00:00:00+05:00,2024,9,10,1,False,Autumn,Quetta,Balochistan,30.1798,66.975,1645.0,5.8145,14.4645,9.50825,1.0000001,3.8163302,71.83953,836.59393,4.3020005,15.666667,,8.650001,False,True,Light,Calm
2024-09-10 00:00:00+05:00,2024,9,10,1,False,Autumn,Quetta,Balochistan,30.1798,66.975,1645.0,5.4145,14.0145,8.5374155,0.1,4.0313125,66.083336,836.7512,2.0186665,14.625,,8.599999,False,True,Light,Calm
2024-09-10 00:00:00+05:00,2024,9,10,1,False,Autumn,Quetta,Balochistan,30.1798,66.975,1645.0,4.0645,13.5145,7.9915833,0.0,2.723615,53.224625,839.31006,-1.3334165,0.0,,9.45,False,True,No Rain,Calm
2024-09-10 00:00:00+05:00,2024,9,10,1,False,Autumn,Quetta,Balochistan,30.1798,66.975,1645.0,3.5145001,13.0145,7.276999,0.0,3.6817377,51.864765,839.43317,-2.6146665,0.0,,9.5,False,True,No Rain,Calm
2024-09-10 00:00:00+05:00,2024,9,10,1,False,Autumn,Quetta,Balochistan,30.1798,66.975,1645.0,1.5645001,12.0145,6.243666,0.0,4.2829137,47.92569,838.4937,-4.5375834,0.0,,10.45,False,True,No Rain,Calm
2024-09-10 00:00:00+05:00,2024,9,10,1,False,Autumn,Quetta,Balochistan,30.1798,66.975,1645.0,0.56450003,12.0645,5.3269997,0.0,3.650077,48.717915,837.87573,-5.2917504,0.0,,11.5,False,True,No Rain,Calm
2024-09-10 00:00:00+05:00,2024,9,10,1,False,Autumn,Quetta,Balochistan,30.1798,66.975,1645.0,0.91450006,10.4145,4.624917,0.0,4.4147954,39.419018,836.80206,-8.6605,0.0,,9.5,False,True,No Rain,Calm
2024-09-10 00:00:00+05:00,2024,9,10,1,False,Autumn,Quetta,Balochistan,30.1798,66.975,1645.0,-1.6854999,6.8145,2.399917,0.0,6.808258,47.025913,836.9637,-8.0605,0.0,,8.5,False,True,No Rain,Calm
2024-09-10 00:00:00+05:00,2024,9,10,1,False,Autumn,Quetta,Balochistan,30.1798,66.975,1645.0,-1.5355,9.9645,3.2457502,0.0,3.2588804,43.589268,837.81274,-9.068833,21.5,,11.5,False,True,No Rain,Calm
2024-09-10 00:00:00+05:00,2024,9,10,1,False,Autumn,Quetta,Balochistan,30.1798,66.975,1645.0,1.6145,11.6645,5.3853335,0.0,3.5593529,24.673065,837.1324,-13.841747,0.5833333,,10.05,False,True,No Rain,Calm
2024-09-10 00:00:00+05:00,2024,9,10,1,False,Autumn,Quetta,Balochistan,30.1798,66.975,1645.0,-1.6355,8.0145,3.1894999,0.0,6.584055,39.87254,838.36835,-9.552167,4.5833335,,9.65,False,True,No Rain,Calm
2024-09-10 00:00:00+05:00,2024,9,10,1,False,Autumn,Quetta,Balochistan,30.1798,66.975,1645.0,-3.1855001,8.3145,1.79575,0.0,2.4947343,50.52832,837.84796,-8.260499,0.0,,11.5,False,True,No Rain,Calm
2024-09-10 00:00:00+05:00,2024,9,10,1,False,Autumn,Quetta,Balochistan,30.1798,66.975,1645.0,1.2645,14.3145,6.074917,0.0,3.9108803,31.820784,837.74054,-11.479249,53.458332,,13.05,False,True,No Rain,Calm
2024-09-10 00:00:00+05:00,2024,9,10,1,False,Autumn,Quetta,Balochistan,30.1798,66.975,1645.0,1.6145,16.414501,7.1019998,0.0,4.767515,33.0604,836.8001,-10.089665,69.583336,,14.800001,False,True,No Rain,Calm
2024-09-10 00:00:00+05:00,2024,9,10,1,False,Autumn,Quetta,Balochistan,30.1798,66.975,1645.0,2.2645001,15.3645,7.964501,0.0,4.2334676,41.023758,838.0253,-5.6313343,59.833332,,13.1,False,True,No Rain,Calm
2024-09-10 00:00:00+05:00,2024,9,10,1,False,Autumn,Quetta,Balochistan,30.1798,66.975,1645.0,-0.1854999,8.3645,4.7540836,0.3,4.9318047,65.25205,840.1394,-1.6209167,57.208332,,8.55,False,True,Light,Calm
2024-09-10 00:00:00+05:00,2024,9,10,1,False,Autumn,Quetta,Balochistan,30.1798,66.975,1645.0,-2.9854999,10.5145,2.39575,0.0,2.721175,48.867695,837.3352,-7.741751,0.45833334,,13.5,False,True,No Rain,Calm
2024-09-10 00:00:00+05:00,2024,9,10,1,False,Autumn,Quetta,Balochistan,30.1798,66.975,1645.0,-1.1854999,9.9645,3.7270002,0.0,4.9483953,41.15909,834.6514,-9.079249,18.708334,,11.150001,False,True,No Rain,Calm
2024-09-10 00:00:00+05:00,2024,9,10,1,False,Autumn,Quetta,Balochistan,30.1798,66.975,1645.0,-0.03549993,11.9145,4.4915833,0.0,2.092451,32.807194,834.74286,-11.079249,0.0,,11.95,False,True,No Rain,Calm
2024-09-10 00:00:00+05:00,2024,9,10,1,False,Autumn,Quetta,Balochistan,30.1798,66.975,1645.0,0.21450007,11.4145,4.8895,0.0,1.9784075,28.701073,836.91895,-12.606334,0.0,,11.2,False,True,No Rain,Calm
2024-09-10 00:00:00+05:00,2024,9,10,1,False,Autumn,Quetta,Balochistan,30.1798,66.975,1645.0,1.0145,13.8145,5.9228325,0.0,2.2141051,32.122543,834.7768,-10.964668,38.916668,,12.8,False,True,No Rain,Calm
2024-09-10 00:00:00+05:00,2024,9,10,1,False,Autumn,Quetta,Balochistan,30.1798,66.975,1645.0,-0.5855,11.1145,4.18325,0.0,5.0607414,40.59815,832.0154,-8.883417,24.791666,,11.7,False,True,No Rain,Calm
2024-09-10 00:00:00+05:00,2024,9,10,1,False,Autumn,Quetta,Balochistan,30.1798,66.975,1645.0,-0.03549993,8.5645,3.199917,0.0,2.5990596,44.51462,835.1887,-8.183417,0.0,,8.599999,False,True,No Rain,Calm
2024-09-10 00:00:00+05:00,2024,9,10,1,False,Autumn,Quetta,Balochistan,30.1798,66.975,1645.0,-0.48549998,9.9645,3.741583,0.0,2.3996937,44.946793,837.45966,-7.6480007,0.20833333,,10.450001,False,True,No Rain,Calm
2024-09-10 00:00:00+05:00,2024,9,10,1,False,Autumn,Quetta,Balochistan,30.1798,66.975,1645.0,0.26450002,12.5645,5.093667,0.0,2.4889872,39.50155,837.6805,-8.641749,0.0,,12.3,False,True,No Rain,Calm
2024-09-10 00:00:00+05:00,2024,9,10,1,False,Autumn,Quetta,Balochistan,30.1798,66.975,1645.0,-0.08549994,10.3145,4.1999173,0.0,3.3411477,38.758663,838.67084,-9.193833,0.0,,10.4,False,True,No Rain,Calm
2024-09-10 00:00:00+05:00,2024,9,10,1,False,Autumn,Quetta,Balochistan,30.1798,66.975,1645.0,-0.8355,9.1145,2.9853334,0.0,2.6867952,45.935863,839.84937,-7.995917,0.0,,9.95,False,True,No Rain,Calm
2024-09-10 00:00:00+05:00,2024,9,10,1,False,Autumn,Quetta,Balochistan,30.1798,66.975,1645.0,-1.6854999,10.2645,3.52075,0.0,1.9456816,42.09714,839.5305,-8.9417515,0.0,,11.95,False,True,No Rain,Calm
2024-09-10 00:00:00+05:00,2024,9,10,1,False,Autumn,Quetta,Balochistan,30.1798,66.975,1645.0,1.3645,15.0145,6.2520003,0.0,4.801259,33.331013,838.5677,-10.789666,3.2083333,,13.65,False,True,No Rain,Calm
2024-09-10 00:00:00+05:00,2024,9,10,1,False,Autumn,Quetta,Balochistan,30.1798,66.975,1645.0,2.0645,14.4145,7.4415836,0.0,2.9437034,33.882965,838.64825,-8.287583,47.083332,,12.35,False,True,No Rain,Calm
2024-09-10 00:00:00+05:00,2024,9,10,1,False,Autumn,Quetta,Balochistan,30.1798,66.975,1645.0,4.4145,16.7145,9.547833,0.4,2.1696558,41.5394,839.3325,-3.6188326,97.416664,,12.3,False,True,Light,Calm
2024-09-10 00:00:00+05:00,2024,9,10,1,False,Autumn,Quetta,Balochistan,30.1798,66.975,1645.0,5.3645,17.1645,10.287416,0.3,4.7101493,63.241627,838.0362,3.327,97.458336,,11.799999,False,True,Light,Calm
2024-09-10 00:00:00+05:00,2024,9,10,1,False,Autumn,Quetta,Balochistan,30.1798,66.975,1645.0,5.2145,15.7645,9.6145,0.0,6.15659,67.80385,836.89844,3.2499168,90.791664,,10.549999,False,True,No Rain,Calm
2024-09-10 00:00:00+05:00,2024,9,10,1,False,Autumn,Quetta,Balochistan,30.1798,66.975,1645.0,2.5145001,11.5645,6.5853314,3.1,7.1956162,81.803566,837.497,3.2624166,91.625,,9.049999,False,True,Light,Calm
2024-09-10 00:00:00+05:00,2024,9,10,1,False,Autumn,Quetta,Balochistan,30.1798,66.975,1645.0,-3.0355,4.5145,0.99991673,0.1,7.8346806,72.65504,837.1387,-3.789667,41.125,,7.55,False,True,Light,Calm
2024-09-10 00:00:00+05:00,2024,9,10,1,False,Autumn,Quetta,Balochistan,30.1798,66.975,1645.0,-3.8354998,6.1645,-0.05008324,0.0,2.7254152,70.34009,837.11597,-5.4146667,0.0,,10.0,False,True,No Rain,Calm
2024-09-10 00:00:00+05:00,2024,9,10,1,False,Autumn,Quetta,Balochistan,30.1798,66.975,1645.0,-3.0355,7.4645,1.4290835,0.0,2.3198307,57.744244,839.2922,-6.6750836,0.0,,10.5,False,True,No Rain,Calm
2024-09-10 00:00:00+05:00,2024,9,10,1,False,Autumn,Quetta,Balochistan,30.1798,66.975,1645.0,-0.63549995,11.5645,4.547834,0.0,2.157009,42.42498,840.2124,-7.9125843,8.25,,12.2,False,True,No Rain,Calm
2024-09-10 00:00:00+05:00,2024,9,10,1,False,Autumn,Quetta,Balochistan,30.1798,66.975,1645.0,1.8645,12.9645,6.347833,0.0,2.2599611,46.10438,838.9717,-4.6917496,49.875,,11.1,False,True,No Rain,Calm
2024-09-10 00:00:00+05:00,2024,9,10,1,False,Autumn,Quetta,Balochistan,30.1798,66.975,1645.0,2.4145,17.0145,7.868667,0.0,2.4569085,50.584015,836.76636,-2.5709164,40.375,,14.599999,False,True,No Rain,Calm
2024-09-10 00:00:00+05:00,2024,9,10,1,False,Autumn,Quetta,Balochistan,30.1798,66.975,1645.0,0.114500046,13.7645,6.6290836,0.1,6.8899446,50.988033,836.55365,-3.86675,42.875,,13.65,False,True,Light,Calm
2024-09-10 00:00:00+05:00,2024,9,10,1,False,Autumn,Quetta,Balochistan,30.1798,66.975,1645.0,0.36450005,11.6145,5.227,0.0,2.8609455,63.624256,837.88165,-1.5042499,0.20833333,,11.25,False,True,No Rain,Calm
2024-09-10 00:00:00+05:00,2024,9,10,1,False,Autumn,Quetta,Balochistan,30.1798,66.975,1645.0,0.61450005,12.7645,5.616583,0.0,2.1257224,51.994526,839.10175,-4.4125834,25.875,,12.15,False,True,No Rain,Calm
2024-09-10 00:00:00+05:00,2024,9,10,1,False,Autumn,Quetta,Balochistan,30.1798,66.975,1645.0,2.6645,13.7145,7.112417,0.0,2.4701273,36.071114,838.00116,-8.00425,44.375,,11.05,False,True,No Rain,Calm
2024-09-10 00:00:00+05:00,2024,9,10,1,False,Autumn,Quetta,Balochistan,30.1798,66.975,1645.0,2.0145001,12.5145,6.4915833,0.0,4.247433,39.442966,837.1108,-6.7855,28.458334,,10.5,False,True,No Rain,Calm
2024-09-10 00:00:00+05:00,2024,9,10,1,False,Autumn,Quetta,Balochistan,30.1798,66.975,1645.0,0.21450007,8.6645,3.8811672,0.3,4.7110095,61.093388,838.86725,-3.1855,23.041666,,8.45,False,True,Light,Calm
2024-09-10 00:00:00+05:00,2024,9,10,1,False,Autumn,Quetta,Balochistan,30.1798,66.975,1645.0,-2.0355,9.0645,2.5749166,0.0,2.762141,67.18252,838.9089,-3.6230001,0.45833334,,11.1,False,True,No Rain,Calm
2024-09-10 00:00:00+05:00,2024,9,10,1,False,Autumn,Quetta,Balochistan,30.1798,66.975,1645.0,-0.78549993,10.0645,3.9145,0.0,11.2054825,58.21459,836.9809,-4.16675,58.75,,10.849999,False,True,No Rain,Breezy
2024-09-10 00:00:00+05:00,2024,9,10,1,False,Autumn,Quetta,Balochistan,30.1798,66.975,1645.0,0.36450005,11.3145,4.9040833,7.6,9.448941,67.04665,834.6394,-1.3500834,43.083332,,10.95,False,True,Moderate,Calm
2024-09-10 00:00:00+05:00,2024,9,10,1,False,Autumn,Quetta,Balochistan,30.1798,66.975,1645.0,2.3145,9.0145,4.766584,13.7,6.2879543,87.06595,835.6485,2.6228335,73.916664,,6.7,False,True,Moderate,Calm
2024-09-10 00:00:00+05:00,2024,9,10,1,False,Autumn,Quetta,Balochistan,30.1798,66.975,1645.0,2.0645,10.7645,5.962416,14.700001,6.6714115,84.04544,835.5608,3.2040834,78.5,,8.7,False,True,Moderate,Calm
2024-09-10 00:00:00+05:00,2024,9,10,1,False,Autumn,Quetta,Balochistan,30.1798,66.975,1645.0,-0.9354999,11.9645,5.010333,0.3,4.9197774,74.82372,834.0034,-0.29799998,67.291664,,12.900001,False,True,Light,Calm
2024-09-10 00:00:00+05:00,2024,9,10,1,False,Autumn,Quetta,Balochistan,30.1798,66.975,1645.0,0.21450007,8.5145,3.5894997,1.6,5.8118343,74.20139,835.5781,-0.92508334,28.083334,,8.299999,False,True,Light,Calm
2024-09-10 00:00:00+05:00,2024,9,10,1,False,Autumn,Quetta,Balochistan,30.1798,66.975,1645.0,0.114500046,7.8645,3.1061666,0.0,4.1194835,70.965866,840.3203,-2.1521666,31.25,,7.75,False,True,No Rain,Calm
2024-09-10 00:00:00+05:00,2024,9,10,1,False,Autumn,Quetta,Balochistan,30.1798,66.975,1645.0,-0.6854999,11.9645,4.4499164,0.0,2.9525697,56.924503,838.2872,-4.0979996,0.0,,12.650001,False,True,No Rain,Calm
2024-09-10 00:00:00+05:00,2024,9,10,1,False,Autumn,Quetta,Balochistan,30.1798,66.975,1645.0,1.8645,13.2145,6.54575,0.0,2.5806596,47.30011,837.5103,-4.3855004,0.0,,11.35,False,True,No Rain,Calm
2024-09-10 00:00:00+05:00,2024,9,10,1,False,Autumn,Quetta,Balochistan,30.1798,66.975,1645.0,2.9145,14.4645,7.399916,0.0,2.4355247,39.513393,837.5437,-5.995918,0.0,,11.55,False,True,No Rain,Calm
2024-09-10 00:00:00+05:00,2024,9,10,1,False,Autumn,Quetta,Balochistan,30.1798,66.975,1645.0,2.2645001,14.3145,7.0603333,0.0,2.1638665,39.41462,836.8115,-6.3667493,0.0,,12.049999,False,True,No Rain,Calm
2024-09-10 00:00:00+05:00,2024,9,10,1,False,Autumn,Quetta,Balochistan,30.1798,66.975,1645.0,3.1145,16.3645,8.985332,0.6,3.7764063,38.24168,834.36273,-5.587584,30.458334,,13.25,False,True,Light,Calm
2024-09-10 00:00:00+05:00,2024,9,10,1,False,Autumn,Quetta,Balochistan,30.1798,66.975,1645.0,3.1145,10.8645,6.8728333,0.3,7.4520607,65.514336,836.66437,0.5561666,81.541664,,7.75,False,True,Light,Calm
2024-09-10 00:00:00+05:00,2024,9,10,1,False,Autumn,Quetta,Balochistan,30.1798,66.975,1645.0,-2.1855,6.9645,1.4707502,0.0,5.6322637,71.06388,835.49725,-3.9105003,4.5833335,,9.15,False,True,No Rain,Calm
2024-09-10 00:00:00+05:00,2024,9,10,1,False,Autumn,Quetta,Balochistan,30.1798,66.975,1645.0,-2.9854999,7.0645,1.1061668,0.0,5.1236253,70.88003,833.5044,-4.2875834,3.5416667,,10.049999,False,True,No Rain,Calm
2024-09-10 00:00:00+05:00,2024,9,10,1,False,Autumn,Quetta,Balochistan,30.1798,66.975,1645.0,-2.5355,8.8645,2.177,0.0,4.0342155,65.030594,835.3008,-4.6584167,0.0,,11.4,False,True,No Rain,Calm
2024-09-10 00:00:00+05:00,2024,9,10,1,False,Autumn,Quetta,Balochistan,30.1798,66.975,1645.0,-1.3855,12.9645,4.4874167,0.0,6.0402493,48.62084,835.2715,-6.839667,0.0,,14.35,False,True,No Rain,Calm
2024-09-10 00:00:00+05:00,2024,9,10,1,False,Autumn,Quetta,Balochistan,30.1798,66.975,1645.0,-0.9354999,10.0145,3.431167,0.90000004,6.059299,57.441986,833.30414,-5.0021663,21.583334,,10.95,False,True,Light,Calm
2024-09-10 00:00:00+05:00,2024,9,10,1,False,Autumn,Quetta,Balochistan,30.1798,66.975,1645.0,-1.4854999,8.2145,2.73325,0.0,4.156356,53.66954,835.628,-6.5105,1.2916666,,9.700001,False,True,No Rain,Calm
2024-09-10 00:00:00+05:00,2024,9,10,1,False,Autumn,Quetta,Balochistan,30.1798,66.975,1645.0,-2.1355,9.0645,2.8290834,0.0,3.8792028,46.41553,836.4664,-8.498,0.0,,11.2,False,True,No Rain,Calm
2024-09-10 00:00:00+05:00,2024,9,10,1,False,Autumn,Quetta,Balochistan,30.1798,66.975,1645.0,-0.1854999,13.2645,5.60825,0.0,2.8751094,31.242744,837.5542,-11.508416,17.916666,,13.45,False,True,No Rain,Calm
2024-09-10 00:00:00+05:00,2024,9,10,1,False,Autumn,Quetta,Balochistan,30.1798,66.975,1645.0,1.0645001,16.314499,8.454083,0.2,8.499607,37.813454,837.4527,-6.5063343,81.375,,15.249999,False,True,Light,Calm
2024-09-10 00:00:00+05:00,2024,9,10,1,False,Autumn,Quetta,Balochistan,30.1798,66.975,1645.0,3.8645,16.5145,9.1895,0.8,4.704024,49.78214,836.50214,-2.7563334,52.666668,,12.65,False,True,Light,Calm
2024-09-10 00:00:00+05:00,2024,9,10,1,False,Autumn,Quetta,Balochistan,30.1798,66.975,1645.0,2.0145001,16.2645,8.120749,3.2,6.9176707,50.25818,834.4379,-2.6604996,58.875,,14.25,False,True,Light,Calm
2024-09-10 00:00:00+05:00,2024,9,10,1,False,Autumn,Quetta,Balochistan,30.1798,66.975,1645.0,3.4645,13.0645,7.8790836,8.5,5.905485,68.92041,835.3483,2.1374166,34.5,,9.6,False,True,Moderate,Calm
2024-09-10 00:00:00+05:00,2024,9,10,1,False,Autumn,Quetta,Balochistan,30.1798,66.975,1645.0,2.5645,12.3145,6.641583,0.0,5.515387,58.161915,837.8052,-2.4063332,5.0416665,,9.75,False,True,No Rain,Calm
2024-09-10 00:00:00+05:00,2024,9,10,1,False,Autumn,Quetta,Balochistan,30.1798,66.975,1645.0,1.0645001,13.2145,6.3853326,0.0,3.5368567,42.848415,840.0848,-6.514666,0.5833333,,12.150001,False,True,No Rain,Calm
2024-09-10 00:00:00+05:00,2024,9,10,1,False,Autumn,Quetta,Balochistan,30.1798,66.975,1645.0,3.4145,15.8645,9.80825,0.0,3.7583609,38.992134,839.7046,-3.7917497,62.375,,12.45,False,True,No Rain,Calm
2024-09-10 00:00:00+05:00,2024,9,10,1,False,Autumn,Quetta,Balochistan,30.1798,66.975,1645.0,7.5145,15.6145,11.037417,1.1,4.0061593,52.453533,838.0993,1.2790835,91.333336,,8.1,False,True,Light,Calm
2024-09-10 00:00:00+05:00,2024,9,10,1,False,Autumn,Quetta,Balochistan,30.1798,66.975,1645.0,4.8145,16.1145,9.972833,1.7,4.1682396,60.03116,836.4678,1.0145,42.833332,,11.3,False,True,Light,Calm
2024-09-10 00:00:00+05:00,2024,9,10,1,False,Autumn,Quetta,Balochistan,30.1798,66.975,1645.0,5.6145,12.6145,8.593667,0.90000004,4.161817,55.249302,836.4055,-0.093833305,60.5,,7.0,False,True,Light,Calm
2024-09-10 00:00:00+05:00,2024,9,10,1,False,Autumn,Quetta,Balochistan,30.1798,66.975,1645.0,1.7145001,15.9145,8.997833,0.0,4.2073107,46.684113,837.7478,-3.0229998,62.166668,,14.2,False,True,No Rain,Calm
2024-09-10 00:00:00+05:00,2024,9,10,1,False,Autumn,Quetta,Balochistan,30.1798,66.975,1645.0,4.2145,16.414501,9.974917,1.4000001,7.678394,60.24088,837.31885,2.0811667,37.958332,,12.200001,False,True,Light,Calm
2024-09-10 00:00:00+05:00,2024,9,10,1,False,Autumn,Quetta,Balochistan,30.1798,66.975,1645.0,4.2645,12.0645,7.564499,8.700001,8.376123,72.0238,834.1788,2.7561672,62.791668,,7.7999997,False,True,Moderate,Calm
2024-09-10 00:00:00+05:00,2024,9,10,1,False,Autumn,Quetta,Balochistan,30.1798,66.975,1645.0,-0.28549993,11.9645,5.812416,0.0,4.3662505,57.791656,835.7608,-2.4500835,24.541666,,12.25,False,True,No Rain,Calm
2024-09-10 00:00:00+05:00,2024,9,10,1,False,Autumn,Quetta,Balochistan,30.1798,66.975,1645.0,2.8645,13.5145,7.7499175,4.9999995,7.1691628,65.72556,837.3777,1.1020001,85.666664,,10.65,False,True,Light,Calm
2024-09-10 00:00:00+05:00,2024,9,10,1,False,Autumn,Quetta,Balochistan,30.1798,66.975,1645.0,2.1145,14.2645,6.5228324,11.4,3.89128,77.0005,837.6499,2.5540833,24.458334,,12.15,False,True,Moderate,Calm
2024-09-10 00:00:00+05:00,2024,9,10,1,False,Autumn,Quetta,Balochistan,30.1798,66.975,1645.0,2.4145,18.4645,9.491582,0.0,6.5433292,66.91166,837.5157,2.6165836,22.5,,16.050001,False,True,No Rain,Calm
2024-09-10 00:00:00+05:00,2024,9,10,1,False,Autumn,Quetta,Balochistan,30.1798,66.975,1645.0,3.5645,17.1645,9.887417,12.2,8.832931,82.3227,838.6956,6.743667,93.125,,13.599999,False,True,Moderate,Calm
2024-09-10 00:00:00+05:00,2024,9,10,1,False,Autumn,Quetta,Balochistan,30.1798,66.975,1645.0,7.2645,16.9645,12.199917,6.8,11.154365,70.873634,838.5142,6.5332494,90.416664,,9.700001,False,True,Moderate,Breezy
2024-09-10 00:00:00+05:00,2024,9,10,1,False,Autumn,Quetta,Balochistan,30.1798,66.975,1645.0,6.6145,15.6145,11.185333,0.8,7.70579,68.25211,839.2443,5.2249165,91.25,,9.0,False,True,Light,Calm
2024-09-10 00:00:00+05:00,2024,9,10,1,False,Autumn,Quetta,Balochistan,30.1798,66.975,1645.0,7.3645,11.6145,9.3499155,17.0,5.0586104,82.836205,835.2055,6.5436664,99.166664,,4.25,False,True,Moderate,Calm
2024-09-10 00:00:00+05:00,2024,9,10,1,False,Autumn,Quetta,Balochistan,30.1798,66.975,1645.0,5.0645,13.0645,8.329083,0.0,4.4802055,56.382664,833.57446,-1.3417497,41.291668,,8.0,False,True,No Rain,Calm
2024-09-10 00:00:00+05:00,2024,9,10,1,False,Autumn,Quetta,Balochistan,30.1798,66.975,1645.0,2.3145,16.0145,8.329084,0.0,3.4226134,37.391262,835.17096,-6.612583,0.0,,13.7,False,True,No Rain,Calm
2024-09-10 00:00:00+05:00,2024,9,10,1,False,Autumn,Quetta,Balochistan,30.1798,66.975,1645.0,3.6145,16.9145,8.818667,2.4,12.191853,66.32686,833.31647,2.1103334,21.333334,,13.299999,False,True,Light,Breezy
2024-09-10 00:00:00+05:00,2024,9,10,1,False,Autumn,Quetta,Balochistan,30.1798,66.975,1645.0,0.66450006,9.7145,5.7165837,4.7999997,11.569157,60.75198,835.6011,-2.898,47.541668,,9.05,False,True,Light,Breezy
2024-09-10 00:00:00+05:00,2024,9,10,1,False,Autumn,Quetta,Balochistan,30.1798,66.975,1645.0,-4.1355,11.5645,3.3478336,0.0,4.8617415,38.790394,839.53766,-10.387584,1.4166666,,15.7,False,True,No Rain,Calm
2024-09-10 00:00:00+05:00,2024,9,10,1,False,Autumn,Quetta,Balochistan,30.1798,66.975,1645.0,0.56450003,16.2145,7.793667,0.0,3.833659,30.997671,840.84503,-9.387584,25.0,,15.650001,False,True,No Rain,Calm
2024-09-10 00:00:00+05:00,2024,9,10,1,False,Autumn,Quetta,Balochistan,30.1798,66.975,1645.0,3.7645001,17.2145,9.876999,0.0,5.013455,47.856045,840.3137,-1.0834165,10.416667,,13.450001,False,True,No Rain,Calm
2024-09-10 00:00:00+05:00,2024,9,10,1,False,Autumn,Quetta,Balochistan,30.1798,66.975,1645.0,5.5145,17.9145,11.283252,0.0,7.234928,60.378048,839.45514,3.493667,28.166666,,12.4,False,True,No Rain,Calm
2024-09-10 00:00:00+05:00,2024,9,10,1,False,Autumn,Quetta,Balochistan,30.1798,66.975,1645.0,4.6145,18.9645,11.697833,0.0,5.177386,54.008884,837.6307,1.5144998,32.5,,14.35,False,True,No Rain,Calm
2024-09-10 00:00:00+05:00,2024,9,10,1,False,Autumn,Quetta,Balochistan,30.1798,66.975,1645.0,7.1645,21.2145,13.7353325,0.0,4.148379,49.486652,838.1238,2.7540834,77.625,,14.05,False,True,No Rain,Calm
2024-09-10 00:00:00+05:00,2024,9,10,1,False,Autumn,Quetta,Balochistan,30.1798,66.975,1645.0,8.3645,23.6145,16.085333,0.0,8.647196,46.489727,839.8909,3.1436665,83.166664,,15.25,False,True,No Rain,Calm
2024-09-10 00:00:00+05:00,2024,9,10,1,False,Autumn,Quetta,Balochistan,30.1798,66.975,1645.0,11.8145,23.1645,16.637419,1.1,5.6264076,51.736904,841.18964,5.7395005,93.0,,11.349999,False,False,Light,Calm
2024-09-10 00:00:00+05:00,2024,9,10,1,False,Autumn,Quetta,Balochistan,30.1798,66.975,1645.0,9.7645,19.8145,13.672833,2.3,5.947182,59.479084,838.40533,5.2436666,61.166668,,10.050001,False,True,Light,Calm
2024-09-10 00:00:00+05:00,2024,9,10,1,False,Autumn,Quetta,Balochistan,30.1798,66.975,1645.0,6.6645,17.9645,11.643665,5.9,6.2597327,59.587597,836.0345,3.3832505,23.166666,,11.3,False,True,Moderate,Calm
2024-09-10 00:00:00+05:00,2024,9,10,1,False,Autumn,Quetta,Balochistan,30.1798,66.975,1645.0,5.5145,15.5645,10.347833,0.0,5.6951904,58.21443,835.02075,1.9228338,18.5,,10.049999,False,True,No Rain,Calm
2024-09-10 00:00:00+05:00,2024,9,10,1,False,Autumn,Quetta,Balochistan,30.1798,66.975,1645.0,4.8145,15.0645,9.9124155,0.4,4.4570565,50.489223,836.18427,-0.2500833,12.875,,10.25,False,True,Light,Calm
2024-09-10 00:00:00+05:00,2024,9,10,1,False,Autumn,Quetta,Balochistan,30.1798,66.975,1645.0,4.4645,17.7645,10.918667,0.0,5.03937,41.788246,838.26385,-3.0667498,0.125,,13.299999,False,True,No Rain,Calm
2024-09-10 00:00:00+05:00,2024,9,10,1,False,Autumn,Quetta,Balochistan,30.1798,66.975,1645.0,4.7645,19.7145,12.191586,0.0,3.9931195,26.736885,838.67145,-7.5042496,36.666668,,14.950001,False,True,No Rain,Calm
2024-09-10 00:00:00+05:00,2024,9,10,1,False,Autumn,Quetta,Balochistan,30.1798,66.975,1645.0,5.8645,19.6145,12.656167,0.0,4.4258337,24.844835,837.3428,-8.389667,77.833336,,13.75,False,True,No Rain,Calm
2024-09-10 00:00:00+05:00,2024,9,10,1,False,Autumn,Quetta,Balochistan,30.1798,66.975,1645.0,5.8645,20.0645,13.0895,0.0,5.3602633,35.34166,837.9631,-3.6021664,40.958332,,14.200001,False,True,No Rain,Calm
2024-09-10 00:00:00+05:00,2024,9,10,1,False,Autumn,Quetta,Balochistan,30.1798,66.975,1645.0,7.0145,21.3145,14.187415,0.0,5.3061814,31.142218,840.9712,-5.1688333,0.375,,14.300001,False,True,No Rain,Calm
2024-09-10 00:00:00+05:00,2024,9,10,1,False,Autumn,Quetta,Balochistan,30.1798,66.975,1645.0,8.0645,23.0145,15.4436655,0.0,4.6263523,19.867899,842.7034,-8.597999,0.0,,14.95,False,True,No Rain,Calm
2024-09-10 00:00:00+05:00,2024,9,10,1,False,Autumn,Quetta,Balochistan,30.1798,66.975,1645.0,8.6145,24.6145,16.39367,0.0,3.7099483,22.077929,840.86224,-6.2938333,7.9583335,,16.0,False,True,No Rain,Calm
2024-09-10 00:00:00+05:00,2024,9,10,1,False,Autumn,Quetta,Balochistan,30.1798,66.975,1645.0,9.3645,26.9645,17.781168,0.0,6.3544,26.912323,840.587,-4.470917,8.875,,17.6,False,True,No Rain,Calm
2024-09-10 00:00:00+05:00,2024,9,10,1,False,Autumn,Quetta,Balochistan,30.1798,66.975,1645.0,9.9145,27.5145,18.33117,0.0,9.68259,28.878084,839.8579,-1.7688333,46.75,,17.599998,False,True,No Rain,Calm
2024-09-10 00:00:00+05:00,2024,9,10,1,False,Autumn,Quetta,Balochistan,30.1798,66.975,1645.0,11.8645,23.4645,16.602,1.4000001,7.3474097,44.247147,836.40643,3.4874165,55.416668,,11.6,False,False,Light,Calm
2024-09-10 00:00:00+05:00,2024,9,10,1,False,Autumn,Quetta,Balochistan,30.1798,66.975,1645.0,6.4645,16.4645,11.393668,0.8,7.8544307,57.076473,833.33905,2.4103336,9.375,,10.0,False,True,Light,Calm
2024-09-10 00:00:00+05:00,2024,9,10,1,False,Autumn,Quetta,Balochistan,30.1798,66.975,1645.0,1.5145,12.4145,7.274916,0.0,13.122327,36.66935,835.2906,-8.002167,0.20833333,,10.900001,False,True,No Rain,Breezy
2024-09-10 00:00:00+05:00,2024,9,10,1,False,Autumn,Quetta,Balochistan,30.1798,66.975,1645.0,-0.13549995,15.9645,7.624916,0.0,7.290802,32.46121,837.78864,-9.254249,3.6666667,,16.1,False,True,No Rain,Calm
2024-09-10 00:00:00+05:00,2024,9,10,1,False,Autumn,Quetta,Balochistan,30.1798,66.975,1645.0,4.1645,19.7145,11.485335,0.0,4.745859,28.936651,838.4983,-7.4875836,48.333332,,15.55,False,True,No Rain,Calm
2024-09-10 00:00:00+05:00,2024,9,10,1,False,Autumn,Quetta,Balochistan,30.1798,66.975,1645.0,5.8145,20.9145,13.235333,0.0,5.3495154,29.128004,839.0207,-5.414667,0.0,,15.099999,False,True,No Rain,Calm
2024-09-10 00:00:00+05:00,2024,9,10,1,False,Autumn,Quetta,Balochistan,30.1798,66.975,1645.0,7.2645,22.3145,14.808251,0.0,4.717611,27.253225,839.6401,-5.348,0.0,,15.050001,False,True,No Rain,Calm
2024-09-10 00:00:00+05:00,2024,9,10,1,False,Autumn,Quetta,Balochistan,30.1798,66.975,1645.0,8.2145,23.5145,15.899918,0.0,4.3252053,23.20806,838.8338,-6.7334175,0.7083333,,15.299999,False,True,No Rain,Calm
2024-09-10 00:00:00+05:00,2024,9,10,1,False,Autumn,Quetta,Balochistan,30.1798,66.975,1645.0,10.8645,25.2145,17.347834,0.0,6.114039,25.530745,838.3361,-3.564666,18.916666,,14.35,False,False,No Rain,Calm
2024-09-10 00:00:00+05:00,2024,9,10,1,False,Autumn,Quetta,Balochistan,30.1798,66.975,1645.0,9.3145,24.5645,17.393667,0.0,9.201407,27.132467,839.20575,-3.8730001,0.041666668,,15.250001,False,True,No Rain,Calm
2024-09-10 00:00:00+05:00,2024,9,10,1,False,Autumn,Quetta,Balochistan,30.1798,66.975,1645.0,11.9145,29.3645,19.985334,0.0,7.4186683,23.948301,841.06915,-3.2271662,18.208334,,17.45,False,False,No Rain,Calm
2024-09-10 00:00:00+05:00,2024,9,10,1,False,Autumn,Quetta,Balochistan,30.1798,66.975,1645.0,13.4645,29.1645,21.585333,0.0,7.4937153,23.987534,841.1736,-1.70425,36.291668,,15.699999,False,False,No Rain,Calm
2024-09-10 00:00:00+05:00,2024,9,10,1,False,Autumn,Quetta,Balochistan,30.1798,66.975,1645.0,14.4645,29.9645,22.608252,0.0,8.2902355,23.126413,840.97186,-0.5417499,0.0,,15.5,False,False,No Rain,Calm
2024-09-10 00:00:00+05:00,2024,9,10,1,False,Autumn,Quetta,Balochistan,30.1798,66.975,1645.0,15.1645,31.2145,23.468668,0.0,5.938104,21.780493,841.76544,-1.19175,15.041667,,16.05,False,False,No Rain,Calm
2024-09-10 00:00:00+05:00,2024,9,10,1,False,Autumn,Quetta,Balochistan,30.1798,66.975,1645.0,16.5145,32.3145,24.166582,0.0,4.31905,18.62319,841.81,-2.7813332,81.208336,,15.799999,False,False,No Rain,Calm
2024-09-10 00:00:00+05:00,2024,9,10,1,False,Autumn,Quetta,Balochistan,30.1798,66.975,1645.0,17.5645,29.1645,22.681168,0.5,5.6133714,26.32844,841.0915,1.5353333,67.916664,,11.599998,False,False,Light,Calm
2024-09-10 00:00:00+05:00,2024,9,10,1,False,Autumn,Quetta,Balochistan,30.1798,66.975,1645.0,14.5145,27.2645,20.987417,0.0,8.360478,23.616884,836.8313,-2.8146665,3.0833333,,12.75,False,False,No Rain,Calm
2024-09-10 00:00:00+05:00,2024,9,10,1,False,Autumn,Quetta,Balochistan,30.1798,66.975,1645.0,12.6145,28.1645,20.50825,0.0,6.194801,14.358237,834.5368,-8.718833,0.25,,15.549999,False,False,No Rain,Calm
2024-09-10 00:00:00+05:00,2024,9,10,1,False,Autumn,Quetta,Balochistan,30.1798,66.975,1645.0,13.4145,30.4145,21.868668,0.0,5.531753,14.905868,836.3525,-8.868834,0.0,,17.0,False,False,No Rain,Calm
2024-09-10 00:00:00+05:00,2024,9,10,1,False,Autumn,Quetta,Balochistan,30.1798,66.975,1645.0,14.2645,32.0145,23.137419,0.0,7.834723,27.172937,839.53864,-0.34799996,0.7083333,,17.75,False,False,No Rain,Calm
2024-09-10 00:00:00+05:00,2024,9,10,1,False,Autumn,Quetta,Balochistan,30.1798,66.975,1645.0,17.5145,31.8145,24.529085,0.0,7.1261196,16.45859,841.5079,-3.7959166,0.0,,14.300001,False,False,No Rain,Calm
2024-09-10 00:00:00+05:00,2024,9,10,1,False,Autumn,Quetta,Balochistan,30.1798,66.975,1645.0,16.8645,32.8145,25.316584,0.0,5.5859656,15.716243,841.184,-3.3750832,36.083332,,15.949999,False,False,No Rain,Calm
2024-09-10 00:00:00+05:00,2024,9,10,1,False,Autumn,Quetta,Balochistan,30.1798,66.975,1645.0,17.4645,32.7645,25.510336,0.0,7.2385597,16.336391,839.2022,-2.9375837,27.0,,15.299999,False,False,No Rain,Calm
2024-09-10 00:00:00+05:00,2024,9,10,1,False,Autumn,Quetta,Balochistan,30.1798,66.975,1645.0,18.4145,32.4645,24.98742,0.0,8.314416,17.6512,837.5069,-2.6042497,4.4166665,,14.050001,False,False,No Rain,Calm
2024-09-10 00:00:00+05:00,2024,9,10,1,False,Autumn,Quetta,Balochistan,30.1798,66.975,1645.0,16.2645,30.0145,22.385332,0.0,10.033269,23.038946,835.7403,-2.3584166,0.0,,13.75,False,False,No Rain,Breezy
2024-09-10 00:00:00+05:00,2024,9,10,1,False,Autumn,Quetta,Balochistan,30.1798,66.975,1645.0,10.1645,21.6145,16.356169,0.0,12.476387,23.00522,836.02026,-6.1230006,0.0,,11.45,False,False,No Rain,Breezy
2024-09-10 00:00:00+05:00,2024,9,10,1,False,Autumn,Quetta,Balochistan,30.1798,66.975,1645.0,7.8145,20.2145,14.462415,0.0,11.246395,24.312561,836.82227,-6.5417504,0.0,,12.400001,False,True,No Rain,Breezy
2024-09-10 00:00:00+05:00,2024,9,10,1,False,Autumn,Quetta,Balochistan,30.1798,66.975,1645.0,7.6645,22.9145,15.393668,0.0,7.598412,20.939821,840.0547,-8.527167,0.9583333,,15.249999,False,True,No Rain,Calm
2024-09-10 00:00:00+05:00,2024,9,10,1,False,Autumn,Quetta,Balochistan,30.1798,66.975,1645.0,9.4145,25.4645,17.797834,0.0,7.808683,15.843304,842.06274,-9.581334,0.0,,16.05,False,True,No Rain,Calm
2024-09-10 00:00:00+05:00,2024,9,10,1,False,Autumn,Quetta,Balochistan,30.1798,66.975,1645.0,11.4145,26.5645,19.608252,0.0,8.703225,16.165106,839.9108,-7.545917,7.5416665,,15.150001,False,False,No Rain,Calm
2024-09-10 00:00:00+05:00,2024,9,10,1,False,Autumn,Quetta,Balochistan,30.1798,66.975,1645.0,13.9145,27.1145,20.614502,0.0,6.615084,14.68175,837.55426,-9.062583,0.041666668,,13.2,False,False,No Rain,Calm
2024-09-10 00:00:00+05:00,2024,9,10,1,False,Autumn,Quetta,Balochistan,30.1798,66.975,1645.0,12.5645,28.3145,21.099916,0.0,5.684179,12.165067,838.0452,-9.879249,0.29166666,,15.750001,False,False,No Rain,Calm
2024-09-10 00:00:00+05:00,2024,9,10,1,False,Autumn,Quetta,Balochistan,30.1798,66.975,1645.0,14.9645,30.2145,22.837418,0.0,6.1518517,14.900046,839.20294,-5.7938333,0.0,,15.25,False,False,No Rain,Calm
2024-09-10 00:00:00+05:00,2024,9,10,1,False,Autumn,Quetta,Balochistan,30.1798,66.975,1645.0,15.9645,32.2645,24.483248,0.0,4.640923,15.073551,840.1608,-4.9146667,0.0,,16.3,False,False,No Rain,Calm
2024-09-10 00:00:00+05:00,2024,9,10,1,False,Autumn,Quetta,Balochistan,30.1798,66.975,1645.0,17.2145,33.0645,25.489496,0.0,5.7062516,12.887267,839.0599,-7.006334,25.666666,,15.849998,False,False,No Rain,Calm
2024-09-10 00:00:00+05:00,2024,9,10,1,False,Autumn,Quetta,Balochistan,30.1798,66.975,1645.0,18.5145,33.5645,26.1645,0.0,5.6547217,12.987592,838.27466,-5.8729997,39.333332,,15.049999,False,False,No Rain,Calm
2024-09-10 00:00:00+05:00,2024,9,10,1,False,Autumn,Quetta,Balochistan,30.1798,66.975,1645.0,18.7145,33.8145,26.491585,0.0,6.221046,12.695279,839.6789,-5.481333,36.666668,,15.099998,False,False,No Rain,Calm
2024-09-10 00:00:00+05:00,2024,9,10,1,False,Autumn,Quetta,Balochistan,30.1798,66.975,1645.0,18.9645,33.2145,26.222834,0.0,7.570036,13.567811,840.3012,-4.8688335,27.625,,14.25,False,False,No Rain,Calm
2024-09-10 00:00:00+05:00,2024,9,10,1,False,Autumn,Quetta,Balochistan,30.1798,66.975,1645.0,17.8145,32.0645,25.718666,0.0,8.460019,14.007419,839.82733,-4.231333,9.083333,,14.249998,False,False,No Rain,Calm
2024-09-10 00:00:00+05:00,2024,9,10,1,False,Autumn,Quetta,Balochistan,30.1798,66.975,1645.0,17.2645,30.4145,24.499916,0.0,11.645366,20.694613,837.647,-0.10424993,7.3333335,,13.15,False,False,No Rain,Breezy
2024-09-10 00:00:00+05:00,2024,9,10,1,False,Autumn,Quetta,Balochistan,30.1798,66.975,1645.0,15.1145,29.2645,22.639502,0.0,5.244879,22.681353,835.0791,-0.7625833,13.708333,,14.15,False,False,No Rain,Calm
2024-09-10 00:00:00+05:00,2024,9,10,1,False,Autumn,Quetta,Balochistan,30.1798,66.975,1645.0,15.1645,28.9145,22.106169,0.7,8.605987,35.28246,835.9681,4.74575,35.166668,,13.749999,False,False,Light,Calm
2024-09-10 00:00:00+05:00,2024,9,10,1,False,Autumn,Quetta,Balochistan,30.1798,66.975,1645.0,14.3645,30.6145,22.637419,0.0,8.159973,42.852345,836.64716,7.0749173,8.916667,,16.25,False,False,No Rain,Calm
2024-09-10 00:00:00+05:00,2024,9,10,1,False,Autumn,Quetta,Balochistan,30.1798,66.975,1645.0,15.6645,33.2145,24.27075,0.0,8.188111,36.701313,836.32544,5.756166,5.875,,17.55,False,False,No Rain,Calm
2024-09-10 00:00:00+05:00,2024,9,10,1,False,Autumn,Quetta,Balochistan,30.1798,66.975,1645.0,16.8645,31.8645,24.391586,0.0,8.536947,33.43082,836.6622,5.681167,23.25,,15.0,False,False,No Rain,Calm
2024-09-10 00:00:00+05:00,2024,9,10,1,False,Autumn,Quetta,Balochistan,30.1798,66.975,1645.0,15.9145,32.2145,24.739504,0.0,7.77186,26.69615,838.78156,0.693667,19.416666,,16.3,False,False,No Rain,Calm
2024-09-10 00:00:00+05:00,2024,9,10,1,False,Autumn,Quetta,Balochistan,30.1798,66.975,1645.0,15.9645,30.3645,23.912416,0.0,9.669888,26.802046,839.4963,-0.8688329,0.6666667,,14.4,False,False,No Rain,Calm
2024-09-10 00:00:00+05:00,2024,9,10,1,False,Autumn,Quetta,Balochistan,30.1798,66.975,1645.0,15.8645,30.5645,23.714502,0.0,6.831201,13.242822,838.4891,-7.556333,0.0,,14.700001,False,False,No Rain,Calm
2024-09-10 00:00:00+05:00,2024,9,10,1,False,Autumn,Quetta,Balochistan,30.1798,66.975,1645.0,16.3645,30.9645,24.358252,0.0,8.950076,11.868159,836.8957,-7.358416,5.3333335,,14.6,False,False,No Rain,Calm
2024-09-10 00:00:00+05:00,2024,9,10,1,False,Autumn,Quetta,Balochistan,30.1798,66.975,1645.0,17.1645,31.7145,25.093668,0.0,7.378617,11.5996895,837.5018,-7.3292503,5.6666665,,14.550001,False,False,No Rain,Calm
2024-09-10 00:00:00+05:00,2024,9,10,1,False,Autumn,Quetta,Balochistan,30.1798,66.975,1645.0,17.4145,33.8145,26.076998,0.0,8.396096,11.197782,838.472,-7.912584,1.9583334,,16.4,False,False,No Rain,Calm
2024-09-10 00:00:00+05:00,2024,9,10,1,False,Autumn,Quetta,Balochistan,30.1798,66.975,1645.0,18.0145,34.364502,26.926996,0.0,5.073926,7.805761,838.949,-11.277167,0.0,,16.350002,False,False,No Rain,Calm
2024-09-10 00:00:00+05:00,2024,9,10,1,False,Autumn,Quetta,Balochistan,30.1798,66.975,1645.0,19.3645,35.8145,28.14367,0.0,4.9357715,8.699745,838.0225,-9.287585,0.0,,16.449999,True,False,No Rain,Calm
2024-09-10 00:00:00+05:00,2024,9,10,1,False,Autumn,Quetta,Balochistan,30.1798,66.975,1645.0,20.1145,36.2145,29.052002,0.0,5.5136204,8.710134,837.5599,-8.233417,0.0,,16.1,True,False,No Rain,Calm
2024-09-10 00:00:00+05:00,2024,9,10,1,False,Autumn,Quetta,Balochistan,30.1798,66.975,1645.0,20.6645,34.4645,28.474916,0.0,8.671659,10.71305,838.1448,-5.827167,0.0,,13.800001,False,False,No Rain,Calm
2024-09-10 00:00:00+05:00,2024,9,10,1,False,Autumn,Quetta,Balochistan,30.1798,66.975,1645.0,18.6645,33.164497,26.568665,0.0,6.1202264,11.862202,837.831,-7.452167,0.0,,14.499998,False,False,No Rain,Calm
2024-09-10 00:00:00+05:00,2024,9,10,1,False,Autumn,Quetta,Balochistan,30.1798,66.975,1645.0,19.2145,35.614502,27.529085,0.0,6.007728,10.683906,837.90405,-7.327167,0.0,,16.400002,True,False,No Rain,Calm
2024-09-10 00:00:00+05:00,2024,9,10,1,False,Autumn,Quetta,Balochistan,30.1798,66.975,1645.0,20.4145,36.3145,28.906168,0.0,4.7982006,8.064447,837.5344,-9.758416,0.0,,15.9,True,False,No Rain,Calm
2024-09-10 00:00:00+05:00,2024,9,10,1,False,Autumn,Quetta,Balochistan,30.1798,66.975,1645.0,21.2145,37.0645,29.364502,0.0,5.0847573,7.4008355,836.49585,-10.945916,0.0,,15.849998,True,False,No Rain,Calm
2024-09-10 00:00:00+05:00,2024,9,10,1,False,Autumn,Quetta,Balochistan,30.1798,66.975,1645.0,19.7145,36.864502,28.868668,0.0,6.184726,11.846425,834.98535,-7.9688325,0.0,,17.150002,True,False,No Rain,Calm
2024-09-10 00:00:00+05:00,2024,9,10,1,False,Autumn,Quetta,Balochistan,30.1798,66.975,1645.0,19.8645,36.114502,28.5395,0.0,7.275826,12.073237,835.0008,-5.814667,0.0,,16.250002,True,False,No Rain,Calm
2024-09-10 00:00:00+05:00,2024,9,10,1,False,Autumn,Quetta,Balochistan,30.1798,66.975,1645.0,19.6145,36.664497,28.618666,0.0,8.152652,15.6340065,836.5257,-2.4750836,0.0,,17.049997,True,False,No Rain,Calm
2024-09-10 00:00:00+05:00,2024,9,10,1,False,Autumn,Quetta,Balochistan,30.1798,66.975,1645.0,19.6645,35.614502,27.962416,0.0,9.517531,30.08316,837.19965,6.0103335,28.791666,,15.950003,True,False,No Rain,Calm
2024-09-10 00:00:00+05:00,2024,9,10,1,False,Autumn,Quetta,Balochistan,30.1798,66.975,1645.0,20.8145,33.914497,27.410334,0.0,8.998853,25.747145,835.2661,3.7270005,29.75,,13.099997,False,False,No Rain,Calm
2024-09-10 00:00:00+05:00,2024,9,10,1,False,Autumn,Quetta,Balochistan,30.1798,66.975,1645.0,19.2145,31.0145,25.541588,0.0,7.9884944,15.322433,835.4107,-3.7355,0.0,,11.799999,False,False,No Rain,Calm
2024-09-10 00:00:00+05:00,2024,9,10,1,False,Autumn,Quetta,Balochistan,30.1798,66.975,1645.0,16.4645,29.8645,23.704084,0.0,6.607916,13.050431,832.6363,-7.200084,0.0,,13.4,False,False,No Rain,Calm
2024-09-10 00:00:00+05:00,2024,9,10,1,False,Autumn,Quetta,Balochistan,30.1798,66.975,1645.0,16.664501,29.4645,23.822836,0.0,8.597989,13.169375,831.45465,-7.2584176,0.0,,12.799999,False,False,No Rain,Calm
2024-09-10 00:00:00+05:00,2024,9,10,1,False,Autumn,Quetta,Balochistan,30.1798,66.975,1645.0,15.8145,29.3145,23.074919,0.0,10.400445,8.876239,833.15674,-12.539665,0.0,,13.500001,False,False,No Rain,Breezy
2024-09-10 00:00:00+05:00,2024,9,10,1,False,Autumn,Quetta,Balochistan,30.1798,66.975,1645.0,16.1145,30.2145,23.997835,0.0,6.794632,9.855361,833.88983,-10.200084,0.0,,14.1,False,False,No Rain,Calm
2024-09-10 00:00:00+05:00,2024,9,10,1,False,Autumn,Quetta,Balochistan,30.1798,66.975,1645.0,17.5145,31.4145,24.881166,0.0,5.903534,8.600188,832.78925,-11.802167,0.0,,13.9,False,False,No Rain,Calm
2024-09-10 00:00:00+05:00,2024,9,10,1,False,Autumn,Quetta,Balochistan,30.1798,66.975,1645.0,17.2145,32.364502,25.57075,0.0,6.4289536,6.1246796,833.00726,-15.187581,0.0,,15.150002,False,False,No Rain,Calm
2024-09-10 00:00:00+05:00,2024,9,10,1,False,Autumn,Quetta,Balochistan,30.1798,66.975,1645.0,16.314499,33.514503,25.729082,0.0,6.3036637,10.478932,834.55707,-14.102164,0.0,,17.200005,False,False,No Rain,Calm
2024-09-10 00:00:00+05:00,2024,9,10,1,False,Autumn,Quetta,Balochistan,30.1798,66.975,1645.0,16.564499,33.414497,25.604086,0.0,10.568667,37.49692,838.0257,7.660334,4.2916665,,16.849998,False,False,No Rain,Breezy
2024-09-10 00:00:00+05:00,2024,9,10,1,False,Autumn,Quetta,Balochistan,30.1798,66.975,1645.0,18.2645,34.264503,26.931166,0.0,6.1647987,28.493032,840.0129,3.7832496,0.5,,16.000004,False,False,No Rain,Calm
2024-09-10 00:00:00+05:00,2024,9,10,1,False,Autumn,Quetta,Balochistan,30.1798,66.975,1645.0,18.7145,33.164497,26.637419,0.0,6.5762095,19.44224,839.81683,0.8957501,12.625,,14.449997,False,False,No Rain,Calm
2024-09-10 00:00:00+05:00,2024,9,10,1,False,Autumn,Quetta,Balochistan,30.1798,66.975,1645.0,20.0645,34.864502,27.918661,0.0,5.9112625,17.073214,839.2912,-0.8063333,14.125,,14.800001,False,False,No Rain,Calm
2024-09-10 00:00:00+05:00,2024,9,10,1,False,Autumn,Quetta,Balochistan,30.1798,66.975,1645.0,20.7145,34.014503,27.410337,0.0,8.339356,19.663479,839.2635,1.3665835,4.8333335,,13.300003,False,False,No Rain,Calm
2024-09-10 00:00:00+05:00,2024,9,10,1,False,Autumn,Quetta,Balochistan,30.1798,66.975,1645.0,20.5645,33.4645,27.212416,0.0,7.7827744,17.314161,838.51807,-1.0896665,0.0,,12.9,False,False,No Rain,Calm
2024-09-10 00:00:00+05:00,2024,9,10,1,False,Autumn,Quetta,Balochistan,30.1798,66.975,1645.0,20.1145,33.8145,27.304085,0.0,7.6089535,17.993954,838.63574,-0.3167499,0.0,,13.699999,False,False,No Rain,Calm
2024-09-10 00:00:00+05:00,2024,9,10,1,False,Autumn,Quetta,Balochistan,30.1798,66.975,1645.0,19.1145,33.4645,26.991585,0.0,7.266504,15.13816,837.7022,-3.1271667,0.0,,14.35,False,False,No Rain,Calm
2024-09-10 00:00:00+05:00,2024,9,10,1,False,Autumn,Quetta,Balochistan,30.1798,66.975,1645.0,19.0145,34.014503,26.816584,0.0,5.8114104,12.893098,836.40753,-4.756333,0.0,,15.000004,False,False,No Rain,Calm
2024-09-10 00:00:00+05:00,2024,9,10,1,False,Autumn,Quetta,Balochistan,30.1798,66.975,1645.0,18.9645,34.2145,26.881166,0.0,7.3916116,15.812816,834.9456,-2.295916,29.833334,,15.25,False,False,No Rain,Calm
2024-09-10 00:00:00+05:00,2024,9,10,1,False,Autumn,Quetta,Balochistan,30.1798,66.975,1645.0,19.2145,33.8145,27.366585,0.0,8.055959,21.818857,833.52496,1.7415833,31.583334,,14.599998,False,False,No Rain,Calm
2024-09-10 00:00:00+05:00,2024,9,10,1,False,Autumn,Quetta,Balochistan,30.1798,66.975,1645.0,18.8145,34.2145,26.97492,0.0,8.026544,34.008663,833.4688,7.0749173,22.75,,15.4,False,False,No Rain,Calm
2024-09-10 00:00:00+05:00,2024,9,10,1,False,Autumn,Quetta,Balochistan,30.1798,66.975,1645.0,18.8645,34.864502,27.999922,0.0,8.264667,29.227324,834.57227,4.5624166,0.0,,16.000002,False,False,No Rain,Calm
2024-09-10 00:00:00+05:00,2024,9,10,1,False,Autumn,Quetta,Balochistan,30.1798,66.975,1645.0,19.4145,37.764503,29.433249,0.0,8.763762,23.348047,834.39453,-0.34383357,0.0,,18.350004,True,False,No Rain,Calm
2024-09-10 00:00:00+05:00,2024,9,10,1,False,Autumn,Quetta,Balochistan,30.1798,66.975,1645.0,22.1145,38.014503,30.670748,0.0,6.3656917,8.095381,833.15405,-7.787584,0.0,,15.900003,True,False,No Rain,Calm
2024-09-10 00:00:00+05:00,2024,9,10,1,False,Autumn,Quetta,Balochistan,30.1798,66.975,1645.0,20.8645,38.414497,30.33325,0.0,8.059575,18.88342,833.72626,0.23741685,0.0,,17.549997,True,False,No Rain,Calm
2024-09-10 00:00:00+05:00,2024,9,10,1,False,Autumn,Quetta,Balochistan,30.1798,66.975,1645.0,21.1145,37.014503,29.72492,0.0,9.029214,26.369331,835.29364,1.816583,0.0,,15.900003,True,False,No Rain,Calm
2024-09-10 00:00:00+05:00,2024,9,10,1,False,Autumn,Quetta,Balochistan,30.1798,66.975,1645.0,20.9145,35.7145,28.781166,0.0,7.4426193,8.922166,833.44965,-10.095916,25.541666,,14.800001,True,False,No Rain,Calm
2024-09-10 00:00:00+05:00,2024,9,10,1,False,Autumn,Quetta,Balochistan,30.1798,66.975,1645.0,20.5145,35.614502,28.654083,0.0,6.889202,36.485767,832.71094,9.53325,58.291668,,15.100002,True,False,No Rain,Calm
2024-09-10 00:00:00+05:00,2024,9,10,1,False,Autumn,Quetta,Balochistan,30.1798,66.975,1645.0,20.6645,38.414497,29.7895,0.0,8.231945,34.823246,832.0344,9.439499,23.416666,,17.749998,True,False,No Rain,Calm
2024-09-10 00:00:00+05:00,2024,9,10,1,False,Autumn,Quetta,Balochistan,30.1798,66.975,1645.0,21.1645,38.664497,30.556166,0.0,7.828909,34.781178,833.4389,9.379085,30.958334,,17.499998,True,False,No Rain,Calm
2024-09-10 00:00:00+05:00,2024,9,10,1,False,Autumn,Quetta,Balochistan,30.1798,66.975,1645.0,22.5645,38.414497,30.302002,0.0,8.967018,39.498993,835.2181,12.2040825,76.541664,,15.849997,True,False,No Rain,Calm
2024-09-10 00:00:00+05:00,2024,9,10,1,False,Autumn,Quetta,Balochistan,30.1798,66.975,1645.0,21.6145,37.114502,28.047834,0.0,10.834199,53.56125,834.4538,15.741585,50.666668,,15.500002,True,False,No Rain,Breezy
2024-09-10 00:00:00+05:00,2024,9,10,1,False,Autumn,Quetta,Balochistan,30.1798,66.975,1645.0,21.6145,31.3645,26.983248,3.3,9.347732,57.526825,833.68756,17.287416,74.708336,,9.75,False,False,Light,Calm
2024-09-10 00:00:00+05:00,2024,9,10,1,False,Autumn,Quetta,Balochistan,30.1798,66.975,1645.0,21.7145,35.614502,28.1145,0.3,6.899746,50.570263,831.8577,15.716583,30.0,,13.900002,True,False,Light,Calm
2024-09-10 00:00:00+05:00,2024,9,10,1,False,Autumn,Quetta,Balochistan,30.1798,66.975,1645.0,21.2645,37.664497,29.262419,0.0,7.8214154,47.197662,831.87695,13.654086,1.4583334,,16.399998,True,False,No Rain,Calm
2024-09-10 00:00:00+05:00,2024,9,10,1,False,Autumn,Quetta,Balochistan,30.1798,66.975,1645.0,21.4145,38.614502,30.04783,0.0,7.559342,44.72938,833.3754,12.916583,14.375,,17.200003,True,False,No Rain,Calm
2024-09-10 00:00:00+05:00,2024,9,10,1,False,Autumn,Quetta,Balochistan,30.1798,66.975,1645.0,21.5645,38.914497,30.258253,0.0,9.091446,45.080112,833.69196,12.160335,1.75,,17.349997,True,False,No Rain,Calm
2024-09-10 00:00:00+05:00,2024,9,10,1,False,Autumn,Quetta,Balochistan,30.1798,66.975,1645.0,21.6645,37.864502,28.931166,0.0,11.19222,50.222473,833.8069,15.518666,20.25,,16.200003,True,False,No Rain,Breezy
2024-09-10 00:00:00+05:00,2024,9,10,1,False,Autumn,Quetta,Balochistan,30.1798,66.975,1645.0,22.0645,37.7145,29.218666,0.0,9.35737,49.587017,834.5113,15.810332,22.333334,,15.65,True,False,No Rain,Calm
2024-09-10 00:00:00+05:00,2024,9,10,1,False,Autumn,Quetta,Balochistan,30.1798,66.975,1645.0,22.2145,38.364502,30.08325,0.0,8.739012,45.65857,833.7863,14.5145,15.0,,16.150002,True,False,No Rain,Calm
2024-09-10 00:00:00+05:00,2024,9,10,1,False,Autumn,Quetta,Balochistan,30.1798,66.975,1645.0,22.6145,38.9645,29.883255,0.0,9.176055,47.206684,832.61224,14.743668,48.833332,,16.35,True,False,No Rain,Calm
2024-09-10 00:00:00+05:00,2024,9,10,1,False,Autumn,Quetta,Balochistan,30.1798,66.975,1645.0,21.9645,33.864502,28.072832,0.6,10.985219,56.462616,832.8113,17.4895,78.083336,,11.900002,False,False,Light,Breezy
2024-09-10 00:00:00+05:00,2024,9,10,1,False,Autumn,Quetta,Balochistan,30.1798,66.975,1645.0,21.9645,36.264503,28.708254,0.0,9.177589,53.67893,833.79144,16.266584,39.958332,,14.300003,True,False,No Rain,Calm
2024-09-10 00:00:00+05:00,2024,9,10,1,False,Autumn,Quetta,Balochistan,30.1798,66.975,1645.0,21.6145,36.514503,28.674917,0.0,8.650073,51.649918,833.7468,14.989498,9.958333,,14.900003,True,False,No Rain,Calm
2024-09-10 00:00:00+05:00,2024,9,10,1,False,Autumn,Quetta,Balochistan,30.1798,66.975,1645.0,21.1645,37.114502,28.645752,0.0,9.07199,51.930126,834.44995,14.7040825,10.583333,,15.950003,True,False,No Rain,Calm
2024-09-10 00:00:00+05:00,2024,9,10,1,False,Autumn,Quetta,Balochistan,30.1798,66.975,1645.0,21.2645,36.5645,28.247833,0.0,10.989938,53.408962,835.1496,15.545751,11.75,,15.299999,True,False,No Rain,Breezy
2024-09-10 00:00:00+05:00,2024,9,10,1,False,Autumn,Quetta,Balochistan,30.1798,66.975,1645.0,19.3145,34.9645,27.622833,0.0,8.474038,47.313625,836.0595,10.983251,0.125,,15.65,False,False,No Rain,Calm
2024-09-10 00:00:00+05:00,2024,9,10,1,False,Autumn,Quetta,Balochistan,30.1798,66.975,1645.0,19.7645,34.764503,27.547836,0.0,7.3809648,41.735085,835.5732,7.656166,0.041666668,,15.000004,False,False,No Rain,Calm
2024-09-10 00:00:00+05:00,2024,9,10,1,False,Autumn,Quetta,Balochistan,30.1798,66.975,1645.0,19.4145,33.664497,26.34992,0.0,8.8813715,44.924488,834.0696,10.149916,7.375,,14.249998,False,False,No Rain,Calm
2024-09-10 00:00:00+05:00,2024,9,10,1,False,Autumn,Quetta,Balochistan,30.1798,66.975,1645.0,18.4145,33.514503,26.245749,0.0,6.1632686,44.85642,833.44867,9.9436655,38.791668,,15.100004,False,False,No Rain,Calm
2024-09-10 00:00:00+05:00,2024,9,10,1,False,Autumn,Quetta,Balochistan,30.1798,66.975,1645.0,19.4145,34.514503,27.622835,0.0,7.973493,38.98249,834.0122,8.722833,59.541668,,15.100004,False,False,No Rain,Calm
2024-09-10 00:00:00+05:00,2024,9,10,1,False,Autumn,Quetta,Balochistan,30.1798,66.975,1645.0,19.5645,34.664497,27.633253,0.0,9.031101,46.14447,835.36456,12.062419,57.333332,,15.099997,False,False,No Rain,Calm
2024-09-10 00:00:00+05:00,2024,9,10,1,False,Autumn,Quetta,Balochistan,30.1798,66.975,1645.0,20.3645,36.664497,28.293669,0.0,7.898762,44.604565,836.3301,11.724917,42.833332,,16.299997,True,False,No Rain,Calm
2024-09-10 00:00:00+05:00,2024,9,10,1,False,Autumn,Quetta,Balochistan,30.1798,66.975,1645.0,20.6145,36.914497,28.649918,0.0,9.482956,42.762894,833.6155,10.524918,44.583332,,16.299997,True,False,No Rain,Calm
2024-09-10 00:00:00+05:00,2024,9,10,1,False,Autumn,Quetta,Balochistan,30.1798,66.975,1645.0,20.9645,36.264503,27.874922,0.0,10.044238,54.46466,832.1638,15.3603325,64.791664,,15.300003,True,False,No Rain,Breezy
2024-09-10 00:00:00+05:00,2024,9,10,1,False,Autumn,Quetta,Balochistan,30.1798,66.975,1645.0,21.4145,37.264503,28.481163,0.0,10.053182,56.02875,833.9012,16.799917,63.583332,,15.850004,True,False,No Rain,Breezy
2024-09-10 00:00:00+05:00,2024,9,10,1,False,Autumn,Quetta,Balochistan,30.1798,66.975,1645.0,21.8145,36.914497,29.668669,0.0,7.874029,43.329456,834.17523,11.668667,36.875,,15.099997,True,False,No Rain,Calm
2024-09-10 00:00:00+05:00,2024,9,10,1,False,Autumn,Quetta,Balochistan,30.1798,66.975,1645.0,21.5145,37.164497,29.7395,0.0,7.5482507,37.3547,831.01483,9.031166,0.6666667,,15.649998,True,False,No Rain,Calm
2024-09-10 00:00:00+05:00,2024,9,10,1,False,Autumn,Quetta,Balochistan,30.1798,66.975,1645.0,21.2645,36.914497,28.637415,0.0,9.977722,52.580307,830.7203,12.997833,6.875,,15.649998,True,False,No Rain,Calm
2024-09-10 00:00:00+05:00,2024,9,10,1,False,Autumn,Quetta,Balochistan,30.1798,66.975,1645.0,20.2145,37.014503,28.158249,0.0,7.846693,51.488674,831.1348,13.762414,7.2083335,,16.800003,True,False,No Rain,Calm
2024-09-10 00:00:00+05:00,2024,9,10,1,False,Autumn,Quetta,Balochistan,30.1798,66.975,1645.0,19.9145,37.364502,28.870752,0.0,8.699034,46.732777,832.4868,11.066582,9.833333,,17.450003,True,False,No Rain,Calm
2024-09-10 00:00:00+05:00,2024,9,10,1,False,Autumn,Quetta,Balochistan,30.1798,66.975,1645.0,20.4145,37.514503,28.733248,0.0,7.4418874,45.517242,832.94635,11.743667,9.75,,17.100004,True,False,No Rain,Calm
2024-09-10 00:00:00+05:00,2024,9,10,1,False,Autumn,Quetta,Balochistan,30.1798,66.975,1645.0,20.7145,36.364502,29.222832,0.0,6.718311,34.371433,833.27246,7.29575,5.4583335,,15.650002,True,False,No Rain,Calm
2024-09-10 00:00:00+05:00,2024,9,10,1,False,Autumn,Quetta,Balochistan,30.1798,66.975,1645.0,22.1145,35.864502,29.354086,0.0,6.9593463,15.997468,832.83594,0.08950001,0.375,,13.750002,True,False,No Rain,Calm
2024-09-10 00:00:00+05:00,2024,9,10,1,False,Autumn,Quetta,Balochistan,30.1798,66.975,1645.0,21.2645,37.164497,29.137415,0.0,9.030694,22.826874,832.1495,1.6915833,14.541667,,15.899998,True,False,No Rain,Calm
2024-09-10 00:00:00+05:00,2024,9,10,1,False,Autumn,Quetta,Balochistan,30.1798,66.975,1645.0,19.9645,34.614502,27.456167,0.0,10.219068,51.849392,833.2458,14.126999,38.625,,14.650002,False,False,No Rain,Breezy
2024-09-10 00:00:00+05:00,2024,9,10,1,False,Autumn,Quetta,Balochistan,30.1798,66.975,1645.0,20.2645,36.014503,27.543669,0.0,8.390673,51.5275,834.1282,13.574916,54.583332,,15.750004,True,False,No Rain,Calm
2024-09-10 00:00:00+05:00,2024,9,10,1,False,Autumn,Quetta,Balochistan,30.1798,66.975,1645.0,20.3145,36.764503,28.51867,0.0,7.568522,42.967133,834.8276,11.097833,34.291668,,16.450003,True,False,No Rain,Calm
2024-09-10 00:00:00+05:00,2024,9,10,1,False,Autumn,Quetta,Balochistan,30.1798,66.975,1645.0,20.4145,36.5645,28.597837,0.0,8.309369,39.836094,835.8181,8.389499,1.4583334,,16.15,True,False,No Rain,Calm
2024-09-10 00:00:00+05:00,2024,9,10,1,False,Autumn,Quetta,Balochistan,30.1798,66.975,1645.0,20.1145,36.014503,28.356169,0.0,5.6433263,34.14055,836.594,4.8811665,0.0,,15.900003,True,False,No Rain,Calm
2024-09-10 00:00:00+05:00,2024,9,10,1,False,Autumn,Quetta,Balochistan,30.1798,66.975,1645.0,20.7145,36.2145,28.572836,0.0,6.9005203,17.459848,835.60126,-0.8854998,1.4583334,,15.5,True,False,No Rain,Calm
2024-09-10 00:00:00+05:00,2024,9,10,1,False,Autumn,Quetta,Balochistan,30.1798,66.975,1645.0,19.8645,35.864502,27.910332,0.0,8.624113,42.184017,835.87445,8.516582,0.375,,16.000002,True,False,No Rain,Calm
2024-09-10 00:00:00+05:00,2024,9,10,1,False,Autumn,Quetta,Balochistan,30.1798,66.975,1645.0,19.1645,35.364502,27.374918,0.0,8.237714,45.551975,836.53436,9.166583,1.5833334,,16.200003,True,False,No Rain,Calm
2024-09-10 00:00:00+05:00,2024,9,10,1,False,Autumn,Quetta,Balochistan,30.1798,66.975,1645.0,18.8645,34.864502,27.087418,0.0,7.534677,34.93077,836.67316,3.7894993,0.0,,16.000002,False,False,No Rain,Calm
2024-09-10 00:00:00+05:00,2024,9,10,1,False,Autumn,Quetta,Balochistan,30.1798,66.975,1645.0,19.1145,35.0645,27.35617,0.0,6.9546466,30.531618,838.5557,3.7999172,8.958333,,15.949999,True,False,No Rain,Calm
2024-09-10 00:00:00+05:00,2024,9,10,1,False,Autumn,Quetta,Balochistan,30.1798,66.975,1645.0,18.8145,34.864502,27.435333,0.0,5.36645,29.516876,837.7929,2.6665838,24.25,,16.050001,False,False,No Rain,Calm
2024-09-10 00:00:00+05:00,2024,9,10,1,False,Autumn,Quetta,Balochistan,30.1798,66.975,1645.0,20.1145,35.0645,27.983246,0.0,5.2914834,14.328153,836.8433,-2.5105,2.0833333,,14.949999,True,False,No Rain,Calm
2024-09-10 00:00:00+05:00,2024,9,10,1,False,Autumn,Quetta,Balochistan,30.1798,66.975,1645.0,21.4145,36.264503,28.772833,0.0,5.5988483,16.307081,835.28705,-0.70008343,47.041668,,14.850004,True,False,No Rain,Calm
2024-09-10 00:00:00+05:00,2024,9,10,1,False,Autumn,Quetta,Balochistan,30.1798,66.975,1645.0,20.9645,37.364502,28.75825,0.0,6.6503906,36.348835,834.55426,8.376999,53.5,,16.400002,True,False,No Rain,Calm
2024-09-10 00:00:00+05:00,2024,9,10,1,False,Autumn,Quetta,Balochistan,30.1798,66.975,1645.0,19.8145,35.014503,27.139503,0.0,10.808339,57.4086,835.5628,16.1145,86.916664,,15.200003,True,False,No Rain,Breezy
2024-09-10 00:00:00+05:00,2024,9,10,1,False,Autumn,Quetta,Balochistan,30.1798,66.975,1645.0,21.2645,35.614502,27.504084,0.0,9.361755,54.874634,836.09735,15.418666,28.25,,14.350002,True,False,No Rain,Calm
2024-09-10 00:00:00+05:00,2024,9,10,1,False,Autumn,Quetta,Balochistan,30.1798,66.975,1645.0,20.0645,35.9645,27.702002,0.0,8.338325,50.55275,835.24445,14.010333,35.458332,,15.9,True,False,No Rain,Calm
2024-09-10 00:00:00+05:00,2024,9,10,1,False,Autumn,Quetta,Balochistan,30.1798,66.975,1645.0,20.7645,34.764503,27.543669,0.2,9.590091,51.91827,835.8068,15.222836,36.791668,,14.000004,False,False,Light,Calm
2024-09-10 00:00:00+05:00,2024,9,10,1,False,Autumn,Quetta,Balochistan,30.1798,66.975,1645.0,21.6145,33.764503,26.897837,1.0,9.389098,58.726673,836.99585,17.189497,66.416664,,12.150003,False,False,Light,Calm
2024-09-10 00:00:00+05:00,2024,9,10,1,False,Autumn,Quetta,Balochistan,30.1798,66.975,1645.0,20.9145,33.8145,26.206167,0.1,8.797862,60.657166,836.2576,16.754084,29.083334,,12.9,False,False,Light,Calm
2024-09-10 00:00:00+05:00,2024,9,10,1,False,Autumn,Quetta,Balochistan,30.1798,66.975,1645.0,19.0645,35.664497,26.27075,0.0,9.668542,59.085415,835.709,14.612416,18.208334,,16.599997,True,False,No Rain,Calm
2024-09-10 00:00:00+05:00,2024,9,10,1,False,Autumn,Quetta,Balochistan,30.1798,66.975,1645.0,19.2645,35.2145,26.906168,0.0,9.032989,53.967594,836.66376,13.714499,3.2083333,,15.950001,True,False,No Rain,Calm
2024-09-10 00:00:00+05:00,2024,9,10,1,False,Autumn,Quetta,Balochistan,30.1798,66.975,1645.0,19.2645,35.164497,27.324915,0.0,7.0033493,44.82614,834.6135,10.045749,0.25,,15.899998,True,False,No Rain,Calm
2024-09-10 00:00:00+05:00,2024,9,10,1,False,Autumn,Quetta,Balochistan,30.1798,66.975,1645.0,18.6645,36.164497,27.356169,0.0,7.096709,36.663677,832.8068,5.7395005,0.041666668,,17.499998,True,False,No Rain,Calm
2024-09-10 00:00:00+05:00,2024,9,10,1,False,Autumn,Quetta,Balochistan,30.1798,66.975,1645.0,18.6145,35.7145,26.597834,0.0,8.176977,51.59991,833.89923,12.145749,5.9166665,,17.1,True,False,No Rain,Calm
2024-09-10 00:00:00+05:00,2024,9,10,1,False,Autumn,Quetta,Balochistan,30.1798,66.975,1645.0,18.3645,33.664497,26.53325,0.0,7.710672,43.32727,835.22046,7.7311654,3.4166667,,15.299997,False,False,No Rain,Calm
2024-09-10 00:00:00+05:00,2024,9,10,1,False,Autumn,Quetta,Balochistan,30.1798,66.975,1645.0,17.8645,34.414497,26.451998,0.0,7.576882,45.588192,835.84106,8.362416,4.9583335,,16.549997,False,False,No Rain,Calm
2024-09-10 00:00:00+05:00,2024,9,10,1,False,Autumn,Quetta,Balochistan,30.1798,66.975,1645.0,18.1645,34.914497,26.681168,0.0,6.99419,42.665302,836.49554,7.7186656,0.5,,16.749998,False,False,No Rain,Calm
2024-09-10 00:00:00+05:00,2024,9,10,1,False,Autumn,Quetta,Balochistan,30.1798,66.975,1645.0,17.8645,34.914497,27.041582,0.0,6.6901455,36.193233,836.2641,3.2978342,0.5,,17.049997,False,False,No Rain,Calm
2024-09-10 00:00:00+05:00,2024,9,10,1,False,Autumn,Quetta,Balochistan,30.1798,66.975,1645.0,18.2145,35.264503,27.112421,0.0,6.9041333,21.670164,835.918,-1.2855,10.208333,,17.050003,True,False,No Rain,Calm
2024-09-10 00:00:00+05:00,2024,9,10,1,False,Autumn,Quetta,Balochistan,30.1798,66.975,1645.0,18.5645,35.364502,27.22075,0.0,8.418742,40.492306,837.67255,6.2436676,5.0833335,,16.800001,True,False,No Rain,Calm
2024-09-10 00:00:00+05:00,2024,9,10,1,False,Autumn,Quetta,Balochistan,30.1798,66.975,1645.0,17.7645,34.5645,26.547836,0.0,7.1597652,39.497265,835.82306,4.8894997,3.0,,16.8,False,False,No Rain,Calm
2024-09-10 00:00:00+05:00,2024,9,10,1,False,Autumn,Quetta,Balochistan,30.1798,66.975,1645.0,17.1645,34.364502,25.587412,0.0,6.1299057,25.74111,832.7188,-0.74383324,3.2083333,,17.200003,False,False,No Rain,Calm
2024-09-10 00:00:00+05:00,2024,9,10,1,False,Autumn,Quetta,Balochistan,30.1798,66.975,1645.0,15.8645,32.364502,24.393663,0.0,6.2052693,25.454704,833.84735,-2.8688335,0.0,,16.500002,False,False,No Rain,Calm
2024-09-10 00:00:00+05:00,2024,9,10,1,False,Autumn,Quetta,Balochistan,30.1798,66.975,1645.0,15.8645,32.0645,24.131166,0.0,9.413608,33.202126,835.9658,-0.32716635,4.125,,16.199999,False,False,No Rain,Calm
2024-09-10 00:00:00+05:00,2024,9,10,1,False,Autumn,Quetta,Balochistan,30.1798,66.975,1645.0,16.7645,32.0645,24.647835,0.0,6.7837486,37.55763,837.77106,3.4207497,3.25,,15.299999,False,False,No Rain,Calm
2024-09-10 00:00:00+05:00,2024,9,10,1,False,Autumn,Quetta,Balochistan,30.1798,66.975,1645.0,16.564499,32.2645,24.362417,0.0,7.4858723,35.225933,837.6757,0.6040825,0.29166666,,15.700001,False,False,No Rain,Calm
2024-09-10 00:00:00+05:00,2024,9,10,1,False,Autumn,Quetta,Balochistan,30.1798,66.975,1645.0,15.7645,33.0645,24.4895,0.0,6.3382115,34.90951,837.49316,4.306167,14.5,,17.3,False,False,No Rain,Calm
2024-09-10 00:00:00+05:00,2024,9,10,1,False,Autumn,Quetta,Balochistan,30.1798,66.975,1645.0,17.2645,33.664497,25.437414,0.0,8.554001,44.90857,836.5017,8.135333,4.7916665,,16.399998,False,False,No Rain,Calm
2024-09-10 00:00:00+05:00,2024,9,10,1,False,Autumn,Quetta,Balochistan,30.1798,66.975,1645.0,17.8145,31.1645,23.612417,0.0,9.500459,64.318535,836.0849,15.435334,45.666668,,13.349998,False,False,No Rain,Calm
2024-09-10 00:00:00+05:00,2024,9,10,1,False,Autumn,Quetta,Balochistan,30.1798,66.975,1645.0,18.2645,28.4645,23.170748,1.0,10.774991,66.68533,838.5357,15.9145,40.041668,,10.200001,False,False,Light,Breezy
2024-09-10 00:00:00+05:00,2024,9,10,1,False,Autumn,Quetta,Balochistan,30.1798,66.975,1645.0,16.664501,32.9645,24.206167,0.0,7.606483,62.342144,838.4289,14.485333,28.416666,,16.3,False,False,No Rain,Calm
2024-09-10 00:00:00+05:00,2024,9,10,1,False,Autumn,Quetta,Balochistan,30.1798,66.975,1645.0,18.2145,34.014503,25.49575,0.0,6.7343287,53.690495,837.22,12.227001,5.0833335,,15.800003,False,False,No Rain,Calm
2024-09-10 00:00:00+05:00,2024,9,10,1,False,Autumn,Quetta,Balochistan,30.1798,66.975,1645.0,18.5145,34.4645,25.558249,0.0,8.163365,55.10028,838.0074,13.520751,22.666666,,15.950001,False,False,No Rain,Calm
2024-09-10 00:00:00+05:00,2024,9,10,1,False,Autumn,Quetta,Balochistan,30.1798,66.975,1645.0,18.4145,34.8145,25.916582,0.0,7.2022347,52.561604,839.0259,12.426999,3.75,,16.4,False,False,No Rain,Calm
2024-09-10 00:00:00+05:00,2024,9,10,1,False,Autumn,Quetta,Balochistan,30.1798,66.975,1645.0,18.8145,34.264503,26.635336,0.0,5.8777013,36.41045,839.09766,5.485334,0.0,,15.450003,False,False,No Rain,Calm
2024-09-10 00:00:00+05:00,2024,9,10,1,False,Autumn,Quetta,Balochistan,30.1798,66.975,1645.0,18.1145,33.914497,25.779083,0.0,5.855597,25.672503,837.67413,1.1582505,0.0,,15.799997,False,False,No Rain,Calm
2024-09-10 00:00:00+05:00,2024,9,10,1,False,Autumn,Quetta,Balochistan,30.1798,66.975,1645.0,18.4145,32.7145,25.27492,0.0,7.5720863,17.637777,837.50726,-1.9250833,9.708333,,14.300001,False,False,No Rain,Calm
2024-09-10 00:00:00+05:00,2024,9,10,1,False,Autumn,Quetta,Balochistan,30.1798,66.975,1645.0,16.0145,30.9145,23.066584,0.0,5.0796647,17.67238,837.80426,-3.8605,0.0,,14.9,False,False,No Rain,Calm
2024-09-10 00:00:00+05:00,2024,9,10,1,False,Autumn,Quetta,Balochistan,30.1798,66.975,1645.0,14.4145,30.4645,22.535334,0.0,5.5276513,17.59649,837.63116,-4.3729997,7.3333335,,16.05,False,False,No Rain,Calm
2024-09-10 00:00:00+05:00,2024,9,10,1,False,Autumn,Quetta,Balochistan,30.1798,66.975,1645.0,16.0145,30.8145,23.449919,0.0,4.957258,14.653984,838.31805,-6.2105002,0.0,,14.800001,False,False,No Rain,Calm
2024-09-10 00:00:00+05:00,2024,9,10,1,False,Autumn,Quetta,Balochistan,30.1798,66.975,1645.0,14.9145,30.8645,23.054083,0.0,4.5091147,17.772,838.17816,-4.29175,0.0,,15.95,False,False,No Rain,Calm
2024-09-10 00:00:00+05:00,2024,9,10,1,False,Autumn,Quetta,Balochistan,30.1798,66.975,1645.0,15.0645,31.1645,23.166582,0.0,6.4986672,30.3799,837.5722,0.69991666,1.6666666,,16.099998,False,False,No Rain,Calm
2024-09-10 00:00:00+05:00,2024,9,10,1,False,Autumn,Quetta,Balochistan,30.1798,66.975,1645.0,15.5145,32.8145,24.604082,0.0,4.7146406,30.019476,838.45337,0.2332501,0.0,,17.3,False,False,No Rain,Calm
2024-09-10 00:00:00+05:00,2024,9,10,1,False,Autumn,Quetta,Balochistan,30.1798,66.975,1645.0,18.2645,33.3145,25.57283,0.0,5.0162663,15.796563,838.7671,-3.4438334,0.0,,15.049999,False,False,No Rain,Calm
2024-09-10 00:00:00+05:00,2024,9,10,1,False,Autumn,Quetta,Balochistan,30.1798,66.975,1645.0,17.3145,31.9645,24.449919,0.0,6.0450225,18.157623,836.9206,-2.0584166,0.0,,14.65,False,False,No Rain,Calm
2024-09-10 00:00:00+05:00,2024,9,10,1,False,Autumn,Quetta,Balochistan,30.1798,66.975,1645.0,17.4145,31.8145,24.316584,0.0,6.1687775,20.616024,837.403,-0.35216662,5.5416665,,14.400002,False,False,No Rain,Calm
2024-09-10 00:00:00+05:00,2024,9,10,1,False,Autumn,Quetta,Balochistan,30.1798,66.975,1645.0,17.5145,30.4145,23.891584,0.0,6.121506,16.792797,839.9964,-4.925083,0.0,,12.9,False,False,No Rain,Calm
2024-09-10 00:00:00+05:00,2024,9,10,1,False,Autumn,Quetta,Balochistan,30.1798,66.975,1645.0,16.8645,31.1145,24.02075,0.0,4.503509,13.375777,841.478,-6.352167,0.0,,14.25,False,False,No Rain,Calm
2024-09-10 00:00:00+05:00,2024,9,10,1,False,Autumn,Quetta,Balochistan,30.1798,66.975,1645.0,16.9145,30.7645,23.858248,0.0,4.560452,13.001747,840.5545,-7.150083,0.0,,13.85,False,False,No Rain,Calm
2024-09-10 00:00:00+05:00,2024,9,10,1,False,Autumn,Quetta,Balochistan,30.1798,66.975,1645.0,15.7645,30.7645,23.126999,0.0,5.8539047,13.105611,837.64703,-8.854251,0.0,,15.0,False,False,No Rain,Calm
2024-09-10 00:00:00+05:00,2024,9,10,1,False,Autumn,Quetta,Balochistan,30.1798,66.975,1645.0,15.2145,31.7645,22.987417,0.0,6.2214637,30.499586,836.00726,1.4895002,0.0,,16.55,False,False,No Rain,Calm
2024-09-10 00:00:00+05:00,2024,9,10,1,False,Autumn,Quetta,Balochistan,30.1798,66.975,1645.0,14.5145,30.2145,22.197832,0.0,7.263371,37.097675,835.4302,2.9519997,0.0,,15.700001,False,False,No Rain,Calm
2024-09-10 00:00:00+05:00,2024,9,10,1,False,Autumn,Quetta,Balochistan,30.1798,66.975,1645.0,14.2645,29.8645,21.872833,0.0,6.972237,43.23288,837.7937,3.7874162,0.7083333,,15.6,False,False,No Rain,Calm
2024-09-10 00:00:00+05:00,2024,9,10,1,False,Autumn,Quetta,Balochistan,30.1798,66.975,1645.0,14.7645,30.3645,22.231169,0.0,5.829273,41.84235,840.8657,6.1603336,4.5833335,,15.6,False,False,No Rain,Calm
2024-09-10 00:00:00+05:00,2024,9,10,1,False,Autumn,Quetta,Balochistan,30.1798,66.975,1645.0,15.1145,28.7645,21.722834,0.0,7.083058,31.400253,840.63306,-0.26258314,0.0,,13.65,False,False,No Rain,Calm
2024-09-10 00:00:00+05:00,2024,9,10,1,False,Autumn,Quetta,Balochistan,30.1798,66.975,1645.0,13.7145,25.4145,19.395752,0.0,7.7687325,17.764177,836.9494,-6.1188335,0.0,,11.699999,False,False,No Rain,Calm
2024-09-10 00:00:00+05:00,2024,9,10,1,False,Autumn,Quetta,Balochistan,30.1798,66.975,1645.0,8.4145,20.5645,14.749919,0.0,6.0517445,23.834105,835.6451,-6.493835,0.0,,12.150001,False,True,No Rain,Calm
2024-09-10 00:00:00+05:00,2024,9,10,1,False,Autumn,Quetta,Balochistan,30.1798,66.975,1645.0,8.5145,22.8645,15.460334,0.0,4.80489,20.674517,837.50433,-8.26675,0.0,,14.35,False,True,No Rain,Calm
2024-09-10 00:00:00+05:00,2024,9,10,1,False,Autumn,Quetta,Balochistan,30.1798,66.975,1645.0,8.7145,24.1645,16.187418,0.0,3.5420341,16.926128,838.716,-10.295917,0.0,,15.449999,False,True,No Rain,Calm
2024-09-10 00:00:00+05:00,2024,9,10,1,False,Autumn,Quetta,Balochistan,30.1798,66.975,1645.0,8.9145,24.3145,16.316584,0.0,3.8858948,23.48128,840.16724,-9.629251,0.0,,15.400001,False,True,No Rain,Calm
2024-09-10 00:00:00+05:00,2024,9,10,1,False,Autumn,Quetta,Balochistan,30.1798,66.975,1645.0,9.5645,23.8645,16.516582,0.0,4.254827,23.638056,839.2644,-8.908417,0.0,,14.3,False,True,No Rain,Calm
2024-09-10 00:00:00+05:00,2024,9,10,1,False,Autumn,Quetta,Balochistan,30.1798,66.975,1645.0,9.5145,25.5645,17.199919,0.0,6.0558877,20.132662,839.6692,-7.0979996,0.0,,16.050001,False,True,No Rain,Calm
2024-09-10 00:00:00+05:00,2024,9,10,1,False,Autumn,Quetta,Balochistan,30.1798,66.975,1645.0,11.3145,25.2645,18.064499,0.0,4.1791725,29.207556,840.5385,-3.6709166,0.0,,13.95,False,False,No Rain,Calm
2024-09-10 00:00:00+05:00,2024,9,10,1,False,Autumn,Quetta,Balochistan,30.1798,66.975,1645.0,12.5145,27.7645,19.354086,0.0,4.268922,16.873705,841.11835,-7.9375844,0.0,,15.25,False,False,No Rain,Calm
2024-09-10 00:00:00+05:00,2024,9,10,1,False,Autumn,Quetta,Balochistan,30.1798,66.975,1645.0,12.8145,27.7145,19.481169,0.0,4.03495,18.462202,840.0192,-8.598001,0.0,,14.900001,False,False,No Rain,Calm
2024-09-10 00:00:00+05:00,2024,9,10,1,False,Autumn,Quetta,Balochistan,30.1798,66.975,1645.0,13.5645,27.8145,19.643667,0.0,4.18844,17.484718,839.43066,-7.1167493,0.0,,14.250001,False,False,No Rain,Calm
2024-09-10 00:00:00+05:00,2024,9,10,1,False,Autumn,Quetta,Balochistan,30.1798,66.975,1645.0,12.3145,27.0145,18.989504,0.0,6.0363865,25.685608,840.1961,-3.9542496,0.0,,14.7,False,False,No Rain,Calm
2024-09-10 00:00:00+05:00,2024,9,10,1,False,Autumn,Quetta,Balochistan,30.1798,66.975,1645.0,12.7145,25.8645,19.016584,0.0,3.8879716,23.998535,841.8369,-3.6771662,0.0,,13.15,False,False,No Rain,Calm
2024-09-10 00:00:00+05:00,2024,9,10,1,False,Autumn,Quetta,Balochistan,30.1798,66.975,1645.0,12.8145,25.2645,18.454084,0.0,3.3870175,19.25797,841.27386,-6.329251,0.0,,12.45,False,False,No Rain,Calm
2024-09-10 00:00:00+05:00,2024,9,10,1,False,Autumn,Quetta,Balochistan,30.1798,66.975,1645.0,12.6145,25.2145,17.952,0.0,3.9286773,19.892984,839.75757,-6.598001,0.0,,12.6,False,False,No Rain,Calm
2024-09-10 00:00:00+05:00,2024,9,10,1,False,Autumn,Quetta,Balochistan,30.1798,66.975,1645.0,10.7145,24.4645,17.191584,0.0,3.5239458,28.591555,839.12744,-3.0104997,3.0,,13.75,False,False,No Rain,Calm
2024-09-10 00:00:00+05:00,2024,9,10,1,False,Autumn,Quetta,Balochistan,30.1798,66.975,1645.0,10.1645,23.9145,16.660334,0.0,4.232768,31.559275,840.99493,-2.7042503,0.0,,13.749999,False,False,No Rain,Calm
2024-09-10 00:00:00+05:00,2024,9,10,1,False,Autumn,Quetta,Balochistan,30.1798,66.975,1645.0,11.6145,24.7145,17.69575,0.0,4.8965926,20.961508,842.9983,-5.970917,0.0,,13.1,False,False,No Rain,Calm
2024-09-10 00:00:00+05:00,2024,9,10,1,False,Autumn,Quetta,Balochistan,30.1798,66.975,1645.0,11.4645,25.4145,18.014502,0.0,4.0438595,21.182673,841.66656,-5.5646663,0.0,,13.949999,False,False,No Rain,Calm
2024-09-10 00:00:00+05:00,2024,9,10,1,False,Autumn,Quetta,Balochistan,30.1798,66.975,1645.0,11.5645,25.1145,17.802,0.0,3.9240339,22.646797,840.7017,-4.831333,0.0,,13.55,False,False,No Rain,Calm
2024-09-10 00:00:00+05:00,2024,9,10,1,False,Autumn,Quetta,Balochistan,30.1798,66.975,1645.0,11.8145,24.6645,17.724918,0.0,4.2165985,20.838335,839.8562,-6.745917,0.0,,12.849999,False,False,No Rain,Calm
2024-09-10 00:00:00+05:00,2024,9,10,1,False,Autumn,Gilgit,Gilgit-Baltistan,35.9208,74.3089,1470.0,17.059,27.709002,23.415253,0.5,3.099963,40.803196,855.06226,8.871502,20.333334,,10.650002,False,False,Light,Calm
2024-09-10 00:00:00+05:00,2024,9,10,1,False,Autumn,Gilgit,Gilgit-Baltistan,35.9208,74.3089,1470.0,19.709,27.909,24.004831,0.0,3.9782717,42.28935,855.3147,9.904833,19.375,,8.200001,False,False,No Rain,Calm
2024-09-10 00:00:00+05:00,2024,9,10,1,False,Autumn,Gilgit,Gilgit-Baltistan,35.9208,74.3089,1470.0,20.459,29.609001,24.579836,0.0,3.5642855,40.834034,853.58685,9.871501,4.9166665,,9.150002,False,False,No Rain,Calm
2024-09-10 00:00:00+05:00,2024,9,10,1,False,Autumn,Gilgit,Gilgit-Baltistan,35.9208,74.3089,1470.0,20.309,30.159,25.517336,0.0,4.081885,35.559315,850.50446,8.686084,12.375,,9.85,False,False,No Rain,Calm
2024-09-10 00:00:00+05:00,2024,9,10,1,False,Autumn,Gilgit,Gilgit-Baltistan,35.9208,74.3089,1470.0,20.359001,26.159,23.011087,1.3000001,3.4759648,43.015293,852.7627,9.506916,74.625,,5.799999,False,False,Light,Calm
2024-09-10 00:00:00+05:00,2024,9,10,1,False,Autumn,Gilgit,Gilgit-Baltistan,35.9208,74.3089,1470.0,16.409,24.659,20.090252,0.90000004,3.170873,54.199734,855.5329,10.011083,32.083332,,8.25,False,False,Light,Calm
2024-09-10 00:00:00+05:00,2024,9,10,1,False,Autumn,Gilgit,Gilgit-Baltistan,35.9208,74.3089,1470.0,16.909,28.459002,22.131918,0.2,3.472994,53.027782,856.3615,11.138167,27.5,,11.550001,False,False,Light,Calm
2024-09-10 00:00:00+05:00,2024,9,10,1,False,Autumn,Gilgit,Gilgit-Baltistan,35.9208,74.3089,1470.0,18.209,28.209002,22.975668,0.0,4.291719,45.675964,857.29755,9.854835,34.458332,,10.000002,False,False,No Rain,Calm
2024-09-10 00:00:00+05:00,2024,9,10,1,False,Autumn,Gilgit,Gilgit-Baltistan,35.9208,74.3089,1470.0,17.409,27.909,22.638168,0.0,3.7174337,44.94525,858.9119,9.538167,12.958333,,10.5,False,False,No Rain,Calm
2024-09-10 00:00:00+05:00,2024,9,10,1,False,Autumn,Gilgit,Gilgit-Baltistan,35.9208,74.3089,1470.0,17.209,29.459002,23.556917,0.0,4.14406,45.373272,858.7764,10.444417,8.0,,12.250002,False,False,No Rain,Calm
2024-09-10 00:00:00+05:00,2024,9,10,1,False,Autumn,Gilgit,Gilgit-Baltistan,35.9208,74.3089,1470.0,18.359001,30.859001,25.04025,0.0,4.968145,40.180424,858.90594,9.581917,4.0,,12.5,False,False,No Rain,Calm
2024-09-10 00:00:00+05:00,2024,9,10,1,False,Autumn,Gilgit,Gilgit-Baltistan,35.9208,74.3089,1470.0,21.309,31.409,25.504831,0.0,4.606671,40.065403,859.12964,10.14025,4.7916665,,10.1,False,False,No Rain,Calm
2024-09-10 00:00:00+05:00,2024,9,10,1,False,Autumn,Gilgit,Gilgit-Baltistan,35.9208,74.3089,1470.0,21.159,32.809,26.313164,0.0,5.3828597,32.307144,857.98773,7.7881665,0.29166666,,11.649998,False,False,No Rain,Calm
2024-09-10 00:00:00+05:00,2024,9,10,1,False,Autumn,Gilgit,Gilgit-Baltistan,35.9208,74.3089,1470.0,23.059,33.609,28.25067,0.0,4.7930446,27.018583,858.07666,6.9048333,2.7916667,,10.550001,False,False,No Rain,Calm
2024-09-10 00:00:00+05:00,2024,9,10,1,False,Autumn,Gilgit,Gilgit-Baltistan,35.9208,74.3089,1470.0,23.109001,34.459,28.086084,0.0,5.5547137,27.257156,856.5046,6.729833,0.083333336,,11.349998,False,False,No Rain,Calm
2024-09-10 00:00:00+05:00,2024,9,10,1,False,Autumn,Gilgit,Gilgit-Baltistan,35.9208,74.3089,1470.0,23.909,34.459,28.71733,0.0,4.1139483,21.2685,854.7784,3.206917,2.5,,10.549999,False,False,No Rain,Calm
2024-09-10 00:00:00+05:00,2024,9,10,1,False,Autumn,Gilgit,Gilgit-Baltistan,35.9208,74.3089,1470.0,22.459002,30.809,26.911085,0.3,5.5086117,39.130836,853.6348,11.231915,16.416666,,8.349998,False,False,Light,Calm
2024-09-10 00:00:00+05:00,2024,9,10,1,False,Autumn,Gilgit,Gilgit-Baltistan,35.9208,74.3089,1470.0,17.309,23.359001,20.496502,3.5,4.6765547,57.231304,855.1062,11.571502,68.125,,6.050001,False,False,Light,Calm
2024-09-10 00:00:00+05:00,2024,9,10,1,False,Autumn,Gilgit,Gilgit-Baltistan,35.9208,74.3089,1470.0,14.809,23.509,19.223583,0.0,3.439957,47.894836,857.3447,7.3798337,44.041668,,8.700001,False,False,No Rain,Calm
2024-09-10 00:00:00+05:00,2024,9,10,1,False,Autumn,Gilgit,Gilgit-Baltistan,35.9208,74.3089,1470.0,14.159,27.159,21.109,0.0,3.3300436,46.69861,860.1526,8.427751,24.75,,13.0,False,False,No Rain,Calm
2024-09-10 00:00:00+05:00,2024,9,10,1,False,Autumn,Gilgit,Gilgit-Baltistan,35.9208,74.3089,1470.0,18.359001,28.659,23.106916,0.0,3.7018158,41.909626,859.2924,8.509,14.416667,,10.299999,False,False,No Rain,Calm
2024-09-10 00:00:00+05:00,2024,9,10,1,False,Autumn,Gilgit,Gilgit-Baltistan,35.9208,74.3089,1470.0,19.109001,29.509,23.7465,0.0,4.535323,39.53127,855.5656,8.194417,4.6666665,,10.4,False,False,No Rain,Calm
2024-09-10 00:00:00+05:00,2024,9,10,1,False,Autumn,Gilgit,Gilgit-Baltistan,35.9208,74.3089,1470.0,17.559,27.659,23.123583,0.0,4.3157835,36.214497,855.72577,6.11525,8.625,,10.1,False,False,No Rain,Calm
2024-09-10 00:00:00+05:00,2024,9,10,1,False,Autumn,Gilgit,Gilgit-Baltistan,35.9208,74.3089,1470.0,17.909,27.609001,22.75692,0.0,4.9301033,37.7123,855.6289,7.1715007,9.333333,,9.700001,False,False,No Rain,Calm
2024-09-10 00:00:00+05:00,2024,9,10,1,False,Autumn,Gilgit,Gilgit-Baltistan,35.9208,74.3089,1470.0,18.959,28.109001,23.28192,0.0,4.5432363,36.81323,855.50055,6.9840007,24.833334,,9.150002,False,False,No Rain,Calm
2024-09-10 00:00:00+05:00,2024,9,10,1,False,Autumn,Gilgit,Gilgit-Baltistan,35.9208,74.3089,1470.0,16.609001,26.309,21.223585,3.1,4.5432673,48.059677,857.3588,9.019417,53.333332,,9.699999,False,False,Light,Calm
2024-09-10 00:00:00+05:00,2024,9,10,1,False,Autumn,Gilgit,Gilgit-Baltistan,35.9208,74.3089,1470.0,13.909,19.059,16.900667,16.7,2.9888582,63.835705,862.93634,9.765249,58.791668,,5.1499996,False,False,Moderate,Calm
2024-09-10 00:00:00+05:00,2024,9,10,1,False,Autumn,Gilgit,Gilgit-Baltistan,35.9208,74.3089,1470.0,16.609001,24.559,20.048586,0.8,2.4266663,40.0786,863.30835,5.531917,55.916668,,7.949999,False,False,Light,Calm
2024-09-10 00:00:00+05:00,2024,9,10,1,False,Autumn,Gilgit,Gilgit-Baltistan,35.9208,74.3089,1470.0,11.709,16.759,14.217334,73.50001,3.0641139,65.71714,862.6057,7.8131676,83.833336,,5.050001,False,False,Heavy,Calm
2024-09-10 00:00:00+05:00,2024,9,10,1,False,Autumn,Gilgit,Gilgit-Baltistan,35.9208,74.3089,1470.0,11.409,18.509,14.334,12.800001,3.4515526,61.598545,860.8574,6.754833,80.916664,,7.1000004,False,False,Moderate,Calm
2024-09-10 00:00:00+05:00,2024,9,10,1,False,Autumn,Gilgit,Gilgit-Baltistan,35.9208,74.3089,1470.0,11.509001,18.709,15.692334,0.2,2.659177,53.363297,860.7283,5.8631673,45.625,,7.199999,False,False,Light,Calm
2024-09-10 00:00:00+05:00,2024,9,10,1,False,Autumn,Gilgit,Gilgit-Baltistan,35.9208,74.3089,1470.0,12.809,20.959,17.383999,0.0,2.1984499,44.267242,861.737,4.7152505,10.291667,,8.15,False,False,No Rain,Calm
2024-09-10 00:00:00+05:00,2024,9,10,1,False,Autumn,Gilgit,Gilgit-Baltistan,35.9208,74.3089,1470.0,15.309,22.809,19.721502,0.0,2.5759172,33.797325,861.1895,3.019417,4.3333335,,7.5,False,False,No Rain,Calm
2024-09-10 00:00:00+05:00,2024,9,10,1,False,Autumn,Gilgit,Gilgit-Baltistan,35.9208,74.3089,1470.0,15.809,24.859001,20.796501,0.0,3.5035565,33.333355,859.3986,3.5590003,9.291667,,9.050001,False,False,No Rain,Calm
2024-09-10 00:00:00+05:00,2024,9,10,1,False,Autumn,Gilgit,Gilgit-Baltistan,35.9208,74.3089,1470.0,13.659,23.209002,18.82775,0.0,4.27713,39.02751,859.3841,4.0194173,9.416667,,9.550001,False,False,No Rain,Calm
2024-09-10 00:00:00+05:00,2024,9,10,1,False,Autumn,Gilgit,Gilgit-Baltistan,35.9208,74.3089,1470.0,12.009001,24.809,19.223585,0.0,4.3515897,37.850815,859.07794,3.4444172,7.9166665,,12.799999,False,False,No Rain,Calm
2024-09-10 00:00:00+05:00,2024,9,10,1,False,Autumn,Gilgit,Gilgit-Baltistan,35.9208,74.3089,1470.0,12.509001,21.359001,17.200666,0.4,4.3025703,49.585953,857.9714,5.7631664,51.708332,,8.85,False,False,Light,Calm
2024-09-10 00:00:00+05:00,2024,9,10,1,False,Autumn,Gilgit,Gilgit-Baltistan,35.9208,74.3089,1470.0,13.109,19.609001,16.136084,0.3,3.1688044,47.992542,860.18427,5.0152497,46.625,,6.500001,False,False,Light,Calm
2024-09-10 00:00:00+05:00,2024,9,10,1,False,Autumn,Gilgit,Gilgit-Baltistan,35.9208,74.3089,1470.0,12.159,20.459,16.571499,0.2,2.366457,49.16563,861.2338,5.80275,21.708334,,8.299999,False,False,Light,Calm
2024-09-10 00:00:00+05:00,2024,9,10,1,False,Autumn,Gilgit,Gilgit-Baltistan,35.9208,74.3089,1470.0,14.159,22.059,18.292334,0.0,3.3375342,38.819996,862.01654,3.3715007,5.6666665,,7.8999996,False,False,No Rain,Calm
2024-09-10 00:00:00+05:00,2024,9,10,1,False,Autumn,Gilgit,Gilgit-Baltistan,35.9208,74.3089,1470.0,17.359001,23.509,19.961084,0.0,2.9999926,27.072958,860.95685,0.27566686,0.45833334,,6.1499996,False,False,No Rain,Calm
2024-09-10 00:00:00+05:00,2024,9,10,1,False,Autumn,Gilgit,Gilgit-Baltistan,35.9208,74.3089,1470.0,15.359001,23.759,19.467337,0.0,2.9321508,30.09054,860.40674,1.1444169,0.75,,8.4,False,False,No Rain,Calm
2024-09-10 00:00:00+05:00,2024,9,10,1,False,Autumn,Gilgit,Gilgit-Baltistan,35.9208,74.3089,1470.0,15.059,23.659,19.369417,0.0,4.228333,33.27636,860.44,2.4485836,9.666667,,8.6,False,False,No Rain,Calm
2024-09-10 00:00:00+05:00,2024,9,10,1,False,Autumn,Gilgit,Gilgit-Baltistan,35.9208,74.3089,1470.0,13.809,21.509,17.450666,0.0,4.787288,47.76575,860.4385,5.6194167,52.916668,,7.700001,False,False,No Rain,Calm
2024-09-10 00:00:00+05:00,2024,9,10,1,False,Autumn,Gilgit,Gilgit-Baltistan,35.9208,74.3089,1470.0,12.159,18.409,15.400665,0.0,3.7949383,51.09261,861.9633,5.1360836,58.041668,,6.25,False,False,No Rain,Calm
2024-09-10 00:00:00+05:00,2024,9,10,1,False,Autumn,Gilgit,Gilgit-Baltistan,35.9208,74.3089,1470.0,9.959,21.509,17.11525,0.0,3.0357828,38.22749,862.5289,1.8173333,57.041668,,11.550001,False,True,No Rain,Calm
2024-09-10 00:00:00+05:00,2024,9,10,1,False,Autumn,Gilgit,Gilgit-Baltistan,35.9208,74.3089,1470.0,19.309,25.159,22.009,0.0,3.6067486,26.814154,861.14215,1.6965004,11.083333,,5.8500004,False,False,No Rain,Calm
2024-09-10 00:00:00+05:00,2024,9,10,1,False,Autumn,Gilgit,Gilgit-Baltistan,35.9208,74.3089,1470.0,20.059,26.609001,23.592337,0.0,3.5317218,23.477335,858.9002,1.2048336,45.0,,6.550001,False,False,No Rain,Calm
2024-09-10 00:00:00+05:00,2024,9,10,1,False,Autumn,Gilgit,Gilgit-Baltistan,35.9208,74.3089,1470.0,14.859001,23.659,20.629835,0.1,6.2362113,39.03029,854.3088,5.306917,38.875,,8.799999,False,False,Light,Calm
2024-09-10 00:00:00+05:00,2024,9,10,1,False,Autumn,Gilgit,Gilgit-Baltistan,35.9208,74.3089,1470.0,11.609,19.759,15.238166,0.8,5.80971,57.31587,856.0887,6.523583,45.958332,,8.150001,False,False,Light,Calm
2024-09-10 00:00:00+05:00,2024,9,10,1,False,Autumn,Gilgit,Gilgit-Baltistan,35.9208,74.3089,1470.0,10.959,19.609001,15.325667,0.0,3.6517665,44.742233,860.0339,2.9569168,33.958332,,8.650002,False,False,No Rain,Calm
2024-09-10 00:00:00+05:00,2024,9,10,1,False,Autumn,Gilgit,Gilgit-Baltistan,35.9208,74.3089,1470.0,9.959,20.259,16.129835,0.0,3.1472647,36.177246,863.4748,0.650667,10.625,,10.300001,False,True,No Rain,Calm
2024-09-10 00:00:00+05:00,2024,9,10,1,False,Autumn,Gilgit,Gilgit-Baltistan,35.9208,74.3089,1470.0,14.509001,21.259,18.754833,0.0,3.01239,24.80546,863.2837,-2.774333,46.583332,,6.75,False,False,No Rain,Calm
2024-09-10 00:00:00+05:00,2024,9,10,1,False,Autumn,Gilgit,Gilgit-Baltistan,35.9208,74.3089,1470.0,17.059,23.259,20.098585,0.0,3.6155462,24.614952,862.3452,-1.561833,56.875,,6.200001,False,False,No Rain,Calm
2024-09-10 00:00:00+05:00,2024,9,10,1,False,Autumn,Gilgit,Gilgit-Baltistan,35.9208,74.3089,1470.0,17.559,22.859001,20.411083,0.0,2.815317,22.720495,862.76,-2.0264165,28.583334,,5.300001,False,False,No Rain,Calm
2024-09-10 00:00:00+05:00,2024,9,10,1,False,Autumn,Gilgit,Gilgit-Baltistan,35.9208,74.3089,1470.0,14.959,22.109001,19.025667,0.0,3.4497745,28.51616,862.3715,-0.18058302,4.625,,7.1500015,False,False,No Rain,Calm
2024-09-10 00:00:00+05:00,2024,9,10,1,False,Autumn,Gilgit,Gilgit-Baltistan,35.9208,74.3089,1470.0,17.409,24.109001,20.086084,0.0,2.97583,24.206076,862.64984,-1.1764163,28.875,,6.700001,False,False,No Rain,Calm
2024-09-10 00:00:00+05:00,2024,9,10,1,False,Autumn,Gilgit,Gilgit-Baltistan,35.9208,74.3089,1470.0,18.909,25.609001,21.817337,0.0,2.5480459,22.12043,862.8704,-1.049333,18.208334,,6.700001,False,False,No Rain,Calm
2024-09-10 00:00:00+05:00,2024,9,10,1,False,Autumn,Gilgit,Gilgit-Baltistan,35.9208,74.3089,1470.0,19.959,26.259,23.077751,0.0,3.4760942,20.934029,859.8,-0.80558306,33.5,,6.300001,False,False,No Rain,Calm
2024-09-10 00:00:00+05:00,2024,9,10,1,False,Autumn,Gilgit,Gilgit-Baltistan,35.9208,74.3089,1470.0,17.509,22.809,20.419418,0.0,4.063405,29.549728,859.62646,1.6652503,34.458332,,5.299999,False,False,No Rain,Calm
2024-09-10 00:00:00+05:00,2024,9,10,1,False,Autumn,Gilgit,Gilgit-Baltistan,35.9208,74.3089,1470.0,14.509001,19.459,17.06525,0.0,3.5864403,37.710438,861.18506,2.363167,34.791668,,4.949999,False,False,No Rain,Calm
2024-09-10 00:00:00+05:00,2024,9,10,1,False,Autumn,Gilgit,Gilgit-Baltistan,35.9208,74.3089,1470.0,11.359,16.209,13.563167,1.5,3.8423316,52.677944,860.94385,3.9444172,82.625,,4.8499994,False,False,Light,Calm
2024-09-10 00:00:00+05:00,2024,9,10,1,False,Autumn,Gilgit,Gilgit-Baltistan,35.9208,74.3089,1470.0,9.309,14.059,11.984001,3.3999994,4.66249,55.786285,858.32355,3.27775,66.708336,,4.75,False,True,Light,Calm
2024-09-10 00:00:00+05:00,2024,9,10,1,False,Autumn,Gilgit,Gilgit-Baltistan,35.9208,74.3089,1470.0,9.659,15.109001,12.408999,0.0,2.370077,43.326214,860.8558,0.07566682,64.416664,,5.450001,False,True,No Rain,Calm
2024-09-10 00:00:00+05:00,2024,9,10,1,False,Autumn,Gilgit,Gilgit-Baltistan,35.9208,74.3089,1470.0,9.909,17.709,12.8235855,0.1,6.980423,41.062416,856.62396,-0.38266647,73.041664,,7.799999,False,True,Light,Calm
2024-09-10 00:00:00+05:00,2024,9,10,1,False,Autumn,Gilgit,Gilgit-Baltistan,35.9208,74.3089,1470.0,8.909,13.909,10.821499,1.8000002,6.2391753,57.70721,856.9688,2.6256669,90.458336,,5.0,False,True,Light,Calm
2024-09-10 00:00:00+05:00,2024,9,10,1,False,Autumn,Gilgit,Gilgit-Baltistan,35.9208,74.3089,1470.0,7.359,12.859,10.192331,11.599999,4.776548,56.6707,857.2492,1.856917,98.75,,5.5,False,True,Moderate,Calm
2024-09-10 00:00:00+05:00,2024,9,10,1,False,Autumn,Gilgit,Gilgit-Baltistan,35.9208,74.3089,1470.0,2.0090003,8.759001,6.02775,22.800003,1.686943,66.207634,855.7053,0.10691699,62.916668,,6.7500005,False,True,Heavy,Calm
2024-09-10 00:00:00+05:00,2024,9,10,1,False,Autumn,Gilgit,Gilgit-Baltistan,35.9208,74.3089,1470.0,3.1590004,11.459,7.073584,0.0,1.2564996,45.153915,857.67926,-4.2222495,71.833336,,8.299999,False,True,No Rain,Calm
2024-09-10 00:00:00+05:00,2024,9,10,1,False,Autumn,Gilgit,Gilgit-Baltistan,35.9208,74.3089,1470.0,3.8090003,11.659,7.4360843,0.0,1.0420302,39.98894,859.2727,-5.3910003,2.625,,7.8500004,False,True,No Rain,Calm
2024-09-10 00:00:00+05:00,2024,9,10,1,False,Autumn,Gilgit,Gilgit-Baltistan,35.9208,74.3089,1470.0,4.0090003,11.659,7.1069164,0.0,0.95925283,34.532215,860.1451,-7.549334,0.45833334,,7.65,False,True,No Rain,Calm
2024-09-10 00:00:00+05:00,2024,9,10,1,False,Autumn,Gilgit,Gilgit-Baltistan,35.9208,74.3089,1470.0,4.8090005,12.959,8.225667,0.0,0.9969635,30.51503,858.29736,-8.176417,22.041666,,8.15,False,True,No Rain,Calm
2024-09-10 00:00:00+05:00,2024,9,10,1,False,Autumn,Gilgit,Gilgit-Baltistan,35.9208,74.3089,1470.0,7.609,13.759001,10.359,0.0,2.6220524,31.631584,856.15656,-5.851417,76.25,,6.1500006,False,True,No Rain,Calm
2024-09-10 00:00:00+05:00,2024,9,10,1,False,Autumn,Gilgit,Gilgit-Baltistan,35.9208,74.3089,1470.0,5.7590003,12.159,8.917333,0.0,2.3740716,40.920475,856.11273,-3.786833,57.208332,,6.4,False,True,No Rain,Calm
2024-09-10 00:00:00+05:00,2024,9,10,1,False,Autumn,Gilgit,Gilgit-Baltistan,35.9208,74.3089,1470.0,4.7090006,9.159,6.4694176,0.4,1.4612774,59.96991,857.39655,-0.84933305,69.625,,4.45,False,True,Light,Calm
2024-09-10 00:00:00+05:00,2024,9,10,1,False,Autumn,Gilgit,Gilgit-Baltistan,35.9208,74.3089,1470.0,4.7090006,11.759001,7.4444165,0.0,1.4285792,58.641785,858.7316,-0.67224973,67.333336,,7.05,False,True,No Rain,Calm
2024-09-10 00:00:00+05:00,2024,9,10,1,False,Autumn,Gilgit,Gilgit-Baltistan,35.9208,74.3089,1470.0,3.6590004,13.259001,7.781917,0.0,0.95349455,44.939632,858.6685,-4.0139165,21.125,,9.6,False,True,No Rain,Calm
2024-09-10 00:00:00+05:00,2024,9,10,1,False,Autumn,Gilgit,Gilgit-Baltistan,35.9208,74.3089,1470.0,3.3590002,12.309,6.9902496,0.0,1.9122432,41.917408,859.23566,-5.395167,3.625,,8.95,False,True,No Rain,Calm
2024-09-10 00:00:00+05:00,2024,9,10,1,False,Autumn,Gilgit,Gilgit-Baltistan,35.9208,74.3089,1470.0,3.6590004,12.859,7.0069175,0.0,3.4532454,31.464333,859.7695,-9.451416,0.0,,9.2,False,True,No Rain,Calm
2024-09-10 00:00:00+05:00,2024,9,10,1,False,Autumn,Gilgit,Gilgit-Baltistan,35.9208,74.3089,1470.0,4.4090004,12.609,7.9465003,0.0,1.3594389,25.58712,861.64935,-10.984748,42.5,,8.2,False,True,No Rain,Calm
2024-09-10 00:00:00+05:00,2024,9,10,1,False,Autumn,Gilgit,Gilgit-Baltistan,35.9208,74.3089,1470.0,7.059,15.059,10.881917,0.0,1.4957074,20.17764,860.3969,-11.476417,90.208336,,8.0,False,True,No Rain,Calm
2024-09-10 00:00:00+05:00,2024,9,10,1,False,Autumn,Gilgit,Gilgit-Baltistan,35.9208,74.3089,1470.0,6.4090004,13.359,10.304833,2.0,2.676341,42.699993,857.51434,-2.2847497,62.5,,6.95,False,True,Light,Calm
2024-09-10 00:00:00+05:00,2024,9,10,1,False,Autumn,Gilgit,Gilgit-Baltistan,35.9208,74.3089,1470.0,3.4090004,13.709,7.7756667,2.2,4.188556,45.66873,854.59064,-3.9555833,46.125,,10.299999,False,True,Light,Calm
2024-09-10 00:00:00+05:00,2024,9,10,1,False,Autumn,Gilgit,Gilgit-Baltistan,35.9208,74.3089,1470.0,4.309,11.559,7.5590005,1.5000001,3.5411713,43.060776,855.083,-4.486833,49.916668,,7.25,False,True,Light,Calm
2024-09-10 00:00:00+05:00,2024,9,10,1,False,Autumn,Gilgit,Gilgit-Baltistan,35.9208,74.3089,1470.0,2.3090003,11.909,6.711084,1.0,3.7004862,40.254566,857.42334,-6.3701653,34.708332,,9.6,False,True,Light,Calm
2024-09-10 00:00:00+05:00,2024,9,10,1,False,Autumn,Gilgit,Gilgit-Baltistan,35.9208,74.3089,1470.0,3.2090003,12.809,7.3110843,0.0,2.120533,30.576843,858.40985,-9.651416,5.6666665,,9.599999,False,True,No Rain,Calm
2024-09-10 00:00:00+05:00,2024,9,10,1,False,Autumn,Gilgit,Gilgit-Baltistan,35.9208,74.3089,1470.0,5.0590005,15.709,8.794417,0.0,3.922882,21.183054,854.3022,-12.807666,0.25,,10.65,False,True,No Rain,Calm
2024-09-10 00:00:00+05:00,2024,9,10,1,False,Autumn,Gilgit,Gilgit-Baltistan,35.9208,74.3089,1470.0,4.4090004,13.159,7.6194158,0.0,3.609586,20.933197,853.51855,-13.782666,0.20833333,,8.75,False,True,No Rain,Calm
2024-09-10 00:00:00+05:00,2024,9,10,1,False,Autumn,Gilgit,Gilgit-Baltistan,35.9208,74.3089,1470.0,3.6090002,10.909,7.1256676,1.5,2.3767307,27.173338,852.1707,-12.470166,82.791664,,7.3,False,True,Light,Calm
2024-09-10 00:00:00+05:00,2024,9,10,1,False,Autumn,Gilgit,Gilgit-Baltistan,35.9208,74.3089,1470.0,1.1090002,5.3090005,2.8402507,6.1999993,2.8742912,60.334484,852.5087,-4.136833,95.333336,,4.2000003,False,True,Moderate,Calm
2024-09-10 00:00:00+05:00,2024,9,10,1,False,Autumn,Gilgit,Gilgit-Baltistan,35.9208,74.3089,1470.0,-0.9409995,4.859,1.3381668,0.90000004,3.1310384,50.32768,853.79785,-8.066001,41.791668,,5.7999997,False,True,Light,Calm
2024-09-10 00:00:00+05:00,2024,9,10,1,False,Autumn,Gilgit,Gilgit-Baltistan,35.9208,74.3089,1470.0,-3.4409995,8.259001,2.9381673,0.0,4.0347295,38.700275,852.9028,-9.905582,61.583332,,11.700001,False,True,No Rain,Calm
2024-09-10 00:00:00+05:00,2024,9,10,1,False,Autumn,Gilgit,Gilgit-Baltistan,35.9208,74.3089,1470.0,-1.1909995,8.009001,3.3173335,2.9999995,2.9268372,54.826275,853.2336,-5.0868325,74.25,,9.200001,False,True,Light,Calm
2024-09-10 00:00:00+05:00,2024,9,10,1,False,Autumn,Gilgit,Gilgit-Baltistan,35.9208,74.3089,1470.0,-2.9909997,4.2090006,0.7860835,8.400001,2.2740912,62.92482,853.76825,-5.545166,70.416664,,7.2000003,False,True,Moderate,Calm
2024-09-10 00:00:00+05:00,2024,9,10,1,False,Autumn,Gilgit,Gilgit-Baltistan,35.9208,74.3089,1470.0,-4.9409995,7.1590004,0.09650022,0.0,1.4237156,43.34596,859.9726,-11.032665,2.875,,12.1,False,True,No Rain,Calm
2024-09-10 00:00:00+05:00,2024,9,10,1,False,Autumn,Gilgit,Gilgit-Baltistan,35.9208,74.3089,1470.0,-1.4409995,10.009001,4.2152505,0.0,1.7413111,34.75433,860.7793,-10.045167,44.791668,,11.450001,False,True,No Rain,Calm
2024-09-10 00:00:00+05:00,2024,9,10,1,False,Autumn,Gilgit,Gilgit-Baltistan,35.9208,74.3089,1470.0,3.1090002,15.159,8.213166,0.0,2.5873303,29.19539,853.73334,-8.903501,54.125,,12.05,False,True,No Rain,Calm
2024-09-10 00:00:00+05:00,2024,9,10,1,False,Autumn,Gilgit,Gilgit-Baltistan,35.9208,74.3089,1470.0,2.7590003,12.509001,6.638168,0.0,2.7051575,30.61094,851.7268,-9.607665,39.625,,9.75,False,True,No Rain,Calm
2024-09-10 00:00:00+05:00,2024,9,10,1,False,Autumn,Gilgit,Gilgit-Baltistan,35.9208,74.3089,1470.0,1.6590004,10.059,5.2610836,0.0,2.275425,32.182022,853.38135,-10.109749,46.708332,,8.4,False,True,No Rain,Calm
2024-09-10 00:00:00+05:00,2024,9,10,1,False,Autumn,Gilgit,Gilgit-Baltistan,35.9208,74.3089,1470.0,1.4090004,11.109,6.2527504,0.0,3.0225065,28.961435,853.8086,-10.695167,84.458336,,9.7,False,True,No Rain,Calm
2024-09-10 00:00:00+05:00,2024,9,10,1,False,Autumn,Gilgit,Gilgit-Baltistan,35.9208,74.3089,1470.0,0.3590002,10.259001,5.029834,0.0,1.4600997,25.739517,853.9014,-13.205585,0.0,,9.900001,False,True,No Rain,Calm
2024-09-10 00:00:00+05:00,2024,9,10,1,False,Autumn,Gilgit,Gilgit-Baltistan,35.9208,74.3089,1470.0,0.009000301,9.309,4.4944177,0.0,2.005458,26.493645,854.26776,-13.468081,0.0,,9.299999,False,True,No Rain,Calm
2024-09-10 00:00:00+05:00,2024,9,10,1,False,Autumn,Gilgit,Gilgit-Baltistan,35.9208,74.3089,1470.0,-0.19099951,9.459001,4.8881674,0.0,3.1376238,30.443611,853.9726,-11.313916,37.625,,9.65,False,True,No Rain,Calm
2024-09-10 00:00:00+05:00,2024,9,10,1,False,Autumn,Gilgit,Gilgit-Baltistan,35.9208,74.3089,1470.0,3.7590003,9.209001,6.3902507,0.0,2.3975608,41.00205,854.53595,-6.080583,98.791664,,5.4500003,False,True,No Rain,Calm
2024-09-10 00:00:00+05:00,2024,9,10,1,False,Autumn,Gilgit,Gilgit-Baltistan,35.9208,74.3089,1470.0,-2.3909993,9.009001,3.2965004,0.0,1.7268387,54.27681,853.7366,-5.2930827,68.041664,,11.4,False,True,No Rain,Calm
2024-09-10 00:00:00+05:00,2024,9,10,1,False,Autumn,Gilgit,Gilgit-Baltistan,35.9208,74.3089,1470.0,-3.9909997,7.109,0.79441696,0.0,3.169583,44.958897,856.94293,-9.98475,0.9583333,,11.1,False,True,No Rain,Calm
2024-09-10 00:00:00+05:00,2024,9,10,1,False,Autumn,Gilgit,Gilgit-Baltistan,35.9208,74.3089,1470.0,-3.541,6.809,1.050667,0.0,1.9857298,36.306416,861.49774,-12.480583,0.0,,10.35,False,True,No Rain,Calm
2024-09-10 00:00:00+05:00,2024,9,10,1,False,Autumn,Gilgit,Gilgit-Baltistan,35.9208,74.3089,1470.0,-1.7409997,8.709001,2.4735837,0.0,1.1715368,33.796432,861.8095,-12.007667,18.666666,,10.450001,False,True,No Rain,Calm
2024-09-10 00:00:00+05:00,2024,9,10,1,False,Autumn,Gilgit,Gilgit-Baltistan,35.9208,74.3089,1470.0,0.7590003,15.559,7.263168,0.0,2.2739456,24.074554,856.9802,-13.465999,24.833334,,14.799999,False,True,No Rain,Calm
2024-09-10 00:00:00+05:00,2024,9,10,1,False,Autumn,Gilgit,Gilgit-Baltistan,35.9208,74.3089,1470.0,2.8590002,11.659,6.5110836,0.0,2.739291,35.513916,855.9827,-8.626416,54.458332,,8.8,False,True,No Rain,Calm
2024-09-10 00:00:00+05:00,2024,9,10,1,False,Autumn,Gilgit,Gilgit-Baltistan,35.9208,74.3089,1470.0,1.5090003,10.259001,5.1840005,0.0,1.4834341,24.08175,860.74994,-14.501418,8.666667,,8.75,False,True,No Rain,Calm
2024-09-10 00:00:00+05:00,2024,9,10,1,False,Autumn,Gilgit,Gilgit-Baltistan,35.9208,74.3089,1470.0,2.7090003,14.009001,7.692333,0.0,3.7703278,18.600748,857.79175,-15.261832,20.541666,,11.3,False,True,No Rain,Calm
2024-09-10 00:00:00+05:00,2024,9,10,1,False,Autumn,Gilgit,Gilgit-Baltistan,35.9208,74.3089,1470.0,3.5590003,14.059,7.719417,0.0,4.9195933,20.445406,856.75684,-13.9784975,18.833334,,10.5,False,True,No Rain,Calm
2024-09-10 00:00:00+05:00,2024,9,10,1,False,Autumn,Gilgit,Gilgit-Baltistan,35.9208,74.3089,1470.0,4.8090005,14.009001,8.834001,0.0,5.8420854,27.053167,856.7139,-9.526416,78.0,,9.200001,False,True,No Rain,Calm
2024-09-10 00:00:00+05:00,2024,9,10,1,False,Autumn,Gilgit,Gilgit-Baltistan,35.9208,74.3089,1470.0,5.7590003,12.759001,8.948583,4.7,5.6566277,46.533447,855.79297,-2.2743328,92.458336,,7.0000005,False,True,Light,Calm
2024-09-10 00:00:00+05:00,2024,9,10,1,False,Autumn,Gilgit,Gilgit-Baltistan,35.9208,74.3089,1470.0,4.109,12.509001,9.402751,1.8000001,4.546532,51.1235,856.0054,-0.40558314,77.375,,8.400001,False,True,Light,Calm
2024-09-10 00:00:00+05:00,2024,9,10,1,False,Autumn,Gilgit,Gilgit-Baltistan,35.9208,74.3089,1470.0,3.5090003,11.859,8.529834,15.299999,4.4922557,56.713104,852.06866,0.3465003,75.5,,8.35,False,True,Moderate,Calm
2024-09-10 00:00:00+05:00,2024,9,10,1,False,Autumn,Gilgit,Gilgit-Baltistan,35.9208,74.3089,1470.0,1.3590002,9.359,5.6402497,33.399998,3.9886296,55.7801,850.3228,-2.7222497,75.666664,,8.0,False,True,Heavy,Calm
2024-09-10 00:00:00+05:00,2024,9,10,1,False,Autumn,Gilgit,Gilgit-Baltistan,35.9208,74.3089,1470.0,-2.7409997,5.5090003,0.8340001,17.100002,1.4316009,59.74992,853.03687,-6.499333,57.833332,,8.25,False,True,Moderate,Calm
2024-09-10 00:00:00+05:00,2024,9,10,1,False,Autumn,Gilgit,Gilgit-Baltistan,35.9208,74.3089,1470.0,-3.7409997,7.059,0.46941686,0.0,0.9754097,42.78755,856.5744,-11.04725,8.75,,10.799999,False,True,No Rain,Calm
2024-09-10 00:00:00+05:00,2024,9,10,1,False,Autumn,Gilgit,Gilgit-Baltistan,35.9208,74.3089,1470.0,-4.3909993,8.759001,0.9402502,0.0,0.8638973,31.974005,853.9612,-14.059749,0.0,,13.15,False,True,No Rain,Calm
2024-09-10 00:00:00+05:00,2024,9,10,1,False,Autumn,Gilgit,Gilgit-Baltistan,35.9208,74.3089,1470.0,-6.9909997,7.359,-1.2264162,0.0,0.7520714,28.405891,856.66064,-17.488913,0.0,,14.35,False,True,No Rain,Calm
2024-09-10 00:00:00+05:00,2024,9,10,1,False,Autumn,Gilgit,Gilgit-Baltistan,35.9208,74.3089,1470.0,-6.841,6.809,-1.3659997,0.0,1.1614746,28.68297,860.05475,-17.388914,29.125,,13.65,False,True,No Rain,Calm
2024-09-10 00:00:00+05:00,2024,9,10,1,False,Autumn,Gilgit,Gilgit-Baltistan,35.9208,74.3089,1470.0,-4.091,7.859,0.20900019,0.0,2.1515236,37.9334,857.4672,-12.926417,83.083336,,11.950001,False,True,No Rain,Calm
2024-09-10 00:00:00+05:00,2024,9,10,1,False,Autumn,Gilgit,Gilgit-Baltistan,35.9208,74.3089,1470.0,-3.791,5.709,0.10066688,0.0,1.1406838,41.586308,858.0091,-11.518083,58.083332,,9.5,False,True,No Rain,Calm
2024-09-10 00:00:00+05:00,2024,9,10,1,False,Autumn,Gilgit,Gilgit-Baltistan,35.9208,74.3089,1470.0,-4.8909993,6.4090004,-0.4659997,0.0,0.7842005,41.716873,858.73706,-11.976417,0.45833334,,11.299999,False,True,No Rain,Calm
2024-09-10 00:00:00+05:00,2024,9,10,1,False,Autumn,Gilgit,Gilgit-Baltistan,35.9208,74.3089,1470.0,-5.4909997,8.659,1.767334,0.0,1.1748246,35.633163,857.2718,-12.005584,81.708336,,14.15,False,True,No Rain,Calm
2024-09-10 00:00:00+05:00,2024,9,10,1,False,Autumn,Gilgit,Gilgit-Baltistan,35.9208,74.3089,1470.0,-1.6909995,10.959,3.9131668,0.0,1.486643,29.84994,854.60284,-12.330582,50.833332,,12.65,False,True,No Rain,Calm
2024-09-10 00:00:00+05:00,2024,9,10,1,False,Autumn,Gilgit,Gilgit-Baltistan,35.9208,74.3089,1470.0,-1.4909997,6.9590006,2.8527505,1.4000001,1.7190409,51.56606,855.2741,-6.6410003,88.791664,,8.450001,False,True,Light,Calm
2024-09-10 00:00:00+05:00,2024,9,10,1,False,Autumn,Gilgit,Gilgit-Baltistan,35.9208,74.3089,1470.0,-4.4409995,10.009001,3.6485837,0.0,2.8482094,44.962677,858.06665,-7.874334,84.708336,,14.450001,False,True,No Rain,Calm
2024-09-10 00:00:00+05:00,2024,9,10,1,False,Autumn,Gilgit,Gilgit-Baltistan,35.9208,74.3089,1470.0,2.9090004,8.059,5.4402504,0.90000004,3.315217,44.492176,855.8029,-5.770166,96.416664,,5.1499996,False,True,Light,Calm
2024-09-10 00:00:00+05:00,2024,9,10,1,False,Autumn,Gilgit,Gilgit-Baltistan,35.9208,74.3089,1470.0,3.3590002,8.409,5.7569165,10.700001,4.824368,53.796757,854.6846,-3.1659994,99.583336,,5.05,False,True,Moderate,Calm
2024-09-10 00:00:00+05:00,2024,9,10,1,False,Autumn,Gilgit,Gilgit-Baltistan,35.9208,74.3089,1470.0,3.4090004,9.159,5.9006667,29.000004,4.381284,51.913746,852.53217,-3.3493335,80.25,,5.75,False,True,Heavy,Calm
2024-09-10 00:00:00+05:00,2024,9,10,1,False,Autumn,Gilgit,Gilgit-Baltistan,35.9208,74.3089,1470.0,-0.7909999,7.309,3.22775,4.4,3.7037032,49.60011,851.28656,-6.3993325,48.166668,,8.1,False,True,Light,Calm
2024-09-10 00:00:00+05:00,2024,9,10,1,False,Autumn,Gilgit,Gilgit-Baltistan,35.9208,74.3089,1470.0,-4.341,6.5090003,1.3590003,2.8999996,1.4520293,52.740097,851.93994,-7.3368335,77.708336,,10.85,False,True,Light,Calm
2024-09-10 00:00:00+05:00,2024,9,10,1,False,Autumn,Gilgit,Gilgit-Baltistan,35.9208,74.3089,1470.0,-5.6909995,6.2590003,0.9027503,0.0,2.3470192,51.9596,854.7587,-8.036833,14.125,,11.95,False,True,No Rain,Calm
2024-09-10 00:00:00+05:00,2024,9,10,1,False,Autumn,Gilgit,Gilgit-Baltistan,35.9208,74.3089,1470.0,-6.091,6.5590005,-1.2430831,0.0,2.0476267,30.853449,858.0271,-16.774332,5.0,,12.650001,False,True,No Rain,Calm
2024-09-10 00:00:00+05:00,2024,9,10,1,False,Autumn,Gilgit,Gilgit-Baltistan,35.9208,74.3089,1470.0,-7.841,5.0590005,-2.7889163,0.0,1.578352,21.062313,858.8814,-22.168081,0.0,,12.900001,False,True,No Rain,Calm
2024-09-10 00:00:00+05:00,2024,9,10,1,False,Autumn,Gilgit,Gilgit-Baltistan,35.9208,74.3089,1470.0,-5.6909995,9.159,1.1756669,0.0,1.1760772,18.585283,855.2686,-20.336832,6.0416665,,14.85,False,True,No Rain,Calm
2024-09-10 00:00:00+05:00,2024,9,10,1,False,Autumn,Gilgit,Gilgit-Baltistan,35.9208,74.3089,1470.0,-2.0909996,12.909,4.523584,0.0,2.6130798,19.351698,850.63763,-17.205582,0.0,,15.0,False,True,No Rain,Calm
2024-09-10 00:00:00+05:00,2024,9,10,1,False,Autumn,Gilgit,Gilgit-Baltistan,35.9208,74.3089,1470.0,-0.6409998,12.709,5.8235836,0.0,2.2414095,20.688915,849.9209,-15.180583,62.791668,,13.349999,False,True,No Rain,Calm
2024-09-10 00:00:00+05:00,2024,9,10,1,False,Autumn,Gilgit,Gilgit-Baltistan,35.9208,74.3089,1470.0,-3.341,8.359,4.6194167,5.7999997,3.6756961,51.04413,850.96625,-5.270167,80.458336,,11.700001,False,True,Moderate,Calm
2024-09-10 00:00:00+05:00,2024,9,10,1,False,Autumn,Gilgit,Gilgit-Baltistan,35.9208,74.3089,1470.0,-2.2409997,7.0090003,1.7860836,3.5,2.1909332,55.623936,851.00586,-6.3035007,71.875,,9.25,False,True,Light,Calm
2024-09-10 00:00:00+05:00,2024,9,10,1,False,Autumn,Gilgit,Gilgit-Baltistan,35.9208,74.3089,1470.0,-2.4909997,7.9590006,1.6402506,5.1999993,1.9419311,54.747684,850.2225,-6.7743335,75.333336,,10.450001,False,True,Moderate,Calm
2024-09-10 00:00:00+05:00,2024,9,10,1,False,Autumn,Gilgit,Gilgit-Baltistan,35.9208,74.3089,1470.0,-3.091,7.559,2.1673336,1.1,1.2133337,58.350098,852.6596,-5.355583,97.166664,,10.65,False,True,Light,Calm
2024-09-10 00:00:00+05:00,2024,9,10,1,False,Autumn,Gilgit,Gilgit-Baltistan,35.9208,74.3089,1470.0,-2.4909997,8.309,2.4027503,5.299999,1.2239565,60.280613,856.2551,-4.757666,85.958336,,10.799999,False,True,Moderate,Calm
2024-09-10 00:00:00+05:00,2024,9,10,1,False,Autumn,Gilgit,Gilgit-Baltistan,35.9208,74.3089,1470.0,-3.2409997,14.409,3.9902503,0.0,3.1056945,33.78735,847.77905,-10.757667,33.083332,,17.65,False,True,No Rain,Calm
2024-09-10 00:00:00+05:00,2024,9,10,1,False,Autumn,Gilgit,Gilgit-Baltistan,35.9208,74.3089,1470.0,-2.2409997,10.309,3.4965007,5.4,2.5158405,44.329834,847.8313,-7.913916,42.0,,12.549999,False,True,Moderate,Calm
2024-09-10 00:00:00+05:00,2024,9,10,1,False,Autumn,Gilgit,Gilgit-Baltistan,35.9208,74.3089,1470.0,-4.6409993,7.5090003,1.1423334,3.8000002,1.2835544,59.456226,851.5503,-6.1722503,67.333336,,12.15,False,True,Light,Calm
2024-09-10 00:00:00+05:00,2024,9,10,1,False,Autumn,Gilgit,Gilgit-Baltistan,35.9208,74.3089,1470.0,-3.8909993,4.2590003,-0.3868331,4.3999996,1.6703149,60.9075,856.8301,-7.195165,56.875,,8.15,False,True,Light,Calm
2024-09-10 00:00:00+05:00,2024,9,10,1,False,Autumn,Gilgit,Gilgit-Baltistan,35.9208,74.3089,1470.0,-4.791,7.559,1.150667,0.0,1.5874392,36.77538,857.2964,-12.190999,13.625,,12.35,False,True,No Rain,Calm
2024-09-10 00:00:00+05:00,2024,9,10,1,False,Autumn,Gilgit,Gilgit-Baltistan,35.9208,74.3089,1470.0,-1.5909996,9.059,3.6360836,0.0,1.3649079,32.76927,856.5586,-11.355583,39.5,,10.65,False,True,No Rain,Calm
2024-09-10 00:00:00+05:00,2024,9,10,1,False,Autumn,Gilgit,Gilgit-Baltistan,35.9208,74.3089,1470.0,0.3590002,8.409,4.3152504,0.0,1.1550802,39.10985,856.4248,-8.430583,71.583336,,8.05,False,True,No Rain,Calm
2024-09-10 00:00:00+05:00,2024,9,10,1,False,Autumn,Gilgit,Gilgit-Baltistan,35.9208,74.3089,1470.0,2.1590004,7.1590004,4.842333,6.0000005,1.592175,58.05334,855.3121,-2.9264164,99.25,,5.0,False,True,Moderate,Calm
2024-09-10 00:00:00+05:00,2024,9,10,1,False,Autumn,Gilgit,Gilgit-Baltistan,35.9208,74.3089,1470.0,-1.4409995,7.309,3.5319169,11.3,1.7732261,65.89008,854.75806,-2.3034995,98.583336,,8.75,False,True,Moderate,Calm
2024-09-10 00:00:00+05:00,2024,9,10,1,False,Autumn,Gilgit,Gilgit-Baltistan,35.9208,74.3089,1470.0,-0.8409996,6.809,2.65275,1.3000001,4.0441475,52.722233,852.83124,-6.3159995,81.083336,,7.6499996,False,True,Light,Calm
2024-09-10 00:00:00+05:00,2024,9,10,1,False,Autumn,Gilgit,Gilgit-Baltistan,35.9208,74.3089,1470.0,-4.7409997,7.9090004,1.7423338,0.0,4.445839,32.944168,851.84595,-12.903499,60.625,,12.65,False,True,No Rain,Calm
2024-09-10 00:00:00+05:00,2024,9,10,1,False,Autumn,Gilgit,Gilgit-Baltistan,35.9208,74.3089,1470.0,-2.4409995,9.609,3.3777504,0.0,4.666719,32.666477,850.26483,-11.561831,45.166668,,12.049999,False,True,No Rain,Calm
2024-09-10 00:00:00+05:00,2024,9,10,1,False,Autumn,Gilgit,Gilgit-Baltistan,35.9208,74.3089,1470.0,-3.541,9.409,3.0319166,0.0,3.2855942,39.882965,848.83496,-9.391001,40.75,,12.950001,False,True,No Rain,Calm
2024-09-10 00:00:00+05:00,2024,9,10,1,False,Autumn,Gilgit,Gilgit-Baltistan,35.9208,74.3089,1470.0,-0.3909998,7.7090006,3.2652504,0.70000005,4.0369525,47.292374,850.17944,-7.0222507,89.625,,8.1,False,True,Light,Calm
2024-09-10 00:00:00+05:00,2024,9,10,1,False,Autumn,Gilgit,Gilgit-Baltistan,35.9208,74.3089,1470.0,-2.0909996,8.609,2.9402502,0.1,4.890759,39.076244,853.7869,-9.743084,16.458334,,10.7,False,True,Light,Calm
2024-09-10 00:00:00+05:00,2024,9,10,1,False,Autumn,Gilgit,Gilgit-Baltistan,35.9208,74.3089,1470.0,0.2590003,9.009001,4.950667,0.0,1.7285012,36.75988,856.59393,-8.67225,43.541668,,8.75,False,True,No Rain,Calm
2024-09-10 00:00:00+05:00,2024,9,10,1,False,Autumn,Gilgit,Gilgit-Baltistan,35.9208,74.3089,1470.0,2.3590002,9.809,6.3027496,0.0,1.7703611,46.71811,853.57916,-4.449333,77.875,,7.45,False,True,No Rain,Calm
2024-09-10 00:00:00+05:00,2024,9,10,1,False,Autumn,Gilgit,Gilgit-Baltistan,35.9208,74.3089,1470.0,3.2090003,7.2590003,5.0464997,13.900001,1.8091463,64.66778,850.7332,-1.1201664,95.833336,,4.05,False,True,Moderate,Calm
2024-09-10 00:00:00+05:00,2024,9,10,1,False,Autumn,Gilgit,Gilgit-Baltistan,35.9208,74.3089,1470.0,0.5090003,8.909,5.356917,0.0,1.6635474,54.940838,856.9368,-3.2055829,74.416664,,8.4,False,True,No Rain,Calm
2024-09-10 00:00:00+05:00,2024,9,10,1,False,Autumn,Gilgit,Gilgit-Baltistan,35.9208,74.3089,1470.0,1.7590003,6.3090005,4.336084,4.2,1.1410686,64.996475,858.44635,-1.7826663,74.75,,4.55,False,True,Light,Calm
2024-09-10 00:00:00+05:00,2024,9,10,1,False,Autumn,Gilgit,Gilgit-Baltistan,35.9208,74.3089,1470.0,-1.3909998,9.109,3.8965003,0.0,0.8214416,49.914608,858.6435,-5.736832,35.583332,,10.5,False,True,No Rain,Calm
2024-09-10 00:00:00+05:00,2024,9,10,1,False,Autumn,Gilgit,Gilgit-Baltistan,35.9208,74.3089,1470.0,1.4090004,10.359,6.4006667,0.0,0.93136597,40.49992,860.60956,-6.155584,41.833332,,8.95,False,True,No Rain,Calm
2024-09-10 00:00:00+05:00,2024,9,10,1,False,Autumn,Gilgit,Gilgit-Baltistan,35.9208,74.3089,1470.0,3.5090003,11.459,8.046499,0.2,2.0186899,43.05609,858.20746,-3.963916,99.958336,,7.9499993,False,True,Light,Calm
2024-09-10 00:00:00+05:00,2024,9,10,1,False,Autumn,Gilgit,Gilgit-Baltistan,35.9208,74.3089,1470.0,7.0090003,10.659,8.598582,29.6,5.1512218,61.239002,853.6255,1.4902505,99.166664,,3.65,False,True,Heavy,Calm
2024-09-10 00:00:00+05:00,2024,9,10,1,False,Autumn,Gilgit,Gilgit-Baltistan,35.9208,74.3089,1470.0,5.609,8.809,7.0777497,12.599999,4.6556106,59.403408,850.52875,-0.3639165,99.041664,,3.1999998,False,True,Moderate,Calm
2024-09-10 00:00:00+05:00,2024,9,10,1,False,Autumn,Gilgit,Gilgit-Baltistan,35.9208,74.3089,1470.0,-0.4409995,8.809,5.2360835,12.4,4.743647,56.96111,846.1553,-2.682666,67.708336,,9.25,False,True,Moderate,Calm
2024-09-10 00:00:00+05:00,2024,9,10,1,False,Autumn,Gilgit,Gilgit-Baltistan,35.9208,74.3089,1470.0,-2.6909995,7.9090004,2.8569171,0.2,3.9049711,40.486465,851.83685,-9.440999,40.75,,10.6,False,True,Light,Calm
2024-09-10 00:00:00+05:00,2024,9,10,1,False,Autumn,Gilgit,Gilgit-Baltistan,35.9208,74.3089,1470.0,-2.841,12.159,5.01525,0.0,3.9528859,33.4639,850.1296,-9.863915,62.166668,,15.0,False,True,No Rain,Calm
2024-09-10 00:00:00+05:00,2024,9,10,1,False,Autumn,Gilgit,Gilgit-Baltistan,35.9208,74.3089,1470.0,3.6090002,8.409,6.3964996,32.699997,4.082129,58.8856,844.8077,-1.2451664,99.583336,,4.8,False,True,Heavy,Calm
2024-09-10 00:00:00+05:00,2024,9,10,1,False,Autumn,Gilgit,Gilgit-Baltistan,35.9208,74.3089,1470.0,-1.0909996,6.5590005,2.7423337,31.299997,3.2426643,63.96756,850.5178,-3.5805829,82.916664,,7.65,False,True,Heavy,Calm
2024-09-10 00:00:00+05:00,2024,9,10,1,False,Autumn,Gilgit,Gilgit-Baltistan,35.9208,74.3089,1470.0,-5.541,8.459001,0.7985835,0.0,0.859045,31.471476,856.1972,-14.736829,10.375,,14.0,False,True,No Rain,Calm
2024-09-10 00:00:00+05:00,2024,9,10,1,False,Autumn,Gilgit,Gilgit-Baltistan,35.9208,74.3089,1470.0,-0.9909997,9.959,4.2173343,0.0,1.6957183,26.790092,853.07227,-13.305581,24.375,,10.949999,False,True,No Rain,Calm
2024-09-10 00:00:00+05:00,2024,9,10,1,False,Autumn,Gilgit,Gilgit-Baltistan,35.9208,74.3089,1470.0,0.4090004,11.059,5.9152503,0.0,2.9789228,29.73942,850.9907,-10.52225,50.625,,10.65,False,True,No Rain,Calm
2024-09-10 00:00:00+05:00,2024,9,10,1,False,Autumn,Gilgit,Gilgit-Baltistan,35.9208,74.3089,1470.0,0.1590004,11.609,5.5360837,0.0,0.9088765,32.554028,853.2614,-9.778501,9.791667,,11.45,False,True,No Rain,Calm
2024-09-10 00:00:00+05:00,2024,9,10,1,False,Autumn,Gilgit,Gilgit-Baltistan,35.9208,74.3089,1470.0,1.5590005,13.209,8.242333,0.0,3.6590688,33.040897,854.5589,-7.4097495,83.291664,,11.65,False,True,No Rain,Calm
2024-09-10 00:00:00+05:00,2024,9,10,1,False,Autumn,Gilgit,Gilgit-Baltistan,35.9208,74.3089,1470.0,7.309,9.759001,8.388167,0.8000001,2.7183259,63.279087,858.1114,1.7798337,95.75,,2.4500008,False,True,Light,Calm
2024-09-10 00:00:00+05:00,2024,9,10,1,False,Autumn,Gilgit,Gilgit-Baltistan,35.9208,74.3089,1470.0,6.459,11.809,8.823585,0.0,2.7133439,55.77319,857.6176,0.40066695,63.083332,,5.35,False,True,No Rain,Calm
2024-09-10 00:00:00+05:00,2024,9,10,1,False,Autumn,Gilgit,Gilgit-Baltistan,35.9208,74.3089,1470.0,5.2590003,8.559,7.1819177,5.7000003,2.7159834,64.4428,853.6516,0.86941695,91.916664,,3.2999997,False,True,Moderate,Calm
2024-09-10 00:00:00+05:00,2024,9,10,1,False,Autumn,Gilgit,Gilgit-Baltistan,35.9208,74.3089,1470.0,3.7590003,8.259001,6.2215004,8.5,1.0542959,69.68499,852.7427,1.0840003,96.458336,,4.5000005,False,True,Moderate,Calm
2024-09-10 00:00:00+05:00,2024,9,10,1,False,Autumn,Gilgit,Gilgit-Baltistan,35.9208,74.3089,1470.0,3.5590003,9.559,6.6090007,4.799999,2.30975,71.075165,854.37396,1.6465001,99.375,,6.0,False,True,Light,Calm
2024-09-10 00:00:00+05:00,2024,9,10,1,False,Autumn,Gilgit,Gilgit-Baltistan,35.9208,74.3089,1470.0,4.0090003,9.209001,6.9756665,1.7000003,2.9707835,70.025215,854.0152,1.7777501,97.041664,,5.2000003,False,True,Light,Calm
2024-09-10 00:00:00+05:00,2024,9,10,1,False,Autumn,Gilgit,Gilgit-Baltistan,35.9208,74.3089,1470.0,1.9590003,10.909,6.1714993,0.0,1.9627781,37.616734,855.88763,-7.474333,5.0833335,,8.95,False,True,No Rain,Calm
2024-09-10 00:00:00+05:00,2024,9,10,1,False,Autumn,Gilgit,Gilgit-Baltistan,35.9208,74.3089,1470.0,0.109000206,11.159,5.2089996,0.0,1.2942065,30.568686,856.5496,-10.813915,0.0,,11.05,False,True,No Rain,Calm
2024-09-10 00:00:00+05:00,2024,9,10,1,False,Autumn,Gilgit,Gilgit-Baltistan,35.9208,74.3089,1470.0,1.0590005,11.159,6.3631673,0.0,0.6425869,33.512157,857.9079,-8.6535015,52.375,,10.1,False,True,No Rain,Calm
2024-09-10 00:00:00+05:00,2024,9,10,1,False,Autumn,Gilgit,Gilgit-Baltistan,35.9208,74.3089,1470.0,4.109,10.709,7.6006665,0.2,0.9700492,44.618057,858.6672,-3.7576668,62.916668,,6.5999994,False,True,Light,Calm
2024-09-10 00:00:00+05:00,2024,9,10,1,False,Autumn,Gilgit,Gilgit-Baltistan,35.9208,74.3089,1470.0,3.4590003,9.559,6.7027507,1.0,1.7798061,58.436172,861.55695,-1.030583,56.166668,,6.0999994,False,True,Light,Calm
2024-09-10 00:00:00+05:00,2024,9,10,1,False,Autumn,Gilgit,Gilgit-Baltistan,35.9208,74.3089,1470.0,1.7590003,13.059,6.7569175,0.0,4.062796,36.881634,861.2952,-7.1180825,0.5,,11.299999,False,True,No Rain,Calm
2024-09-10 00:00:00+05:00,2024,9,10,1,False,Autumn,Gilgit,Gilgit-Baltistan,35.9208,74.3089,1470.0,2.7590003,13.459,7.9839993,0.0,2.6290362,26.78007,862.27655,-10.124332,19.583334,,10.699999,False,True,No Rain,Calm
2024-09-10 00:00:00+05:00,2024,9,10,1,False,Autumn,Gilgit,Gilgit-Baltistan,35.9208,74.3089,1470.0,4.1590004,14.259001,9.540251,0.0,0.6911681,26.145693,862.2045,-9.036834,15.625,,10.1,False,True,No Rain,Calm
2024-09-10 00:00:00+05:00,2024,9,10,1,False,Autumn,Gilgit,Gilgit-Baltistan,35.9208,74.3089,1470.0,6.859,15.509001,11.661084,0.0,1.5208355,32.413742,860.6272,-4.5597496,76.375,,8.650001,False,True,No Rain,Calm
2024-09-10 00:00:00+05:00,2024,9,10,1,False,Autumn,Gilgit,Gilgit-Baltistan,35.9208,74.3089,1470.0,9.309,13.709,11.758998,2.6000001,3.3365993,57.499393,855.8461,3.5485833,90.166664,,4.3999996,False,True,Light,Calm
2024-09-10 00:00:00+05:00,2024,9,10,1,False,Autumn,Gilgit,Gilgit-Baltistan,35.9208,74.3089,1470.0,9.559,12.509001,10.840248,15.3,2.8719895,60.814373,852.1035,3.5235837,99.625,,2.9500008,False,True,Moderate,Calm
2024-09-10 00:00:00+05:00,2024,9,10,1,False,Autumn,Gilgit,Gilgit-Baltistan,35.9208,74.3089,1470.0,7.4090004,11.659,10.113168,46.90001,3.4119825,59.972675,848.8306,2.6235836,94.75,,4.25,False,True,Heavy,Calm
2024-09-10 00:00:00+05:00,2024,9,10,1,False,Autumn,Gilgit,Gilgit-Baltistan,35.9208,74.3089,1470.0,2.7090003,8.359,6.2527504,22.200003,4.24489,60.812443,850.1509,-0.8514164,80.5,,5.6499996,False,True,Heavy,Calm
2024-09-10 00:00:00+05:00,2024,9,10,1,False,Autumn,Gilgit,Gilgit-Baltistan,35.9208,74.3089,1470.0,1.1090002,12.909,6.8965,0.0,3.7592993,36.91309,854.01215,-7.1889167,5.9166665,,11.8,False,True,No Rain,Calm
2024-09-10 00:00:00+05:00,2024,9,10,1,False,Autumn,Gilgit,Gilgit-Baltistan,35.9208,74.3089,1470.0,3.7590003,13.909,9.096499,0.1,3.0455074,29.688478,854.0539,-7.897251,27.333334,,10.15,False,True,Light,Calm
2024-09-10 00:00:00+05:00,2024,9,10,1,False,Autumn,Gilgit,Gilgit-Baltistan,35.9208,74.3089,1470.0,3.8590002,12.359,7.9152493,0.0,0.9568561,43.89528,858.44434,-3.7993333,20.25,,8.5,False,True,No Rain,Calm
2024-09-10 00:00:00+05:00,2024,9,10,1,False,Autumn,Gilgit,Gilgit-Baltistan,35.9208,74.3089,1470.0,1.6090002,12.309,6.5985837,0.0,1.9517236,37.52628,858.7285,-7.1576667,0.0,,10.7,False,True,No Rain,Calm
2024-09-10 00:00:00+05:00,2024,9,10,1,False,Autumn,Gilgit,Gilgit-Baltistan,35.9208,74.3089,1470.0,1.9590003,12.809,7.600668,0.0,0.76032406,29.67922,859.07623,-9.113915,5.4166665,,10.849999,False,True,No Rain,Calm
2024-09-10 00:00:00+05:00,2024,9,10,1,False,Autumn,Gilgit,Gilgit-Baltistan,35.9208,74.3089,1470.0,4.4090004,13.859001,9.52775,0.4,1.1227722,37.536797,859.7382,-4.426417,80.333336,,9.450001,False,True,Light,Calm
2024-09-10 00:00:00+05:00,2024,9,10,1,False,Autumn,Gilgit,Gilgit-Baltistan,35.9208,74.3089,1470.0,6.459,13.309,9.66525,0.3,1.0467038,56.900604,862.018,1.2860836,47.416668,,6.85,False,True,Light,Calm
2024-09-10 00:00:00+05:00,2024,9,10,1,False,Autumn,Gilgit,Gilgit-Baltistan,35.9208,74.3089,1470.0,5.0590005,15.209,10.884,0.0,1.0576694,38.869755,860.4316,-2.7659996,32.916668,,10.15,False,True,No Rain,Calm
2024-09-10 00:00:00+05:00,2024,9,10,1,False,Autumn,Gilgit,Gilgit-Baltistan,35.9208,74.3089,1470.0,8.159,17.509,13.102752,0.0,0.6020431,33.306477,858.9646,-2.7680829,36.916668,,9.35,False,True,No Rain,Calm
2024-09-10 00:00:00+05:00,2024,9,10,1,False,Autumn,Gilgit,Gilgit-Baltistan,35.9208,74.3089,1470.0,10.959,18.909,14.706918,0.0,0.6939549,32.664616,859.4156,-1.6514164,66.666664,,7.950001,False,False,No Rain,Calm
2024-09-10 00:00:00+05:00,2024,9,10,1,False,Autumn,Gilgit,Gilgit-Baltistan,35.9208,74.3089,1470.0,12.509001,17.509,14.775665,0.5,0.9958515,38.172024,861.1435,0.5235836,92.666664,,5.0,False,False,Light,Calm
2024-09-10 00:00:00+05:00,2024,9,10,1,False,Autumn,Gilgit,Gilgit-Baltistan,35.9208,74.3089,1470.0,11.309,16.309,13.690249,0.0,1.0418714,50.46771,860.383,3.5548334,95.208336,,5.0,False,False,No Rain,Calm
2024-09-10 00:00:00+05:00,2024,9,10,1,False,Autumn,Gilgit,Gilgit-Baltistan,35.9208,74.3089,1470.0,8.309,12.709,10.275666,3.8,0.925572,67.011665,855.5706,4.344417,84.166664,,4.3999996,False,True,Light,Calm
2024-09-10 00:00:00+05:00,2024,9,10,1,False,Autumn,Gilgit,Gilgit-Baltistan,35.9208,74.3089,1470.0,7.7590003,14.209,10.527751,7.599999,1.5399677,67.86059,853.82574,4.692333,86.958336,,6.4499993,False,True,Moderate,Calm
2024-09-10 00:00:00+05:00,2024,9,10,1,False,Autumn,Gilgit,Gilgit-Baltistan,35.9208,74.3089,1470.0,7.609,16.809,11.504834,1.0,2.1263564,52.83492,855.14545,1.8923334,34.5,,9.2,False,True,Light,Calm
2024-09-10 00:00:00+05:00,2024,9,10,1,False,Autumn,Gilgit,Gilgit-Baltistan,35.9208,74.3089,1470.0,8.059,18.759,13.146501,0.0,1.9113435,36.037563,857.79315,-1.9076663,21.666666,,10.700001,False,True,No Rain,Calm
2024-09-10 00:00:00+05:00,2024,9,10,1,False,Autumn,Gilgit,Gilgit-Baltistan,35.9208,74.3089,1470.0,10.159,20.259,14.879834,0.0,1.6228628,35.392002,857.92267,-0.5284996,3.3333333,,10.1,False,False,No Rain,Calm
2024-09-10 00:00:00+05:00,2024,9,10,1,False,Autumn,Gilgit,Gilgit-Baltistan,35.9208,74.3089,1470.0,11.159,20.359001,15.544418,0.0,1.731311,33.096127,857.7898,-0.92224973,0.0,,9.200001,False,False,No Rain,Calm
2024-09-10 00:00:00+05:00,2024,9,10,1,False,Autumn,Gilgit,Gilgit-Baltistan,35.9208,74.3089,1470.0,12.409,19.259,15.525666,0.0,1.2032713,34.88888,856.4069,-0.6389161,66.916664,,6.8500004,False,False,No Rain,Calm
2024-09-10 00:00:00+05:00,2024,9,10,1,False,Autumn,Gilgit,Gilgit-Baltistan,35.9208,74.3089,1470.0,11.259001,18.759,15.161084,0.0,0.8769627,47.71816,857.55,3.6673336,44.166668,,7.5,False,False,No Rain,Calm
2024-09-10 00:00:00+05:00,2024,9,10,1,False,Autumn,Gilgit,Gilgit-Baltistan,35.9208,74.3089,1470.0,12.209,22.059,16.211082,2.1,3.0413115,48.12152,855.24585,4.9506674,97.5,,9.85,False,False,Light,Calm
2024-09-10 00:00:00+05:00,2024,9,10,1,False,Autumn,Gilgit,Gilgit-Baltistan,35.9208,74.3089,1470.0,9.109,18.059,11.898583,22.7,3.9114008,67.260956,851.434,5.7027497,89.541664,,8.95,False,True,Heavy,Calm
2024-09-10 00:00:00+05:00,2024,9,10,1,False,Autumn,Gilgit,Gilgit-Baltistan,35.9208,74.3089,1470.0,8.159,17.259,11.888167,12.900001,3.4099872,58.36594,852.9929,3.5923336,86.333336,,9.1,False,True,Moderate,Calm
2024-09-10 00:00:00+05:00,2024,9,10,1,False,Autumn,Gilgit,Gilgit-Baltistan,35.9208,74.3089,1470.0,8.659,17.559,11.369418,1.6,2.7019465,56.903713,858.7732,2.8735836,42.916668,,8.9,False,True,Light,Calm
2024-09-10 00:00:00+05:00,2024,9,10,1,False,Autumn,Gilgit,Gilgit-Baltistan,35.9208,74.3089,1470.0,6.9090004,19.459,13.215251,1.0,2.5105624,47.56427,860.69867,1.8777504,36.75,,12.549999,False,True,Light,Calm
2024-09-10 00:00:00+05:00,2024,9,10,1,False,Autumn,Gilgit,Gilgit-Baltistan,35.9208,74.3089,1470.0,9.459001,20.359001,14.825667,0.0,1.8776637,40.34535,858.6032,1.1923337,33.375,,10.900001,False,True,No Rain,Calm
2024-09-10 00:00:00+05:00,2024,9,10,1,False,Autumn,Gilgit,Gilgit-Baltistan,35.9208,74.3089,1470.0,8.409,19.259,13.356915,0.0,3.1867316,46.934795,856.86127,1.8860837,39.625,,10.85,False,True,No Rain,Calm
2024-09-10 00:00:00+05:00,2024,9,10,1,False,Autumn,Gilgit,Gilgit-Baltistan,35.9208,74.3089,1470.0,7.9090004,20.609001,13.54025,0.0,3.7223227,48.84747,859.2605,1.9840001,35.166668,,12.700001,False,True,No Rain,Calm
2024-09-10 00:00:00+05:00,2024,9,10,1,False,Autumn,Gilgit,Gilgit-Baltistan,35.9208,74.3089,1470.0,8.609,21.159,14.319419,0.0,4.2318254,44.46913,858.7415,1.6277503,55.833332,,12.55,False,True,No Rain,Calm
2024-09-10 00:00:00+05:00,2024,9,10,1,False,Autumn,Gilgit,Gilgit-Baltistan,35.9208,74.3089,1470.0,8.409,24.959002,16.046501,0.0,5.3683434,36.827866,860.322,0.06316695,0.25,,16.550001,False,True,No Rain,Calm
2024-09-10 00:00:00+05:00,2024,9,10,1,False,Autumn,Gilgit,Gilgit-Baltistan,35.9208,74.3089,1470.0,10.659,26.759,17.965252,0.0,5.54481,31.28817,860.3123,-0.33891645,0.0,,16.1,False,False,No Rain,Calm
2024-09-10 00:00:00+05:00,2024,9,10,1,False,Autumn,Gilgit,Gilgit-Baltistan,35.9208,74.3089,1470.0,12.059,27.359001,18.692331,0.0,4.008187,30.389986,859.3914,-0.14516634,0.0,,15.300001,False,False,No Rain,Calm
2024-09-10 00:00:00+05:00,2024,9,10,1,False,Autumn,Gilgit,Gilgit-Baltistan,35.9208,74.3089,1470.0,12.909,28.159,19.596498,0.0,2.3309863,29.175383,859.57324,0.16733366,0.041666668,,15.25,False,False,No Rain,Calm
2024-09-10 00:00:00+05:00,2024,9,10,1,False,Autumn,Gilgit,Gilgit-Baltistan,35.9208,74.3089,1470.0,14.909,28.559,20.51525,0.0,2.6061447,29.943094,858.2359,1.6194171,17.0,,13.65,False,False,No Rain,Calm
2024-09-10 00:00:00+05:00,2024,9,10,1,False,Autumn,Gilgit,Gilgit-Baltistan,35.9208,74.3089,1470.0,15.309,28.609001,21.188168,0.0,2.7823384,29.09024,856.6067,1.8652501,65.833336,,13.300001,False,False,No Rain,Calm
2024-09-10 00:00:00+05:00,2024,9,10,1,False,Autumn,Gilgit,Gilgit-Baltistan,35.9208,74.3089,1470.0,13.559,27.659,20.15275,0.0,4.6498256,32.408722,852.92596,2.213167,90.375,,14.1,False,False,No Rain,Calm
2024-09-10 00:00:00+05:00,2024,9,10,1,False,Autumn,Gilgit,Gilgit-Baltistan,35.9208,74.3089,1470.0,12.409,26.859001,19.761086,0.0,6.637447,36.480476,853.3317,3.1715002,96.958336,,14.450001,False,False,No Rain,Calm
2024-09-10 00:00:00+05:00,2024,9,10,1,False,Autumn,Gilgit,Gilgit-Baltistan,35.9208,74.3089,1470.0,11.809,28.509,19.800665,0.0,5.2423325,36.989235,854.0208,3.4194174,29.291666,,16.7,False,False,No Rain,Calm
2024-09-10 00:00:00+05:00,2024,9,10,1,False,Autumn,Gilgit,Gilgit-Baltistan,35.9208,74.3089,1470.0,13.009001,29.809,21.019417,0.0,4.3365297,30.169207,853.1609,1.7298336,0.0,,16.8,False,False,No Rain,Calm
2024-09-10 00:00:00+05:00,2024,9,10,1,False,Autumn,Gilgit,Gilgit-Baltistan,35.9208,74.3089,1470.0,14.159,30.309,21.57775,0.0,3.0233338,29.032282,852.3464,1.4506669,3.5,,16.15,False,False,No Rain,Calm
2024-09-10 00:00:00+05:00,2024,9,10,1,False,Autumn,Gilgit,Gilgit-Baltistan,35.9208,74.3089,1470.0,15.759001,30.509,22.49025,0.0,2.6240895,30.010658,852.9371,2.8131669,74.833336,,14.75,False,False,No Rain,Calm
2024-09-10 00:00:00+05:00,2024,9,10,1,False,Autumn,Gilgit,Gilgit-Baltistan,35.9208,74.3089,1470.0,13.609,19.359001,16.34025,10.3,3.4382598,74.181656,858.62823,11.36525,95.75,,5.750001,False,False,Moderate,Calm
2024-09-10 00:00:00+05:00,2024,9,10,1,False,Autumn,Gilgit,Gilgit-Baltistan,35.9208,74.3089,1470.0,12.509001,22.009,16.783998,1.8000001,3.1572695,69.517555,859.5047,10.909,72.75,,9.5,False,False,Light,Calm
2024-09-10 00:00:00+05:00,2024,9,10,1,False,Autumn,Gilgit,Gilgit-Baltistan,35.9208,74.3089,1470.0,13.509001,24.859001,18.231915,2.2,3.9828186,58.43941,856.8179,9.194416,71.083336,,11.35,False,False,Light,Calm
2024-09-10 00:00:00+05:00,2024,9,10,1,False,Autumn,Gilgit,Gilgit-Baltistan,35.9208,74.3089,1470.0,13.459,26.009,19.688166,0.0,4.5116463,44.081593,854.2762,6.563168,54.958332,,12.550001,False,False,No Rain,Calm
2024-09-10 00:00:00+05:00,2024,9,10,1,False,Autumn,Gilgit,Gilgit-Baltistan,35.9208,74.3089,1470.0,13.059,19.259,15.856917,7.1,3.8505688,69.94865,857.7525,10.273584,77.208336,,6.200001,False,False,Moderate,Calm
2024-09-10 00:00:00+05:00,2024,9,10,1,False,Autumn,Gilgit,Gilgit-Baltistan,35.9208,74.3089,1470.0,12.259001,26.859001,18.725668,0.0,4.364735,50.778126,858.122,7.494417,29.958334,,14.6,False,False,No Rain,Calm
2024-09-10 00:00:00+05:00,2024,9,10,1,False,Autumn,Gilgit,Gilgit-Baltistan,35.9208,74.3089,1470.0,14.059,28.509,20.973583,0.0,4.37304,34.854893,857.8671,3.8965003,9.0,,14.450001,False,False,No Rain,Calm
2024-09-10 00:00:00+05:00,2024,9,10,1,False,Autumn,Gilgit,Gilgit-Baltistan,35.9208,74.3089,1470.0,12.759001,28.959002,20.875666,0.0,4.956078,33.094364,857.1121,2.9631672,10.958333,,16.2,False,False,No Rain,Calm
2024-09-10 00:00:00+05:00,2024,9,10,1,False,Autumn,Gilgit,Gilgit-Baltistan,35.9208,74.3089,1470.0,13.609,30.159,21.6965,0.0,4.234808,32.892986,856.2864,3.7777507,0.375,,16.55,False,False,No Rain,Calm
2024-09-10 00:00:00+05:00,2024,9,10,1,False,Autumn,Gilgit,Gilgit-Baltistan,35.9208,74.3089,1470.0,16.309,31.459002,23.642336,0.0,2.5551512,29.85096,855.81195,4.342334,28.916666,,15.150002,False,False,No Rain,Calm
2024-09-10 00:00:00+05:00,2024,9,10,1,False,Autumn,Gilgit,Gilgit-Baltistan,35.9208,74.3089,1470.0,16.609001,29.359001,23.186087,0.0,3.4445648,38.09072,856.76,7.723583,31.875,,12.75,False,False,No Rain,Calm
2024-09-10 00:00:00+05:00,2024,9,10,1,False,Autumn,Gilgit,Gilgit-Baltistan,35.9208,74.3089,1470.0,18.259,31.259,23.90275,0.0,3.6540096,34.010223,855.46783,6.2777505,13.708333,,13.0,False,False,No Rain,Calm
2024-09-10 00:00:00+05:00,2024,9,10,1,False,Autumn,Gilgit,Gilgit-Baltistan,35.9208,74.3089,1470.0,17.109001,32.109,24.194418,0.0,3.3159292,29.313042,855.832,3.859,3.3333333,,15.0,False,False,No Rain,Calm
2024-09-10 00:00:00+05:00,2024,9,10,1,False,Autumn,Gilgit,Gilgit-Baltistan,35.9208,74.3089,1470.0,16.859001,32.759,24.436087,0.0,3.948074,24.890608,856.0788,1.9360837,6.5416665,,15.899998,False,False,No Rain,Calm
2024-09-10 00:00:00+05:00,2024,9,10,1,False,Autumn,Gilgit,Gilgit-Baltistan,35.9208,74.3089,1470.0,17.059,33.009,24.836082,0.0,2.8196952,25.744825,852.88605,2.8027503,21.375,,15.949999,False,False,No Rain,Calm
2024-09-10 00:00:00+05:00,2024,9,10,1,False,Autumn,Gilgit,Gilgit-Baltistan,35.9208,74.3089,1470.0,17.259,31.459002,24.348581,0.0,2.7670517,30.31687,852.01373,4.6090007,28.333334,,14.200001,False,False,No Rain,Calm
2024-09-10 00:00:00+05:00,2024,9,10,1,False,Autumn,Gilgit,Gilgit-Baltistan,35.9208,74.3089,1470.0,17.059,33.359,24.577751,0.0,3.325122,27.611435,853.4692,3.381917,9.166667,,16.300001,False,False,No Rain,Calm
2024-09-10 00:00:00+05:00,2024,9,10,1,False,Autumn,Gilgit,Gilgit-Baltistan,35.9208,74.3089,1470.0,18.559,33.809,25.669416,0.0,2.6649563,28.011314,853.4356,5.0027504,26.0,,15.249998,False,False,No Rain,Calm
2024-09-10 00:00:00+05:00,2024,9,10,1,False,Autumn,Gilgit,Gilgit-Baltistan,35.9208,74.3089,1470.0,17.809,28.759,23.786085,4.7,4.059735,42.314667,852.66095,9.281918,90.208336,,10.950001,False,False,Light,Calm
2024-09-10 00:00:00+05:00,2024,9,10,1,False,Autumn,Gilgit,Gilgit-Baltistan,35.9208,74.3089,1470.0,16.159,25.759,20.209,2.8,3.6518576,62.402637,853.9211,12.286083,65.25,,9.6,False,False,Light,Calm
2024-09-10 00:00:00+05:00,2024,9,10,1,False,Autumn,Gilgit,Gilgit-Baltistan,35.9208,74.3089,1470.0,15.009001,23.309,19.013166,6.2,2.3766139,60.465744,852.2683,10.706917,84.666664,,8.299999,False,False,Moderate,Calm
2024-09-10 00:00:00+05:00,2024,9,10,1,False,Autumn,Gilgit,Gilgit-Baltistan,35.9208,74.3089,1470.0,10.059,21.809,15.848584,38.399998,5.2827616,75.571556,850.80615,11.136083,95.958336,,11.75,False,False,Heavy,Calm
2024-09-10 00:00:00+05:00,2024,9,10,1,False,Autumn,Gilgit,Gilgit-Baltistan,35.9208,74.3089,1470.0,11.059,13.159,12.044417,50.600002,3.0008376,90.84785,851.8894,10.565249,99.916664,,2.1000004,False,False,Heavy,Calm
2024-09-10 00:00:00+05:00,2024,9,10,1,False,Autumn,Gilgit,Gilgit-Baltistan,35.9208,74.3089,1470.0,10.659,22.009,15.409001,12.599999,2.8335543,72.93154,853.12964,10.123584,91.083336,,11.35,False,False,Moderate,Calm
2024-09-10 00:00:00+05:00,2024,9,10,1,False,Autumn,Gilgit,Gilgit-Baltistan,35.9208,74.3089,1470.0,13.759001,19.709,16.34025,6.7,3.7084188,62.2675,851.9475,8.904833,98.125,,5.949999,False,False,Moderate,Calm
2024-09-10 00:00:00+05:00,2024,9,10,1,False,Autumn,Gilgit,Gilgit-Baltistan,35.9208,74.3089,1470.0,13.059,19.909,15.717335,2.4,4.117572,65.883484,852.258,9.1965,99.291664,,6.8500004,False,False,Light,Calm
2024-09-10 00:00:00+05:00,2024,9,10,1,False,Autumn,Gilgit,Gilgit-Baltistan,35.9208,74.3089,1470.0,12.109,22.509,16.248583,3.1,3.8121274,61.49055,854.03766,8.244416,73.666664,,10.400001,False,False,Light,Calm
2024-09-10 00:00:00+05:00,2024,9,10,1,False,Autumn,Gilgit,Gilgit-Baltistan,35.9208,74.3089,1470.0,13.409,29.309,21.059,0.0,3.397567,38.051174,856.002,5.1610837,9.458333,,15.9,False,False,No Rain,Calm
2024-09-10 00:00:00+05:00,2024,9,10,1,False,Autumn,Gilgit,Gilgit-Baltistan,35.9208,74.3089,1470.0,15.759001,31.509,23.79025,0.0,2.45637,28.324059,857.90533,3.5027504,20.083334,,15.75,False,False,No Rain,Calm
2024-09-10 00:00:00+05:00,2024,9,10,1,False,Autumn,Gilgit,Gilgit-Baltistan,35.9208,74.3089,1470.0,19.259,32.809,25.688166,0.0,2.660382,29.486082,856.81805,5.531917,40.666668,,13.549997,False,False,No Rain,Calm
2024-09-10 00:00:00+05:00,2024,9,10,1,False,Autumn,Gilgit,Gilgit-Baltistan,35.9208,74.3089,1470.0,18.159,31.509,24.936083,0.0,2.189686,36.57433,857.3025,8.4465,34.791668,,13.35,False,False,No Rain,Calm
2024-09-10 00:00:00+05:00,2024,9,10,1,False,Autumn,Gilgit,Gilgit-Baltistan,35.9208,74.3089,1470.0,16.909,33.109,25.581917,0.0,2.4049313,38.43845,855.88574,9.415251,15.875,,16.2,False,False,No Rain,Calm
2024-09-10 00:00:00+05:00,2024,9,10,1,False,Autumn,Gilgit,Gilgit-Baltistan,35.9208,74.3089,1470.0,19.609001,32.059,26.036085,0.0,2.2911546,39.616596,854.6241,10.367333,14.083333,,12.449997,False,False,No Rain,Calm
2024-09-10 00:00:00+05:00,2024,9,10,1,False,Autumn,Gilgit,Gilgit-Baltistan,35.9208,74.3089,1470.0,20.159,33.309,26.45275,0.0,2.4353232,36.103443,855.8786,9.406917,13.583333,,13.149998,False,False,No Rain,Calm
2024-09-10 00:00:00+05:00,2024,9,10,1,False,Autumn,Gilgit,Gilgit-Baltistan,35.9208,74.3089,1470.0,20.259,32.559,26.14025,0.0,2.635227,39.291386,855.96313,10.213167,22.625,,12.299997,False,False,No Rain,Calm
2024-09-10 00:00:00+05:00,2024,9,10,1,False,Autumn,Gilgit,Gilgit-Baltistan,35.9208,74.3089,1470.0,17.559,31.359001,24.91733,0.4,3.227008,48.083237,856.44476,11.904834,38.791668,,13.800001,False,False,Light,Calm
2024-09-10 00:00:00+05:00,2024,9,10,1,False,Autumn,Gilgit,Gilgit-Baltistan,35.9208,74.3089,1470.0,17.909,24.909,20.984,21.1,2.482583,68.05695,856.118,14.533998,78.166664,,7.0,False,False,Heavy,Calm
2024-09-10 00:00:00+05:00,2024,9,10,1,False,Autumn,Gilgit,Gilgit-Baltistan,35.9208,74.3089,1470.0,16.609001,25.559,20.450668,35.300003,3.4776227,68.56135,855.76074,13.875665,65.416664,,8.949999,False,False,Heavy,Calm
2024-09-10 00:00:00+05:00,2024,9,10,1,False,Autumn,Gilgit,Gilgit-Baltistan,35.9208,74.3089,1470.0,17.809,26.659,21.715254,3.2,2.6375935,67.83196,854.20703,14.825667,91.375,,8.85,False,False,Light,Calm
2024-09-10 00:00:00+05:00,2024,9,10,1,False,Autumn,Gilgit,Gilgit-Baltistan,35.9208,74.3089,1470.0,17.709,30.259,23.427752,0.2,2.9575293,51.6919,853.0835,12.109002,48.333332,,12.550001,False,False,Light,Calm
2024-09-10 00:00:00+05:00,2024,9,10,1,False,Autumn,Gilgit,Gilgit-Baltistan,35.9208,74.3089,1470.0,18.359001,35.159,26.686083,0.0,4.6751924,32.21076,851.6004,7.6527505,5.5,,16.8,True,False,No Rain,Calm
2024-09-10 00:00:00+05:00,2024,9,10,1,False,Autumn,Gilgit,Gilgit-Baltistan,35.9208,74.3089,1470.0,20.759,35.709,27.808998,0.0,3.9543533,27.422203,850.78656,6.540251,0.0,,14.949999,True,False,No Rain,Calm
2024-09-10 00:00:00+05:00,2024,9,10,1,False,Autumn,Gilgit,Gilgit-Baltistan,35.9208,74.3089,1470.0,22.309,36.809,29.529833,0.0,1.8196468,26.527527,850.42413,7.559,3.0416667,,14.499998,True,False,No Rain,Calm
2024-09-10 00:00:00+05:00,2024,9,10,1,False,Autumn,Gilgit,Gilgit-Baltistan,35.9208,74.3089,1470.0,23.809,34.759,29.254831,0.0,3.2937644,38.833145,851.1445,13.650668,17.375,,10.949999,False,False,No Rain,Calm
2024-09-10 00:00:00+05:00,2024,9,10,1,False,Autumn,Gilgit,Gilgit-Baltistan,35.9208,74.3089,1470.0,21.259,33.309,27.931921,0.6,2.8784764,48.957153,850.2075,15.829833,28.041666,,12.049997,False,False,Light,Calm
2024-09-10 00:00:00+05:00,2024,9,10,1,False,Autumn,Gilgit,Gilgit-Baltistan,35.9208,74.3089,1470.0,22.559,36.259,29.221497,0.0,3.1462498,40.85591,848.9506,13.625667,10.916667,,13.699999,True,False,No Rain,Calm
2024-09-10 00:00:00+05:00,2024,9,10,1,False,Autumn,Gilgit,Gilgit-Baltistan,35.9208,74.3089,1470.0,23.109001,38.459,30.388163,0.0,2.800966,32.406452,847.7441,10.711082,0.45833334,,15.349998,True,False,No Rain,Calm
2024-09-10 00:00:00+05:00,2024,9,10,1,False,Autumn,Gilgit,Gilgit-Baltistan,35.9208,74.3089,1470.0,24.059,39.059,31.04233,0.0,3.0109673,34.255398,848.9868,12.754832,10.0,,14.999998,True,False,No Rain,Calm
2024-09-10 00:00:00+05:00,2024,9,10,1,False,Autumn,Gilgit,Gilgit-Baltistan,35.9208,74.3089,1470.0,24.659,36.959,30.821497,0.4,3.42677,42.123257,851.284,16.048584,21.958334,,12.299999,True,False,Light,Calm
2024-09-10 00:00:00+05:00,2024,9,10,1,False,Autumn,Gilgit,Gilgit-Baltistan,35.9208,74.3089,1470.0,24.609001,31.559,27.892336,0.70000005,3.2048194,52.180004,852.27216,17.07775,46.166668,,6.949999,False,False,Light,Calm
2024-09-10 00:00:00+05:00,2024,9,10,1,False,Autumn,Gilgit,Gilgit-Baltistan,35.9208,74.3089,1470.0,22.709002,35.559,28.688164,0.1,1.8369384,48.117153,851.0035,16.102753,32.375,,12.849997,True,False,Light,Calm
2024-09-10 00:00:00+05:00,2024,9,10,1,False,Autumn,Gilgit,Gilgit-Baltistan,35.9208,74.3089,1470.0,22.759,35.709,29.375664,0.0,2.0831704,42.095573,847.38324,14.363167,17.583334,,12.949999,True,False,No Rain,Calm
2024-09-10 00:00:00+05:00,2024,9,10,1,False,Autumn,Gilgit,Gilgit-Baltistan,35.9208,74.3089,1470.0,23.059,34.209,28.971495,0.0,3.2637491,38.89206,847.08307,12.996501,16.291666,,11.15,False,False,No Rain,Calm
2024-09-10 00:00:00+05:00,2024,9,10,1,False,Autumn,Gilgit,Gilgit-Baltistan,35.9208,74.3089,1470.0,22.559,37.259,30.261084,0.0,2.501079,33.423634,848.9404,11.661083,4.5416665,,14.699999,True,False,No Rain,Calm
2024-09-10 00:00:00+05:00,2024,9,10,1,False,Autumn,Gilgit,Gilgit-Baltistan,35.9208,74.3089,1470.0,23.709002,37.209,30.21733,0.0,3.692337,30.615837,848.9346,9.963166,0.20833333,,13.499998,True,False,No Rain,Calm
2024-09-10 00:00:00+05:00,2024,9,10,1,False,Autumn,Gilgit,Gilgit-Baltistan,35.9208,74.3089,1470.0,23.959002,38.509,30.850668,0.0,5.6137996,25.662313,850.37396,7.3923335,0.0,,14.549997,True,False,No Rain,Calm
2024-09-10 00:00:00+05:00,2024,9,10,1,False,Autumn,Gilgit,Gilgit-Baltistan,35.9208,74.3089,1470.0,24.209002,40.358997,31.867334,0.0,4.6692023,20.78949,849.98895,5.742334,0.0,,16.149996,True,False,No Rain,Calm
2024-09-10 00:00:00+05:00,2024,9,10,1,False,Autumn,Gilgit,Gilgit-Baltistan,35.9208,74.3089,1470.0,26.309,41.608997,33.577747,0.0,4.531379,19.602234,848.9016,6.2985835,1.25,,15.299997,True,False,No Rain,Calm
2024-09-10 00:00:00+05:00,2024,9,10,1,False,Autumn,Gilgit,Gilgit-Baltistan,35.9208,74.3089,1470.0,26.459002,41.809,33.654835,0.0,3.445523,22.962883,846.9116,8.844417,1.5,,15.349997,True,False,No Rain,Calm
2024-09-10 00:00:00+05:00,2024,9,10,1,False,Autumn,Gilgit,Gilgit-Baltistan,35.9208,74.3089,1470.0,26.809,39.059,32.54442,0.0,3.6019824,34.35025,847.68304,14.331917,57.625,,12.249998,True,False,No Rain,Calm
2024-09-10 00:00:00+05:00,2024,9,10,1,False,Autumn,Gilgit,Gilgit-Baltistan,35.9208,74.3089,1470.0,24.359001,36.859,30.794418,0.0,4.782382,40.83666,848.63995,15.442334,31.416666,,12.5,True,False,No Rain,Calm
2024-09-10 00:00:00+05:00,2024,9,10,1,False,Autumn,Gilgit,Gilgit-Baltistan,35.9208,74.3089,1470.0,23.309,34.759,29.22983,0.0,4.2922506,43.305065,849.2099,14.781915,32.416668,,11.449999,False,False,No Rain,Calm
2024-09-10 00:00:00+05:00,2024,9,10,1,False,Autumn,Gilgit,Gilgit-Baltistan,35.9208,74.3089,1470.0,23.109001,33.709,27.836084,0.0,3.3030016,43.980824,851.18805,13.784,38.291668,,10.599998,False,False,No Rain,Calm
2024-09-10 00:00:00+05:00,2024,9,10,1,False,Autumn,Gilgit,Gilgit-Baltistan,35.9208,74.3089,1470.0,21.709,30.959002,25.792336,0.2,2.6128683,45.694263,853.3474,12.769416,49.75,,9.250002,False,False,Light,Calm
2024-09-10 00:00:00+05:00,2024,9,10,1,False,Autumn,Gilgit,Gilgit-Baltistan,35.9208,74.3089,1470.0,18.659,34.109,26.113167,0.2,2.8775408,40.149574,854.4366,8.879834,16.791666,,15.450001,False,False,Light,Calm
2024-09-10 00:00:00+05:00,2024,9,10,1,False,Autumn,Gilgit,Gilgit-Baltistan,35.9208,74.3089,1470.0,19.959,36.409,28.942335,0.0,1.9999126,23.556808,851.6314,4.7965007,36.458332,,16.45,True,False,No Rain,Calm
2024-09-10 00:00:00+05:00,2024,9,10,1,False,Autumn,Gilgit,Gilgit-Baltistan,35.9208,74.3089,1470.0,20.809,29.609001,24.992334,3.2,3.2114305,51.87718,852.85834,13.965252,96.708336,,8.800001,False,False,Light,Calm
2024-09-10 00:00:00+05:00,2024,9,10,1,False,Autumn,Gilgit,Gilgit-Baltistan,35.9208,74.3089,1470.0,19.909,26.609001,22.098585,22.5,2.619439,79.44697,853.899,17.975666,96.125,,6.700001,False,False,Heavy,Calm
2024-09-10 00:00:00+05:00,2024,9,10,1,False,Autumn,Gilgit,Gilgit-Baltistan,35.9208,74.3089,1470.0,20.659,22.109001,21.30483,23.499996,2.414326,87.06956,854.0772,19.038168,99.791664,,1.4500008,False,False,Heavy,Calm
2024-09-10 00:00:00+05:00,2024,9,10,1,False,Autumn,Gilgit,Gilgit-Baltistan,35.9208,74.3089,1470.0,20.859001,26.709002,23.036089,5.1,1.7462963,77.16058,855.3667,18.623583,80.833336,,5.8500004,False,False,Moderate,Calm
2024-09-10 00:00:00+05:00,2024,9,10,1,False,Autumn,Gilgit,Gilgit-Baltistan,35.9208,74.3089,1470.0,21.359001,34.759,27.434,0.0,2.295366,55.919605,853.86127,17.263166,46.333332,,13.399998,False,False,No Rain,Calm
2024-09-10 00:00:00+05:00,2024,9,10,1,False,Autumn,Gilgit,Gilgit-Baltistan,35.9208,74.3089,1470.0,23.709002,35.559,29.013166,0.0,2.038255,51.337063,851.34503,17.513166,50.166668,,11.849997,True,False,No Rain,Calm
2024-09-10 00:00:00+05:00,2024,9,10,1,False,Autumn,Gilgit,Gilgit-Baltistan,35.9208,74.3089,1470.0,24.859001,37.109,30.463165,0.0,2.0986602,50.55728,849.99677,18.396502,40.625,,12.25,True,False,No Rain,Calm
2024-09-10 00:00:00+05:00,2024,9,10,1,False,Autumn,Gilgit,Gilgit-Baltistan,35.9208,74.3089,1470.0,24.609001,36.059,30.413164,0.0,2.6921651,48.091354,850.2828,17.623583,41.208332,,11.449997,True,False,No Rain,Calm
2024-09-10 00:00:00+05:00,2024,9,10,1,False,Autumn,Gilgit,Gilgit-Baltistan,35.9208,74.3089,1470.0,24.309,34.859,28.800673,0.0,4.110061,50.43242,849.523,16.981918,38.208332,,10.550001,False,False,No Rain,Calm
2024-09-10 00:00:00+05:00,2024,9,10,1,False,Autumn,Gilgit,Gilgit-Baltistan,35.9208,74.3089,1470.0,21.859001,32.459,27.159002,6.1000004,4.509056,55.46042,848.16327,16.929832,71.958336,,10.599998,False,False,Moderate,Calm
2024-09-10 00:00:00+05:00,2024,9,10,1,False,Autumn,Gilgit,Gilgit-Baltistan,35.9208,74.3089,1470.0,21.459,28.809,25.079834,4.4,2.673321,65.855774,848.88257,18.142334,78.916664,,7.3500004,False,False,Light,Calm
2024-09-10 00:00:00+05:00,2024,9,10,1,False,Autumn,Gilgit,Gilgit-Baltistan,35.9208,74.3089,1470.0,21.809,30.209002,25.431915,4.5999994,2.215658,67.085335,850.019,18.579832,69.875,,8.400002,False,False,Light,Calm
2024-09-10 00:00:00+05:00,2024,9,10,1,False,Autumn,Gilgit,Gilgit-Baltistan,35.9208,74.3089,1470.0,21.409,29.059,24.634,7.8999996,2.3381684,69.77167,852.16895,18.434,64.958336,,7.6499996,False,False,Moderate,Calm
2024-09-10 00:00:00+05:00,2024,9,10,1,False,Autumn,Gilgit,Gilgit-Baltistan,35.9208,74.3089,1470.0,20.559,33.059,26.723581,0.0,2.9609425,58.20339,850.9013,17.036085,33.958332,,12.499998,False,False,No Rain,Calm
2024-09-10 00:00:00+05:00,2024,9,10,1,False,Autumn,Gilgit,Gilgit-Baltistan,35.9208,74.3089,1470.0,22.909,34.359,28.24025,0.0,2.7467155,49.774822,849.2102,16.015251,27.75,,11.450001,False,False,No Rain,Calm
2024-09-10 00:00:00+05:00,2024,9,10,1,False,Autumn,Gilgit,Gilgit-Baltistan,35.9208,74.3089,1470.0,21.609001,36.959,29.465248,0.0,3.0779371,37.89859,847.0765,12.717334,14.041667,,15.349998,True,False,No Rain,Calm
2024-09-10 00:00:00+05:00,2024,9,10,1,False,Autumn,Gilgit,Gilgit-Baltistan,35.9208,74.3089,1470.0,21.859001,27.659,24.963167,6.8,2.0335329,67.194405,849.91064,17.984,70.708336,,5.799999,False,False,Moderate,Calm
2024-09-10 00:00:00+05:00,2024,9,10,1,False,Autumn,Gilgit,Gilgit-Baltistan,35.9208,74.3089,1470.0,19.709,31.059,24.59025,8.5,3.067879,62.466976,852.0789,16.406914,44.25,,11.35,False,False,Moderate,Calm
2024-09-10 00:00:00+05:00,2024,9,10,1,False,Autumn,Gilgit,Gilgit-Baltistan,35.9208,74.3089,1470.0,19.209,32.809,25.950666,2.7,2.4167302,53.933224,851.47504,15.046502,35.875,,13.599998,False,False,Light,Calm
2024-09-10 00:00:00+05:00,2024,9,10,1,False,Autumn,Gilgit,Gilgit-Baltistan,35.9208,74.3089,1470.0,21.109001,32.209,26.796503,0.5,1.9797357,47.797665,851.2839,14.3235855,28.25,,11.099998,False,False,Light,Calm
2024-09-10 00:00:00+05:00,2024,9,10,1,False,Autumn,Gilgit,Gilgit-Baltistan,35.9208,74.3089,1470.0,21.109001,34.059,27.592329,0.0,1.68725,43.670216,851.465,13.204833,13.916667,,12.949997,False,False,No Rain,Calm
2024-09-10 00:00:00+05:00,2024,9,10,1,False,Autumn,Gilgit,Gilgit-Baltistan,35.9208,74.3089,1470.0,20.909,35.009,28.492332,0.0,2.9033554,36.362427,851.1921,11.340249,15.541667,,14.099998,True,False,No Rain,Calm
2024-09-10 00:00:00+05:00,2024,9,10,1,False,Autumn,Gilgit,Gilgit-Baltistan,35.9208,74.3089,1470.0,23.409,35.109,28.617332,0.0,3.722435,34.718082,850.42,11.206917,20.25,,11.700001,True,False,No Rain,Calm
2024-09-10 00:00:00+05:00,2024,9,10,1,False,Autumn,Gilgit,Gilgit-Baltistan,35.9208,74.3089,1470.0,21.709,34.109,27.634,0.4,3.0140903,40.76686,851.93945,12.675667,32.458332,,12.400002,False,False,Light,Calm
2024-09-10 00:00:00+05:00,2024,9,10,1,False,Autumn,Gilgit,Gilgit-Baltistan,35.9208,74.3089,1470.0,19.409,35.109,27.25067,0.0,3.1299307,40.609035,851.7824,11.386082,3.9583333,,15.700001,True,False,No Rain,Calm
2024-09-10 00:00:00+05:00,2024,9,10,1,False,Autumn,Gilgit,Gilgit-Baltistan,35.9208,74.3089,1470.0,22.409,35.859,28.777748,0.0,2.3431401,39.51745,851.9966,12.983998,11.583333,,13.450001,True,False,No Rain,Calm
2024-09-10 00:00:00+05:00,2024,9,10,1,False,Autumn,Gilgit,Gilgit-Baltistan,35.9208,74.3089,1470.0,22.659,36.059,29.096495,0.0,2.2643507,43.534664,854.6324,14.811084,12.708333,,13.399998,True,False,No Rain,Calm
2024-09-10 00:00:00+05:00,2024,9,10,1,False,Autumn,Gilgit,Gilgit-Baltistan,35.9208,74.3089,1470.0,21.359001,37.009,29.267332,0.0,2.4573505,45.83221,853.40204,15.66317,24.125,,15.649998,True,False,No Rain,Calm
2024-09-10 00:00:00+05:00,2024,9,10,1,False,Autumn,Gilgit,Gilgit-Baltistan,35.9208,74.3089,1470.0,23.159,38.358997,29.936083,0.0,2.5561104,48.320206,851.8107,16.769419,25.416666,,15.199997,True,False,No Rain,Calm
2024-09-10 00:00:00+05:00,2024,9,10,1,False,Autumn,Gilgit,Gilgit-Baltistan,35.9208,74.3089,1470.0,23.959002,39.409,31.013166,0.0,3.2369263,46.036057,850.1989,17.217335,49.041668,,15.449999,True,False,No Rain,Calm
2024-09-10 00:00:00+05:00,2024,9,10,1,False,Autumn,Gilgit,Gilgit-Baltistan,35.9208,74.3089,1470.0,24.359001,39.209,31.242332,0.0,3.6070023,48.887386,849.6514,18.381918,10.833333,,14.849998,True,False,No Rain,Calm
2024-09-10 00:00:00+05:00,2024,9,10,1,False,Autumn,Gilgit,Gilgit-Baltistan,35.9208,74.3089,1470.0,23.759,35.059,29.113165,0.0,4.0987687,59.942764,852.4221,20.048584,62.208332,,11.299997,True,False,No Rain,Calm
2024-09-10 00:00:00+05:00,2024,9,10,1,False,Autumn,Gilgit,Gilgit-Baltistan,35.9208,74.3089,1470.0,22.659,30.309,25.642334,4.9,1.8288674,65.27688,853.7341,18.342337,56.416668,,7.6499996,False,False,Light,Calm
2024-09-10 00:00:00+05:00,2024,9,10,1,False,Autumn,Gilgit,Gilgit-Baltistan,35.9208,74.3089,1470.0,21.209,34.609,26.752748,3.1000001,2.369324,56.672367,852.81134,16.363169,31.041666,,13.400002,False,False,Light,Calm
2024-09-10 00:00:00+05:00,2024,9,10,1,False,Autumn,Gilgit,Gilgit-Baltistan,35.9208,74.3089,1470.0,22.309,34.709,27.692331,0.0,2.8556821,49.139538,853.48267,15.3465,27.708334,,12.4,False,False,No Rain,Calm
2024-09-10 00:00:00+05:00,2024,9,10,1,False,Autumn,Gilgit,Gilgit-Baltistan,35.9208,74.3089,1470.0,19.609001,27.859001,23.061087,4.6,3.2311265,61.48058,856.2214,14.917335,61.666668,,8.25,False,False,Light,Calm
2024-09-10 00:00:00+05:00,2024,9,10,1,False,Autumn,Gilgit,Gilgit-Baltistan,35.9208,74.3089,1470.0,18.109001,30.309,23.136084,0.0,2.4356112,56.086437,856.36865,13.246498,51.916668,,12.199999,False,False,No Rain,Calm
2024-09-10 00:00:00+05:00,2024,9,10,1,False,Autumn,Gilgit,Gilgit-Baltistan,35.9208,74.3089,1470.0,20.609001,33.009,26.383997,0.0,1.7435026,46.590313,854.0993,13.379832,19.541666,,12.399998,False,False,No Rain,Calm
2024-09-10 00:00:00+05:00,2024,9,10,1,False,Autumn,Gilgit,Gilgit-Baltistan,35.9208,74.3089,1470.0,23.109001,35.659,28.69858,0.0,2.9703674,34.510666,852.47076,10.765251,4.0416665,,12.549999,True,False,No Rain,Calm
2024-09-10 00:00:00+05:00,2024,9,10,1,False,Autumn,Gilgit,Gilgit-Baltistan,35.9208,74.3089,1470.0,23.859001,37.059,29.721498,0.0,1.999633,31.354616,849.8284,10.11525,1.9166666,,13.199997,True,False,No Rain,Calm
2024-09-10 00:00:00+05:00,2024,9,10,1,False,Autumn,Gilgit,Gilgit-Baltistan,35.9208,74.3089,1470.0,22.759,36.659,29.033998,0.0,3.9255981,37.167027,848.6743,12.06525,24.041666,,13.9,True,False,No Rain,Calm
2024-09-10 00:00:00+05:00,2024,9,10,1,False,Autumn,Gilgit,Gilgit-Baltistan,35.9208,74.3089,1470.0,19.309,26.859001,22.450668,7.5,2.3447354,62.87703,853.6633,14.679832,63.833332,,7.550001,False,False,Moderate,Calm
2024-09-10 00:00:00+05:00,2024,9,10,1,False,Autumn,Gilgit,Gilgit-Baltistan,35.9208,74.3089,1470.0,17.709,31.459002,23.888168,0.70000005,2.4630017,54.290417,854.3466,12.86525,30.125,,13.750002,False,False,Light,Calm
2024-09-10 00:00:00+05:00,2024,9,10,1,False,Autumn,Gilgit,Gilgit-Baltistan,35.9208,74.3089,1470.0,17.859001,35.309,25.873583,0.0,4.63895,35.192272,852.50885,7.4048333,0.125,,17.449997,True,False,No Rain,Calm
2024-09-10 00:00:00+05:00,2024,9,10,1,False,Autumn,Gilgit,Gilgit-Baltistan,35.9208,74.3089,1470.0,19.959,35.459,26.673582,0.0,3.377776,27.44515,853.295,5.24025,0.0,,15.5,True,False,No Rain,Calm
2024-09-10 00:00:00+05:00,2024,9,10,1,False,Autumn,Gilgit,Gilgit-Baltistan,35.9208,74.3089,1470.0,20.809,36.459,27.592337,0.0,4.2966585,24.96171,852.2426,4.542333,0.0,,15.65,True,False,No Rain,Calm
2024-09-10 00:00:00+05:00,2024,9,10,1,False,Autumn,Gilgit,Gilgit-Baltistan,35.9208,74.3089,1470.0,21.309,37.609,28.338167,0.0,4.8586917,22.444494,851.88617,3.6319168,0.0,,16.300001,True,False,No Rain,Calm
2024-09-10 00:00:00+05:00,2024,9,10,1,False,Autumn,Gilgit,Gilgit-Baltistan,35.9208,74.3089,1470.0,22.259,36.259,28.76108,0.0,2.913499,26.188372,852.9944,6.3006663,24.958334,,13.999998,True,False,No Rain,Calm
2024-09-10 00:00:00+05:00,2024,9,10,1,False,Autumn,Gilgit,Gilgit-Baltistan,35.9208,74.3089,1470.0,22.059,34.009,28.006914,0.0,3.6155322,35.970646,850.94507,11.10275,20.083334,,11.949999,False,False,No Rain,Calm
2024-09-10 00:00:00+05:00,2024,9,10,1,False,Autumn,Gilgit,Gilgit-Baltistan,35.9208,74.3089,1470.0,20.209,34.759,26.898582,0.0,3.6732695,32.77065,848.9248,7.192333,15.208333,,14.549999,False,False,No Rain,Calm
2024-09-10 00:00:00+05:00,2024,9,10,1,False,Autumn,Gilgit,Gilgit-Baltistan,35.9208,74.3089,1470.0,20.409,32.609,25.952751,0.0,2.8792782,41.95405,850.42316,11.436084,32.083332,,12.200001,False,False,No Rain,Calm
2024-09-10 00:00:00+05:00,2024,9,10,1,False,Autumn,Gilgit,Gilgit-Baltistan,35.9208,74.3089,1470.0,19.209,30.059,24.138168,0.0,2.741808,55.687923,854.8122,14.086083,48.208332,,10.85,False,False,No Rain,Calm
2024-09-10 00:00:00+05:00,2024,9,10,1,False,Autumn,Gilgit,Gilgit-Baltistan,35.9208,74.3089,1470.0,17.559,30.309,23.327753,4.5,2.947281,57.00839,857.6148,13.150668,53.375,,12.75,False,False,Light,Calm
2024-09-10 00:00:00+05:00,2024,9,10,1,False,Autumn,Gilgit,Gilgit-Baltistan,35.9208,74.3089,1470.0,19.609001,31.809,25.244417,0.2,2.2664497,50.993393,856.6595,13.527751,32.666668,,12.199999,False,False,Light,Calm
2024-09-10 00:00:00+05:00,2024,9,10,1,False,Autumn,Gilgit,Gilgit-Baltistan,35.9208,74.3089,1470.0,17.859001,30.759,24.319414,23.0,2.3741133,58.706844,857.47516,14.41525,41.125,,12.9,False,False,Heavy,Calm
2024-09-10 00:00:00+05:00,2024,9,10,1,False,Autumn,Gilgit,Gilgit-Baltistan,35.9208,74.3089,1470.0,19.459,31.859001,25.773582,0.6,1.6785432,50.796658,855.5083,14.017333,37.208332,,12.400002,False,False,Light,Calm
2024-09-10 00:00:00+05:00,2024,9,10,1,False,Autumn,Gilgit,Gilgit-Baltistan,35.9208,74.3089,1470.0,20.809,29.959002,25.073584,0.0,3.2138329,51.445553,856.0201,14.063167,38.791668,,9.150002,False,False,No Rain,Calm
2024-09-10 00:00:00+05:00,2024,9,10,1,False,Autumn,Gilgit,Gilgit-Baltistan,35.9208,74.3089,1470.0,19.409,31.509,24.931913,0.1,2.0943112,52.233185,857.831,13.804833,39.5,,12.1,False,False,Light,Calm
2024-09-10 00:00:00+05:00,2024,9,10,1,False,Autumn,Gilgit,Gilgit-Baltistan,35.9208,74.3089,1470.0,19.409,32.859,26.154833,0.0,1.1411988,41.566544,855.7952,11.1465,4.5,,13.450001,False,False,No Rain,Calm
2024-09-10 00:00:00+05:00,2024,9,10,1,False,Autumn,Gilgit,Gilgit-Baltistan,35.9208,74.3089,1470.0,20.359001,35.709,27.38608,0.0,2.3912227,29.635696,853.77155,7.031917,0.625,,15.349998,True,False,No Rain,Calm
2024-09-10 00:00:00+05:00,2024,9,10,1,False,Autumn,Gilgit,Gilgit-Baltistan,35.9208,74.3089,1470.0,21.009,36.359,28.1465,0.0,1.9802442,27.550283,854.28265,6.6173344,1.9583334,,15.35,True,False,No Rain,Calm
2024-09-10 00:00:00+05:00,2024,9,10,1,False,Autumn,Gilgit,Gilgit-Baltistan,35.9208,74.3089,1470.0,20.559,35.909,27.690248,0.0,2.804448,33.780766,854.56195,9.423583,7.3333335,,15.35,True,False,No Rain,Calm
2024-09-10 00:00:00+05:00,2024,9,10,1,False,Autumn,Gilgit,Gilgit-Baltistan,35.9208,74.3089,1470.0,20.309,34.859,27.288164,0.0,3.0889719,40.65212,854.77344,11.844418,8.375,,14.550001,False,False,No Rain,Calm
2024-09-10 00:00:00+05:00,2024,9,10,1,False,Autumn,Gilgit,Gilgit-Baltistan,35.9208,74.3089,1470.0,21.409,34.409,26.963165,0.0,3.4672801,36.55973,853.2059,10.050667,9.666667,,13.0,False,False,No Rain,Calm
2024-09-10 00:00:00+05:00,2024,9,10,1,False,Autumn,Gilgit,Gilgit-Baltistan,35.9208,74.3089,1470.0,19.759,29.409,24.263166,0.5,4.597448,48.745907,854.77704,12.536082,33.125,,9.65,False,False,Light,Calm
2024-09-10 00:00:00+05:00,2024,9,10,1,False,Autumn,Gilgit,Gilgit-Baltistan,35.9208,74.3089,1470.0,18.009,30.709002,24.161087,0.0,2.3467207,40.446056,855.92017,9.200665,20.333334,,12.700001,False,False,No Rain,Calm
2024-09-10 00:00:00+05:00,2024,9,10,1,False,Autumn,Gilgit,Gilgit-Baltistan,35.9208,74.3089,1470.0,19.309,29.209002,23.650671,0.0,5.2951374,41.88476,854.0708,9.442333,20.875,,9.900002,False,False,No Rain,Calm
2024-09-10 00:00:00+05:00,2024,9,10,1,False,Autumn,Gilgit,Gilgit-Baltistan,35.9208,74.3089,1470.0,17.809,28.559,22.731918,0.0,3.1383822,39.66963,856.79614,7.869417,16.375,,10.75,False,False,No Rain,Calm
2024-09-10 00:00:00+05:00,2024,9,10,1,False,Autumn,Gilgit,Gilgit-Baltistan,35.9208,74.3089,1470.0,17.909,30.409,23.961084,0.0,2.4514453,34.54034,855.91064,6.6215,13.25,,12.5,False,False,No Rain,Calm
2024-09-10 00:00:00+05:00,2024,9,10,1,False,Autumn,Gilgit,Gilgit-Baltistan,35.9208,74.3089,1470.0,17.209,32.409,24.72567,0.0,1.428196,32.19092,855.0962,5.7298336,2.7916667,,15.200001,False,False,No Rain,Calm
2024-09-10 00:00:00+05:00,2024,9,10,1,False,Autumn,Gilgit,Gilgit-Baltistan,35.9208,74.3089,1470.0,19.609001,34.109,26.306917,0.0,1.755463,28.004656,854.54803,5.2590003,0.375,,14.5,False,False,No Rain,Calm
2024-09-10 00:00:00+05:00,2024,9,10,1,False,Autumn,Gilgit,Gilgit-Baltistan,35.9208,74.3089,1470.0,21.009,32.659,26.144417,0.0,4.0922675,31.970032,853.8308,7.492333,12.916667,,11.65,False,False,No Rain,Calm
2024-09-10 00:00:00+05:00,2024,9,10,1,False,Autumn,Gilgit,Gilgit-Baltistan,35.9208,74.3089,1470.0,18.759,30.459002,23.85692,0.0,3.2093089,42.878826,854.92303,9.052751,15.333333,,11.700001,False,False,No Rain,Calm
2024-09-10 00:00:00+05:00,2024,9,10,1,False,Autumn,Gilgit,Gilgit-Baltistan,35.9208,74.3089,1470.0,16.409,28.309,21.142334,1.6000001,4.2099977,50.927475,856.6325,9.642333,48.333332,,11.9,False,False,Light,Calm
2024-09-10 00:00:00+05:00,2024,9,10,1,False,Autumn,Gilgit,Gilgit-Baltistan,35.9208,74.3089,1470.0,17.509,28.559,22.611084,0.1,2.5477805,34.83572,858.1404,5.27775,18.416666,,11.049999,False,False,Light,Calm
2024-09-10 00:00:00+05:00,2024,9,10,1,False,Autumn,Gilgit,Gilgit-Baltistan,35.9208,74.3089,1470.0,18.309,31.009,24.044416,0.0,2.4852788,28.902962,859.6675,3.7985837,4.4583335,,12.700001,False,False,No Rain,Calm
2024-09-10 00:00:00+05:00,2024,9,10,1,False,Autumn,Gilgit,Gilgit-Baltistan,35.9208,74.3089,1470.0,18.259,31.909,24.356918,0.0,2.4839916,28.19413,857.5154,3.6402504,2.875,,13.65,False,False,No Rain,Calm
2024-09-10 00:00:00+05:00,2024,9,10,1,False,Autumn,Gilgit,Gilgit-Baltistan,35.9208,74.3089,1470.0,17.959,29.909,23.206917,0.0,2.7778645,29.066614,855.48615,3.3735836,25.166666,,11.950001,False,False,No Rain,Calm
2024-09-10 00:00:00+05:00,2024,9,10,1,False,Autumn,Gilgit,Gilgit-Baltistan,35.9208,74.3089,1470.0,16.409,29.659,22.6715,0.0,1.9652467,32.18527,853.87915,4.063167,5.875,,13.25,False,False,No Rain,Calm
2024-09-10 00:00:00+05:00,2024,9,10,1,False,Autumn,Gilgit,Gilgit-Baltistan,35.9208,74.3089,1470.0,16.609001,28.759,22.450666,0.0,2.54484,34.05988,852.6611,5.075667,14.625,,12.15,False,False,No Rain,Calm
2024-09-10 00:00:00+05:00,2024,9,10,1,False,Autumn,Gilgit,Gilgit-Baltistan,35.9208,74.3089,1470.0,16.709,26.659,20.594418,0.0,3.1679077,44.92539,857.5046,7.4652505,47.041668,,9.950001,False,False,No Rain,Calm
2024-09-10 00:00:00+05:00,2024,9,10,1,False,Autumn,Gilgit,Gilgit-Baltistan,35.9208,74.3089,1470.0,14.209,24.409,17.586084,0.0,3.880721,52.061657,861.5975,6.8027496,48.583332,,10.200001,False,False,No Rain,Calm
2024-09-10 00:00:00+05:00,2024,9,10,1,False,Autumn,Gilgit,Gilgit-Baltistan,35.9208,74.3089,1470.0,10.759001,21.009,15.619416,0.3,2.6846743,54.87181,860.09717,5.773584,54.5,,10.25,False,False,Light,Calm
2024-09-10 00:00:00+05:00,2024,9,10,1,False,Autumn,Gilgit,Gilgit-Baltistan,35.9208,74.3089,1470.0,8.909,20.709,14.392335,19.599998,2.88101,67.6153,856.55646,7.956917,72.541664,,11.799999,False,True,Moderate,Calm
2024-09-10 00:00:00+05:00,2024,9,10,1,False,Autumn,Gilgit,Gilgit-Baltistan,35.9208,74.3089,1470.0,7.859,11.559,9.817334,24.2,1.6706028,81.45917,855.3484,6.7610836,100.0,,3.6999998,False,True,Heavy,Calm
2024-09-10 00:00:00+05:00,2024,9,10,1,False,Autumn,Gilgit,Gilgit-Baltistan,35.9208,74.3089,1470.0,6.5090003,12.459,9.786083,9.2,1.6902765,78.281166,855.0715,6.148584,84.708336,,5.9499993,False,True,Moderate,Calm
2024-09-10 00:00:00+05:00,2024,9,10,1,False,Autumn,Gilgit,Gilgit-Baltistan,35.9208,74.3089,1470.0,5.0090003,13.059,9.534,0.1,0.88090914,64.82073,858.1677,3.092334,63.833332,,8.049999,False,True,Light,Calm
2024-09-10 00:00:00+05:00,2024,9,10,1,False,Autumn,Gilgit,Gilgit-Baltistan,35.9208,74.3089,1470.0,4.7590003,18.209,11.529834,0.0,0.85562533,53.14479,859.2734,1.9256672,64.291664,,13.449999,False,True,No Rain,Calm
2024-09-10 00:00:00+05:00,2024,9,10,1,False,Autumn,Gilgit,Gilgit-Baltistan,35.9208,74.3089,1470.0,9.859,21.009,15.004834,0.0,3.106701,45.51415,858.82294,2.7735837,54.833332,,11.150001,False,True,No Rain,Calm
2024-09-10 00:00:00+05:00,2024,9,10,1,False,Autumn,Gilgit,Gilgit-Baltistan,35.9208,74.3089,1470.0,8.059,21.159,14.586082,0.2,1.7724582,51.305923,861.81934,3.613167,41.708332,,13.1,False,True,Light,Calm
2024-09-10 00:00:00+05:00,2024,9,10,1,False,Autumn,Gilgit,Gilgit-Baltistan,35.9208,74.3089,1470.0,10.759001,24.109001,16.648584,0.0,1.4788074,36.432213,860.5057,0.6027503,0.75,,13.35,False,False,No Rain,Calm
2024-09-10 00:00:00+05:00,2024,9,10,1,False,Autumn,Gilgit,Gilgit-Baltistan,35.9208,74.3089,1470.0,12.909,26.509,18.61525,0.0,1.3828101,31.640701,860.13617,0.6027503,0.0,,13.6,False,False,No Rain,Calm
2024-09-10 00:00:00+05:00,2024,9,10,1,False,Autumn,Gilgit,Gilgit-Baltistan,35.9208,74.3089,1470.0,14.259001,27.109001,19.521502,0.0,1.2511977,29.042099,858.72974,0.23191701,0.0,,12.85,False,False,No Rain,Calm
2024-09-10 00:00:00+05:00,2024,9,10,1,False,Autumn,Gilgit,Gilgit-Baltistan,35.9208,74.3089,1470.0,13.009001,27.409,19.417334,0.0,2.132408,30.58959,856.7414,0.30483365,5.625,,14.4,False,False,No Rain,Calm
2024-09-10 00:00:00+05:00,2024,9,10,1,False,Autumn,Gilgit,Gilgit-Baltistan,35.9208,74.3089,1470.0,12.609,25.609001,17.634,0.0,2.2274625,32.605465,859.4268,-0.84099954,0.0,,13.000001,False,False,No Rain,Calm
2024-09-10 00:00:00+05:00,2024,9,10,1,False,Autumn,Gilgit,Gilgit-Baltistan,35.9208,74.3089,1470.0,12.509001,25.509,17.831919,0.0,0.82328963,27.719,860.76215,-1.8722497,0.0,,13.0,False,False,No Rain,Calm
2024-09-10 00:00:00+05:00,2024,9,10,1,False,Autumn,Gilgit,Gilgit-Baltistan,35.9208,74.3089,1470.0,13.109,25.959002,18.2215,0.0,1.1917869,29.357965,859.2832,-0.8159997,11.375,,12.850001,False,False,No Rain,Calm
2024-09-10 00:00:00+05:00,2024,9,10,1,False,Autumn,Gilgit,Gilgit-Baltistan,35.9208,74.3089,1470.0,13.409,25.709002,18.417334,0.0,3.400339,36.614933,857.8681,2.0027504,62.625,,12.300001,False,False,No Rain,Calm
2024-09-10 00:00:00+05:00,2024,9,10,1,False,Autumn,Gilgit,Gilgit-Baltistan,35.9208,74.3089,1470.0,12.509001,24.459002,17.929832,0.0,2.6056845,43.56723,858.55817,3.819417,32.583332,,11.950001,False,False,No Rain,Calm
2024-09-10 00:00:00+05:00,2024,9,10,1,False,Autumn,Gilgit,Gilgit-Baltistan,35.9208,74.3089,1470.0,10.709,23.509,16.842333,0.0,3.105046,45.30847,859.7845,3.3360837,49.791668,,12.800001,False,False,No Rain,Calm
2024-09-10 00:00:00+05:00,2024,9,10,1,False,Autumn,Gilgit,Gilgit-Baltistan,35.9208,74.3089,1470.0,10.559,20.909,14.744414,0.5,2.4615326,49.71626,862.3189,3.413167,53.666668,,10.35,False,False,Light,Calm
2024-09-10 00:00:00+05:00,2024,9,10,1,False,Autumn,Gilgit,Gilgit-Baltistan,35.9208,74.3089,1470.0,10.459,22.909,15.402749,0.0,1.8642983,36.621098,860.5008,-0.44099975,3.2083333,,12.450001,False,False,No Rain,Calm
2024-09-10 00:00:00+05:00,2024,9,10,1,False,Autumn,Gilgit,Gilgit-Baltistan,35.9208,74.3089,1470.0,10.209,22.859001,15.248584,0.0,1.7617546,37.42892,859.28156,-0.64099973,27.833334,,12.650002,False,False,No Rain,Calm
2024-09-10 00:00:00+05:00,2024,9,10,1,False,Autumn,Gilgit,Gilgit-Baltistan,35.9208,74.3089,1470.0,10.159,22.659,15.644417,0.0,2.0980747,41.283512,858.4485,1.1360837,23.291666,,12.5,False,False,No Rain,Calm
